date,time,home_team,away_team,home_goals_full_time,away_goals_full_time,full_time_result,home_goals_half_time,away_goals_half_time,half_time_result,home_shots,away_shots,home_shots_on_target,away_shots_on_target,home_fouls,away_fouls,home_corners,away_corners,home_yellow_cards,away_yellow_cards,home_red_cards,away_red_cards
27/08/2011,NaN,Granada,Betis,0,1,A,0,0,D,11,18,2,3,12,16,8,5,2,2,0,0
27/08/2011,NaN,Sp Gijon,Sociedad,1,2,A,0,1,A,17,6,4,2,14,11,9,2,2,1,1,1
27/08/2011,NaN,Valencia,Santander,4,3,H,1,2,A,26,4,11,3,14,11,10,3,3,3,0,0
28/08/2011,NaN,Ath Bilbao,Vallecano,1,1,D,0,0,D,10,13,4,6,17,19,9,4,1,3,0,0
28/08/2011,NaN,Ath Madrid,Osasuna,0,0,D,0,0,D,28,16,8,2,9,8,12,5,1,0,0,0
28/08/2011,NaN,Getafe,Levante,1,1,D,0,0,D,8,9,2,1,15,6,1,4,5,3,0,0
28/08/2011,NaN,Mallorca,Espanol,1,0,H,0,0,D,11,9,4,3,21,15,5,4,2,3,0,0
28/08/2011,NaN,Sevilla,Malaga,2,1,H,2,0,H,15,6,9,1,15,7,2,8,3,1,0,0
28/08/2011,NaN,Zaragoza,Real Madrid,0,6,A,0,2,A,8,39,1,16,16,16,7,9,2,1,0,0
29/08/2011,NaN,Barcelona,Villarreal,5,0,H,2,0,H,18,5,9,1,15,14,12,0,3,3,0,0
10/09/2011,NaN,Real Madrid,Getafe,4,2,H,1,1,D,26,10,10,6,9,13,4,6,3,3,0,0
10/09/2011,NaN,Sociedad,Barcelona,2,2,D,0,2,A,10,13,4,6,10,17,5,4,2,1,0,0
10/09/2011,NaN,Valencia,Ath Madrid,1,0,H,0,0,D,12,12,6,2,15,18,3,7,1,2,0,0
10/09/2011,NaN,Villarreal,Sevilla,2,2,D,1,1,D,11,10,5,5,15,14,2,1,2,4,1,0
11/09/2011,NaN,Betis,Mallorca,1,0,H,0,0,D,24,9,7,2,9,17,7,5,2,4,0,0
11/09/2011,NaN,Espanol,Ath Bilbao,2,1,H,1,0,H,10,17,6,7,17,21,2,3,2,1,0,0
11/09/2011,NaN,Osasuna,Sp Gijon,2,1,H,2,0,H,21,10,7,2,22,16,6,8,2,3,0,0
11/09/2011,NaN,Santander,Levante,0,0,D,0,0,D,8,11,1,2,14,20,3,4,2,2,1,0
11/09/2011,NaN,Vallecano,Zaragoza,0,0,D,0,0,D,20,7,5,1,19,14,3,1,4,4,0,0
12/09/2011,NaN,Malaga,Granada,4,0,H,2,0,H,20,12,9,4,12,11,4,3,1,2,0,0
17/09/2011,NaN,Barcelona,Osasuna,8,0,H,5,0,H,18,7,14,1,8,15,8,3,1,5,0,0
17/09/2011,NaN,Granada,Villarreal,1,0,H,0,0,D,8,14,2,4,17,11,0,7,7,2,0,0
17/09/2011,NaN,Mallorca,Malaga,0,1,A,0,1,A,6,8,1,4,21,12,4,8,2,1,0,0
17/09/2011,NaN,Sevilla,Sociedad,1,0,H,0,0,D,15,11,5,1,20,9,8,1,3,2,0,0
17/09/2011,NaN,Sp Gijon,Valencia,0,1,A,0,1,A,15,11,4,5,13,19,6,6,1,5,0,0
18/09/2011,NaN,Ath Bilbao,Betis,2,3,A,1,3,A,18,18,9,6,14,19,10,1,3,4,1,1
18/09/2011,NaN,Ath Madrid,Santander,4,0,H,2,0,H,17,4,7,0,17,17,5,4,3,2,0,0
18/09/2011,NaN,Getafe,Vallecano,0,1,A,0,1,A,7,9,2,4,20,14,5,8,3,5,0,0
18/09/2011,NaN,Levante,Real Madrid,1,0,H,0,0,D,11,14,4,3,20,16,3,6,7,3,0,1
18/09/2011,NaN,Zaragoza,Espanol,2,1,H,1,0,H,12,14,5,4,23,12,3,4,2,4,0,1
20/09/2011,NaN,Osasuna,Sevilla,0,0,D,0,0,D,15,11,8,5,18,15,5,3,3,2,0,0
20/09/2011,NaN,Sociedad,Granada,1,0,H,0,0,D,14,15,4,4,16,16,5,4,5,2,0,0
20/09/2011,NaN,Villarreal,Mallorca,2,0,H,1,0,H,13,9,9,3,9,14,3,2,0,3,0,0
21/09/2011,NaN,Ath Madrid,Sp Gijon,4,0,H,1,0,H,19,3,11,1,18,18,11,2,2,4,0,0
21/09/2011,NaN,Malaga,Ath Bilbao,1,0,H,0,0,D,13,8,4,3,16,20,6,6,1,2,0,0
21/09/2011,NaN,Santander,Real Madrid,0,0,D,0,0,D,5,16,2,2,20,19,2,10,6,3,0,0
21/09/2011,NaN,Valencia,Barcelona,2,2,D,2,1,H,9,10,1,7,14,5,4,3,4,1,1,0
21/09/2011,NaN,Vallecano,Levante,1,2,A,0,2,A,14,9,7,5,15,12,7,5,2,1,1,0
22/09/2011,NaN,Betis,Zaragoza,4,3,H,2,1,H,9,21,6,8,8,16,2,10,0,2,1,0
22/09/2011,NaN,Espanol,Getafe,1,0,H,0,0,D,16,9,6,0,25,16,10,0,5,1,0,0
24/09/2011,NaN,Ath Bilbao,Villarreal,1,1,D,1,0,H,10,15,6,3,22,17,8,4,3,1,1,0
24/09/2011,NaN,Barcelona,Ath Madrid,5,0,H,3,0,H,18,6,8,2,17,18,8,1,1,1,0,0
24/09/2011,NaN,Real Madrid,Vallecano,6,2,H,2,1,H,18,16,11,6,7,18,7,6,0,4,1,0
24/09/2011,NaN,Sevilla,Valencia,1,0,H,1,0,H,12,14,6,6,15,13,4,8,2,3,2,1
25/09/2011,NaN,Granada,Osasuna,1,1,D,0,1,A,10,20,2,6,20,12,4,6,3,3,0,0
25/09/2011,NaN,Levante,Espanol,3,1,H,1,0,H,12,18,5,6,11,14,7,8,1,4,0,2
25/09/2011,NaN,Mallorca,Sociedad,2,1,H,1,1,D,16,16,4,5,14,8,6,1,2,0,0,0
25/09/2011,NaN,Sp Gijon,Santander,0,0,D,0,0,D,16,8,1,3,15,15,3,5,2,4,0,0
25/09/2011,NaN,Zaragoza,Malaga,0,0,D,0,0,D,8,9,4,4,19,10,3,7,1,1,0,0
26/09/2011,NaN,Getafe,Betis,1,0,H,1,0,H,12,9,5,3,13,22,2,4,5,3,0,0
01/10/2011,NaN,Malaga,Getafe,3,2,H,0,0,D,19,6,8,2,11,22,5,1,2,6,0,1
01/10/2011,NaN,Osasuna,Mallorca,2,2,D,1,1,D,10,14,6,6,11,16,7,1,2,4,0,1
01/10/2011,NaN,Santander,Vallecano,1,1,D,0,1,A,7,9,4,5,11,17,3,4,1,4,0,0
01/10/2011,NaN,Valencia,Granada,1,0,H,1,0,H,23,14,11,5,14,1,10,4,2,0,0,0
01/10/2011,NaN,Villarreal,Zaragoza,2,2,D,1,2,A,25,16,12,9,3,23,13,4,1,3,0,1
02/10/2011,NaN,Ath Madrid,Sevilla,0,0,D,0,0,D,15,8,4,5,20,17,7,5,5,6,0,0
02/10/2011,NaN,Betis,Levante,0,1,A,0,1,A,20,8,4,3,13,11,11,2,2,4,0,0
02/10/2011,NaN,Espanol,Real Madrid,0,4,A,0,1,A,15,16,3,7,25,6,9,5,4,1,0,0
02/10/2011,NaN,Sociedad,Ath Bilbao,1,2,A,0,1,A,15,16,4,7,15,16,5,6,1,4,0,0
02/10/2011,NaN,Sp Gijon,Barcelona,0,1,A,0,1,A,4,14,1,4,19,7,4,5,2,2,0,0
15/10/2011,NaN,Barcelona,Santander,3,0,H,2,0,H,19,3,6,2,5,17,6,0,0,2,0,0
15/10/2011,NaN,Getafe,Villarreal,0,0,D,0,0,D,8,14,3,4,18,14,6,2,4,5,0,0
15/10/2011,NaN,Granada,Ath Madrid,0,0,D,0,0,D,18,20,3,8,13,17,10,8,3,5,0,0
15/10/2011,NaN,Mallorca,Valencia,1,1,D,0,1,A,11,10,1,3,13,19,10,6,3,4,0,0
15/10/2011,NaN,Real Madrid,Betis,4,1,H,0,0,D,22,10,10,3,14,15,2,0,1,3,0,0
16/10/2011,NaN,Levante,Malaga,3,0,H,3,0,H,14,7,4,3,19,12,4,4,3,0,0,1
16/10/2011,NaN,Sevilla,Sp Gijon,2,1,H,1,0,H,20,15,4,6,14,20,5,7,4,2,0,0
16/10/2011,NaN,Vallecano,Espanol,0,1,A,0,0,D,6,10,1,4,12,14,6,8,3,3,0,0
16/10/2011,NaN,Zaragoza,Sociedad,2,0,H,1,0,H,8,13,4,2,13,9,2,6,3,3,0,0
17/10/2011,NaN,Ath Bilbao,Osasuna,3,1,H,3,0,H,13,11,6,6,15,12,11,3,2,1,0,1
22/10/2011,NaN,Barcelona,Sevilla,0,0,D,0,0,D,21,6,6,3,9,8,13,3,2,8,0,2
22/10/2011,NaN,Malaga,Real Madrid,0,4,A,0,4,A,21,12,6,7,7,13,6,1,1,0,0,0
22/10/2011,NaN,Santander,Espanol,0,1,A,0,0,D,20,14,5,4,13,17,7,3,1,4,0,0
22/10/2011,NaN,Sp Gijon,Granada,2,0,H,2,0,H,16,19,5,5,15,11,5,5,2,1,0,0
23/10/2011,NaN,Ath Madrid,Mallorca,1,1,D,1,1,D,20,6,4,3,11,21,15,0,2,6,0,0
23/10/2011,NaN,Betis,Vallecano,0,2,A,0,0,D,18,12,4,5,17,18,12,7,2,3,0,0
23/10/2011,NaN,Osasuna,Zaragoza,3,0,H,3,0,H,16,6,7,2,17,24,5,1,2,6,0,0
23/10/2011,NaN,Sociedad,Getafe,0,0,D,0,0,D,12,12,2,2,11,11,10,5,2,1,0,0
23/10/2011,NaN,Valencia,Ath Bilbao,1,1,D,0,0,D,22,6,3,3,20,20,9,4,3,4,0,0
23/10/2011,NaN,Villarreal,Levante,0,3,A,0,2,A,15,9,5,3,7,8,4,4,2,1,0,0
25/10/2011,NaN,Granada,Barcelona,0,1,A,0,1,A,2,17,0,7,14,9,2,10,3,4,2,0
25/10/2011,NaN,Sevilla,Santander,2,2,D,1,0,H,22,9,11,5,8,19,14,0,1,3,0,0
26/10/2011,NaN,Getafe,Osasuna,2,2,D,0,1,A,13,6,4,3,12,19,4,3,2,3,0,0
26/10/2011,NaN,Levante,Sociedad,3,2,H,0,1,A,10,19,4,5,12,16,6,6,3,1,1,0
26/10/2011,NaN,Mallorca,Sp Gijon,1,2,A,1,0,H,17,12,5,2,15,12,6,5,4,4,0,0
26/10/2011,NaN,Real Madrid,Villarreal,3,0,H,3,0,H,13,4,6,3,15,12,4,5,2,3,0,0
26/10/2011,NaN,Vallecano,Malaga,2,0,H,1,0,H,15,5,6,0,13,10,6,4,2,3,0,1
26/10/2011,NaN,Zaragoza,Valencia,0,1,A,0,0,D,8,15,0,4,20,16,1,9,3,4,0,0
27/10/2011,NaN,Ath Bilbao,Ath Madrid,3,0,H,0,0,D,14,11,4,4,9,21,10,8,3,5,0,0
27/10/2011,NaN,Espanol,Betis,1,0,H,0,0,D,17,9,5,5,9,10,5,8,5,2,0,0
29/10/2011,NaN,Barcelona,Mallorca,5,0,H,3,0,H,18,2,10,0,11,16,9,1,1,2,0,0
29/10/2011,NaN,Sociedad,Real Madrid,0,1,A,0,1,A,5,12,3,6,18,18,3,5,5,2,0,0
29/10/2011,NaN,Valencia,Getafe,3,1,H,2,1,H,13,9,5,3,20,13,5,3,2,2,0,0
29/10/2011,NaN,Villarreal,Vallecano,2,0,H,1,0,H,11,9,5,1,14,11,5,2,3,5,0,0
30/10/2011,NaN,Ath Madrid,Zaragoza,3,1,H,2,0,H,18,12,7,4,18,12,5,4,3,3,0,0
30/10/2011,NaN,Malaga,Espanol,2,1,H,1,1,D,19,7,8,3,12,21,9,3,0,5,0,0
30/10/2011,NaN,Osasuna,Levante,2,0,H,2,0,H,13,14,5,1,13,13,5,5,1,3,1,0
30/10/2011,NaN,Santander,Betis,1,0,H,0,0,D,6,22,2,5,21,12,8,7,4,1,0,0
30/10/2011,NaN,Sp Gijon,Ath Bilbao,1,1,D,0,0,D,11,7,4,3,9,21,2,5,1,3,0,0
31/10/2011,NaN,Sevilla,Granada,1,2,A,1,0,H,31,15,13,4,7,12,4,7,1,1,0,0
05/11/2011,NaN,Betis,Malaga,0,0,D,0,0,D,10,9,0,4,16,19,2,7,2,1,0,0
05/11/2011,NaN,Levante,Valencia,0,2,A,0,1,A,13,8,3,3,13,19,9,5,6,3,0,0
05/11/2011,NaN,Mallorca,Sevilla,0,0,D,0,0,D,15,11,5,1,20,6,9,8,5,2,0,0
06/11/2011,NaN,Ath Bilbao,Barcelona,2,2,D,1,1,D,4,16,4,9,26,12,3,5,3,1,1,0
06/11/2011,NaN,Espanol,Villarreal,0,0,D,0,0,D,19,10,2,1,14,9,7,2,1,3,1,0
06/11/2011,NaN,Getafe,Ath Madrid,3,2,H,1,1,D,14,11,5,6,17,19,4,5,5,6,1,0
06/11/2011,NaN,Granada,Santander,0,0,D,0,0,D,16,14,3,2,13,20,5,5,4,5,0,1
06/11/2011,NaN,Real Madrid,Osasuna,7,1,H,3,1,H,18,4,11,2,9,13,6,1,0,1,0,1
06/11/2011,NaN,Vallecano,Sociedad,4,0,H,1,0,H,13,10,9,3,24,9,5,2,1,1,0,1
06/11/2011,NaN,Zaragoza,Sp Gijon,2,2,D,1,2,A,13,7,7,2,15,17,5,3,4,2,0,0
19/11/2011,NaN,Barcelona,Zaragoza,4,0,H,2,0,H,27,4,11,0,20,17,6,1,2,3,0,0
19/11/2011,NaN,Valencia,Real Madrid,2,3,A,0,1,A,14,11,5,4,22,19,5,2,3,7,0,0
19/11/2011,NaN,Villarreal,Betis,1,0,H,1,0,H,11,14,5,4,17,24,3,5,5,2,0,0
20/11/2011,NaN,Ath Madrid,Levante,3,2,H,0,0,D,26,9,13,5,18,9,7,2,4,2,0,0
20/11/2011,NaN,Osasuna,Vallecano,0,0,D,0,0,D,10,9,5,2,17,14,6,5,3,5,0,0
20/11/2011,NaN,Sevilla,Ath Bilbao,1,2,A,1,1,D,8,14,5,5,13,9,1,6,2,2,0,0
20/11/2011,NaN,Sociedad,Espanol,0,0,D,0,0,D,12,19,1,5,15,10,7,6,4,1,0,0
20/11/2011,NaN,Sp Gijon,Getafe,2,1,H,1,1,D,19,9,8,1,12,22,8,1,3,8,0,1
21/11/2011,NaN,Santander,Malaga,1,3,A,0,0,D,11,19,4,7,16,8,5,8,3,2,0,0
26/11/2011,NaN,Getafe,Barcelona,1,0,H,0,0,D,7,21,1,7,16,6,2,13,4,2,0,0
26/11/2011,NaN,Real Madrid,Ath Madrid,4,1,H,1,1,D,16,4,7,1,8,25,2,2,1,5,0,2
26/11/2011,NaN,Vallecano,Valencia,1,2,A,0,1,A,12,10,3,3,14,16,9,3,2,4,0,0
27/11/2011,NaN,Ath Bilbao,Granada,0,1,A,0,1,A,18,13,4,5,11,15,8,3,2,4,0,0
27/11/2011,NaN,Betis,Sociedad,2,3,A,0,0,D,20,11,5,7,20,8,7,4,3,3,0,0
27/11/2011,NaN,Espanol,Osasuna,1,2,A,0,1,A,8,6,3,3,14,14,7,1,4,4,0,1
27/11/2011,NaN,Levante,Sp Gijon,4,0,H,1,0,H,10,17,6,3,16,10,8,6,3,2,0,0
27/11/2011,NaN,Mallorca,Santander,2,1,H,1,0,H,12,13,6,4,27,20,5,9,3,2,1,0
27/11/2011,NaN,Zaragoza,Sevilla,0,1,A,0,1,A,13,14,2,7,20,15,11,8,5,2,1,0
28/11/2011,NaN,Malaga,Villarreal,2,1,H,2,1,H,10,12,5,8,9,18,5,3,2,3,1,0
29/11/2011,NaN,Barcelona,Vallecano,4,0,H,3,0,H,12,10,6,4,9,16,5,2,2,3,0,0
03/12/2011,NaN,Barcelona,Levante,5,0,H,3,0,H,18,6,9,3,12,10,10,4,2,3,0,0
03/12/2011,NaN,Santander,Villarreal,1,0,H,1,0,H,8,6,1,2,24,18,4,3,2,3,0,0
03/12/2011,NaN,Sp Gijon,Real Madrid,0,3,A,0,1,A,10,20,5,7,18,12,2,8,4,3,1,0
03/12/2011,NaN,Valencia,Espanol,2,1,H,1,0,H,8,9,5,4,25,6,9,4,6,5,0,0
04/12/2011,NaN,Ath Madrid,Vallecano,3,1,H,1,0,H,21,14,8,4,16,18,1,3,1,3,0,0
04/12/2011,NaN,Granada,Zaragoza,1,0,H,1,0,H,11,18,5,5,8,16,5,6,2,2,0,0
04/12/2011,NaN,Mallorca,Ath Bilbao,1,1,D,1,1,D,12,7,4,4,30,12,8,5,7,5,0,0
04/12/2011,NaN,Osasuna,Betis,2,1,H,1,0,H,8,15,3,8,9,5,5,12,3,2,0,0
04/12/2011,NaN,Sociedad,Malaga,3,2,H,1,1,D,13,11,4,6,12,10,5,4,2,3,0,0
05/12/2011,NaN,Sevilla,Getafe,3,0,H,1,0,H,15,6,7,1,10,17,9,3,2,4,0,0
07/12/2011,NaN,Granada,Mallorca,2,2,D,0,1,A,13,11,6,4,10,23,3,5,4,3,0,0
10/12/2011,NaN,Betis,Valencia,2,1,H,0,0,D,18,7,4,2,11,16,13,5,3,3,0,0
10/12/2011,NaN,Levante,Sevilla,1,0,H,0,0,D,7,15,3,6,14,18,4,2,2,4,0,0
10/12/2011,NaN,Real Madrid,Barcelona,1,3,A,1,1,D,17,12,5,7,22,13,3,5,4,3,0,0
11/12/2011,NaN,Ath Bilbao,Santander,1,1,D,0,0,D,16,6,2,2,13,23,10,1,2,4,0,0
11/12/2011,NaN,Espanol,Ath Madrid,4,2,H,3,1,H,18,9,11,4,18,18,7,3,3,4,0,0
11/12/2011,NaN,Getafe,Granada,1,0,H,0,0,D,19,7,7,2,12,9,5,3,4,2,0,0
11/12/2011,NaN,Malaga,Osasuna,1,1,D,0,1,A,19,7,5,1,8,13,9,1,1,1,0,0
11/12/2011,NaN,Vallecano,Sp Gijon,1,3,A,0,2,A,19,13,7,7,9,14,9,7,2,2,0,0
11/12/2011,NaN,Villarreal,Sociedad,1,1,D,0,0,D,19,8,7,2,16,15,9,3,2,2,0,1
11/12/2011,NaN,Zaragoza,Mallorca,0,1,A,0,1,A,7,14,3,6,16,13,4,4,2,1,0,0
17/12/2011,NaN,Ath Bilbao,Zaragoza,2,1,H,1,1,D,11,6,5,2,10,23,11,4,1,4,1,1
17/12/2011,NaN,Mallorca,Getafe,1,2,A,1,2,A,12,6,4,2,22,15,9,3,5,4,0,0
17/12/2011,NaN,Sevilla,Real Madrid,2,6,A,0,3,A,19,17,6,10,12,10,9,1,3,3,1,1
17/12/2011,NaN,Sp Gijon,Espanol,1,2,A,0,1,A,12,22,6,9,15,16,6,4,0,2,0,0
18/12/2011,NaN,Ath Madrid,Betis,0,2,A,0,0,D,31,6,9,4,10,15,14,4,3,3,0,1
18/12/2011,NaN,Granada,Levante,2,1,H,2,0,H,17,13,6,4,10,9,4,6,1,5,0,0
18/12/2011,NaN,Osasuna,Villarreal,2,1,H,0,0,D,19,9,6,4,22,14,7,3,2,2,0,0
18/12/2011,NaN,Santander,Sociedad,0,0,D,0,0,D,11,9,4,4,15,12,8,3,5,2,0,1
18/12/2011,NaN,Valencia,Malaga,2,0,H,1,0,H,13,18,6,6,21,9,1,5,4,2,0,0
07/01/2012,NaN,Levante,Mallorca,0,0,D,0,0,D,8,11,2,4,16,23,4,6,2,3,0,0
07/01/2012,NaN,Malaga,Ath Madrid,0,0,D,0,0,D,11,10,2,3,15,26,5,6,3,5,0,0
07/01/2012,NaN,Real Madrid,Granada,5,1,H,2,1,H,35,12,12,4,13,9,10,8,1,1,0,0
07/01/2012,NaN,Santander,Zaragoza,1,0,H,1,0,H,14,8,4,1,16,19,7,1,2,3,0,0
07/01/2012,NaN,Sociedad,Osasuna,0,0,D,0,0,D,20,9,6,1,10,18,12,5,0,2,0,0
08/01/2012,NaN,Betis,Sp Gijon,2,0,H,1,0,H,19,11,8,5,14,14,5,3,1,2,0,2
08/01/2012,NaN,Espanol,Barcelona,1,1,D,0,1,A,14,10,4,3,16,7,4,4,6,1,0,0
08/01/2012,NaN,Getafe,Ath Bilbao,0,0,D,0,0,D,16,11,2,2,15,12,9,3,3,1,0,0
08/01/2012,NaN,Vallecano,Sevilla,2,1,H,1,0,H,11,17,4,3,20,17,4,10,4,4,0,0
08/01/2012,NaN,Villarreal,Valencia,2,2,D,2,1,H,13,13,7,3,17,15,5,6,5,4,0,0
14/01/2012,NaN,Granada,Vallecano,1,2,A,0,1,A,15,12,6,4,14,12,11,3,5,3,1,0
14/01/2012,NaN,Mallorca,Real Madrid,1,2,A,1,0,H,8,14,1,9,23,7,4,5,4,1,0,0
14/01/2012,NaN,Sevilla,Espanol,0,0,D,0,0,D,19,8,3,1,13,16,6,4,1,4,0,0
14/01/2012,NaN,Valencia,Sociedad,0,1,A,0,0,D,12,7,3,2,7,10,5,0,1,0,0,0
14/01/2012,NaN,Zaragoza,Getafe,1,1,D,1,0,H,15,9,4,5,10,10,10,10,3,2,0,0
15/01/2012,NaN,Ath Bilbao,Levante,3,0,H,2,0,H,17,16,9,4,12,9,4,8,2,4,0,1
15/01/2012,NaN,Ath Madrid,Villarreal,3,0,H,1,0,H,20,3,9,0,13,8,11,2,3,1,0,0
15/01/2012,NaN,Barcelona,Betis,4,2,H,2,1,H,16,10,9,5,13,15,5,3,3,4,0,1
15/01/2012,NaN,Osasuna,Santander,0,2,A,0,1,A,8,13,2,5,20,12,8,5,5,3,0,0
15/01/2012,NaN,Sp Gijon,Malaga,2,1,H,1,0,H,11,10,7,4,24,8,2,8,5,3,0,0
21/01/2012,NaN,Betis,Sevilla,1,1,D,1,1,D,16,15,2,5,12,13,8,10,5,0,0,1
21/01/2012,NaN,Espanol,Granada,3,0,H,2,0,H,16,14,8,6,11,12,10,5,1,3,0,0
21/01/2012,NaN,Santander,Getafe,1,2,A,1,1,D,18,15,8,5,11,13,6,5,1,2,0,0
21/01/2012,NaN,Sociedad,Ath Madrid,0,4,A,0,1,A,16,15,1,9,8,24,5,3,4,7,0,0
22/01/2012,NaN,Levante,Zaragoza,0,0,D,0,0,D,6,7,0,3,15,15,6,3,0,0,0,0
22/01/2012,NaN,Malaga,Barcelona,1,4,A,0,1,A,9,16,6,11,12,13,3,2,1,0,0,0
22/01/2012,NaN,Osasuna,Valencia,1,1,D,0,0,D,12,9,5,1,20,19,3,6,3,3,0,1
22/01/2012,NaN,Real Madrid,Ath Bilbao,4,1,H,1,1,D,23,13,10,2,13,9,4,6,3,2,0,1
22/01/2012,NaN,Vallecano,Mallorca,0,1,A,0,0,D,12,16,4,2,9,17,7,7,1,5,0,0
23/01/2012,NaN,Villarreal,Sp Gijon,3,0,H,0,0,D,14,8,8,1,15,14,7,3,1,3,0,0
28/01/2012,NaN,Espanol,Mallorca,1,0,H,1,0,H,12,14,6,5,17,11,3,6,5,2,0,1
28/01/2012,NaN,Real Madrid,Zaragoza,3,1,H,1,1,D,18,10,6,3,9,12,3,4,1,2,0,0
28/01/2012,NaN,Vallecano,Ath Bilbao,2,3,A,2,2,D,19,12,10,4,18,14,6,5,2,4,0,0
28/01/2012,NaN,Villarreal,Barcelona,0,0,D,0,0,D,5,8,2,2,18,12,1,4,3,0,0,0
29/01/2012,NaN,Betis,Granada,1,2,A,0,2,A,16,12,6,5,9,11,12,6,3,6,0,0
29/01/2012,NaN,Levante,Getafe,1,2,A,0,1,A,18,10,5,6,11,19,10,3,1,2,0,1
29/01/2012,NaN,Malaga,Sevilla,2,1,H,2,1,H,9,9,5,3,14,20,6,3,4,7,1,0
29/01/2012,NaN,Santander,Valencia,2,2,D,1,0,H,11,11,5,4,16,16,5,8,5,5,1,1
29/01/2012,NaN,Sociedad,Sp Gijon,5,1,H,2,0,H,14,11,9,2,9,16,5,3,0,4,0,0
30/01/2012,NaN,Osasuna,Ath Madrid,0,1,A,0,1,A,17,9,7,4,22,17,7,7,3,3,0,0
04/02/2012,NaN,Ath Bilbao,Espanol,3,3,D,1,1,D,20,16,7,6,14,10,13,4,5,3,0,0
04/02/2012,NaN,Barcelona,Sociedad,2,1,H,1,0,H,18,8,9,5,10,15,6,3,0,2,0,0
04/02/2012,NaN,Getafe,Real Madrid,0,1,A,0,1,A,5,14,0,5,15,15,3,8,6,0,0,0
04/02/2012,NaN,Levante,Santander,1,1,D,1,0,H,14,15,6,5,13,8,8,7,2,1,0,0
04/02/2012,NaN,Mallorca,Betis,1,0,H,1,0,H,11,6,4,0,21,8,4,3,2,1,2,1
05/02/2012,NaN,Ath Madrid,Valencia,0,0,D,0,0,D,9,7,3,1,25,21,4,4,2,3,0,0
05/02/2012,NaN,Sevilla,Villarreal,1,2,A,1,1,D,20,16,8,8,13,15,10,4,2,4,0,1
05/02/2012,NaN,Sp Gijon,Osasuna,1,1,D,1,0,H,11,13,5,5,15,18,6,2,2,2,0,0
05/02/2012,NaN,Zaragoza,Vallecano,1,2,A,1,0,H,10,9,3,4,15,13,5,11,6,3,0,0
06/02/2012,NaN,Granada,Malaga,2,1,H,0,0,D,16,9,8,4,13,13,7,6,4,1,0,1
11/02/2012,NaN,Betis,Ath Bilbao,2,1,H,1,1,D,25,9,5,4,24,10,13,10,5,1,0,1
11/02/2012,NaN,Osasuna,Barcelona,3,2,H,2,0,H,7,20,3,8,23,7,3,12,2,6,0,0
11/02/2012,NaN,Santander,Ath Madrid,0,0,D,0,0,D,6,23,1,9,18,25,4,9,4,4,0,0
12/02/2012,NaN,Espanol,Zaragoza,0,2,A,0,0,D,14,10,4,7,17,24,6,8,2,5,0,0
12/02/2012,NaN,Malaga,Mallorca,3,1,H,1,1,D,17,8,8,3,8,15,2,3,2,2,0,0
12/02/2012,NaN,Real Madrid,Levante,4,2,H,1,1,D,26,5,9,3,16,9,14,1,3,2,0,1
12/02/2012,NaN,Valencia,Sp Gijon,4,0,H,1,0,H,22,5,8,1,19,15,5,5,1,1,0,0
12/02/2012,NaN,Vallecano,Getafe,2,0,H,1,0,H,13,5,7,0,19,23,4,3,5,3,0,1
12/02/2012,NaN,Villarreal,Granada,3,1,H,1,0,H,12,14,7,4,15,12,6,5,2,2,0,1
13/02/2012,NaN,Sociedad,Sevilla,2,0,H,0,0,D,12,13,6,1,17,16,3,6,1,2,0,0
18/02/2012,NaN,Getafe,Espanol,1,1,D,0,0,D,19,11,8,3,12,14,12,2,2,3,0,1
18/02/2012,NaN,Real Madrid,Santander,4,0,H,2,0,H,23,8,9,0,16,9,6,4,3,1,0,1
18/02/2012,NaN,Sevilla,Osasuna,2,0,H,1,0,H,17,11,7,3,10,16,6,5,3,3,0,0
19/02/2012,NaN,Ath Bilbao,Malaga,3,0,H,0,0,D,13,19,4,7,19,13,11,7,4,1,0,0
19/02/2012,NaN,Barcelona,Valencia,5,1,H,2,1,H,32,3,15,3,6,15,11,1,0,3,0,0
19/02/2012,NaN,Granada,Sociedad,4,1,H,1,1,D,20,8,8,1,16,16,5,3,2,4,1,1
19/02/2012,NaN,Levante,Vallecano,3,5,A,0,1,A,19,12,8,6,11,15,11,3,5,3,0,0
19/02/2012,NaN,Mallorca,Villarreal,4,0,H,1,0,H,14,9,8,3,17,17,5,4,4,2,0,0
19/02/2012,NaN,Sp Gijon,Ath Madrid,1,1,D,1,1,D,10,16,3,9,20,20,5,8,5,2,0,0
20/02/2012,NaN,Zaragoza,Betis,0,2,A,0,1,A,13,10,4,6,16,14,8,3,3,4,0,0
25/02/2012,NaN,Betis,Getafe,1,1,D,0,0,D,13,7,4,3,18,9,8,7,2,7,0,0
25/02/2012,NaN,Espanol,Levante,1,2,A,0,1,A,10,5,1,4,13,18,4,4,2,5,0,0
25/02/2012,NaN,Malaga,Zaragoza,5,1,H,1,1,D,18,14,9,3,12,25,9,1,1,3,0,0
25/02/2012,NaN,Santander,Sp Gijon,1,1,D,0,1,A,19,15,7,5,17,18,11,4,1,3,0,0
26/02/2012,NaN,Ath Madrid,Barcelona,1,2,A,0,1,A,10,7,5,3,22,12,6,2,7,5,0,0
26/02/2012,NaN,Osasuna,Granada,2,1,H,2,1,H,15,16,4,7,19,11,5,5,3,4,1,0
26/02/2012,NaN,Sociedad,Mallorca,1,0,H,0,0,D,13,12,1,3,8,14,5,8,2,4,0,0
26/02/2012,NaN,Valencia,Sevilla,1,2,A,1,1,D,10,11,5,4,22,15,8,4,3,2,0,0
26/02/2012,NaN,Vallecano,Real Madrid,0,1,A,0,0,D,7,9,1,3,17,16,12,5,3,6,1,0
26/02/2012,NaN,Villarreal,Ath Bilbao,2,2,D,1,0,H,21,13,8,6,22,18,5,7,1,4,0,0
03/03/2012,NaN,Barcelona,Sp Gijon,3,1,H,1,0,H,15,4,5,1,11,23,13,1,4,7,1,0
03/03/2012,NaN,Getafe,Malaga,1,3,A,1,0,H,17,9,6,7,16,20,2,2,3,4,0,0
03/03/2012,NaN,Mallorca,Osasuna,1,1,D,0,1,A,14,9,2,2,15,13,8,8,2,3,0,0
03/03/2012,NaN,Sevilla,Ath Madrid,1,1,D,0,1,A,20,9,5,6,14,21,1,6,2,5,0,0
03/03/2012,NaN,Vallecano,Santander,4,2,H,1,2,A,22,9,13,3,15,13,4,3,4,4,0,1
04/03/2012,NaN,Ath Bilbao,Sociedad,2,0,H,1,0,H,14,16,7,4,13,12,7,10,4,6,0,0
04/03/2012,NaN,Granada,Valencia,0,1,A,0,1,A,8,5,3,2,11,22,6,1,4,9,0,0
04/03/2012,NaN,Real Madrid,Espanol,5,0,H,2,0,H,22,6,12,1,18,14,10,3,1,3,0,0
04/03/2012,NaN,Zaragoza,Villarreal,2,1,H,0,1,A,12,11,4,5,20,18,5,3,2,3,0,0
05/03/2012,NaN,Levante,Betis,3,1,H,2,1,H,7,16,4,5,20,7,2,7,5,3,0,0
10/03/2012,NaN,Betis,Real Madrid,2,3,A,1,1,D,14,20,6,10,13,15,3,5,1,3,0,0
10/03/2012,NaN,Malaga,Levante,1,0,H,0,0,D,24,10,4,3,11,16,11,2,4,2,0,0
10/03/2012,NaN,Sociedad,Zaragoza,3,0,H,3,0,H,13,7,7,2,14,15,4,2,2,1,0,1
10/03/2012,NaN,Sp Gijon,Sevilla,1,0,H,1,0,H,15,18,7,3,21,7,5,7,6,4,0,1
11/03/2012,NaN,Ath Madrid,Granada,2,0,H,1,0,H,14,10,3,3,16,10,9,4,2,2,0,1
11/03/2012,NaN,Espanol,Vallecano,5,1,H,4,0,H,17,13,10,6,26,23,3,6,4,2,0,0
11/03/2012,NaN,Osasuna,Ath Bilbao,2,1,H,2,0,H,17,17,6,4,17,22,8,7,2,7,0,0
11/03/2012,NaN,Santander,Barcelona,0,2,A,0,1,A,1,23,0,8,21,14,3,6,6,0,0,0
11/03/2012,NaN,Valencia,Mallorca,2,2,D,2,0,H,23,9,8,4,13,13,13,6,1,4,1,0
12/03/2012,NaN,Villarreal,Getafe,1,2,A,1,1,D,16,7,4,4,12,11,4,4,3,3,0,0
17/03/2012,NaN,Getafe,Sociedad,1,0,H,0,0,D,11,16,1,5,14,18,5,9,4,4,0,0
17/03/2012,NaN,Granada,Sp Gijon,2,1,H,2,0,H,13,8,4,2,15,11,5,3,0,1,1,0
17/03/2012,NaN,Sevilla,Barcelona,0,2,A,0,2,A,12,17,2,9,15,12,7,4,3,3,0,0
17/03/2012,NaN,Vallecano,Betis,3,0,H,0,0,D,13,7,7,2,19,25,7,3,2,2,0,0
17/03/2012,NaN,Zaragoza,Osasuna,1,1,D,0,0,D,17,9,3,3,18,15,4,4,5,2,0,0
18/03/2012,NaN,Ath Bilbao,Valencia,0,3,A,0,1,A,11,22,3,7,16,25,5,3,3,6,1,0
18/03/2012,NaN,Levante,Villarreal,1,0,H,0,0,D,11,6,4,1,14,18,10,3,3,4,0,1
18/03/2012,NaN,Mallorca,Ath Madrid,2,1,H,0,0,D,9,25,3,8,18,10,2,10,4,1,1,0
18/03/2012,NaN,Real Madrid,Malaga,1,1,D,1,0,H,18,5,6,2,21,9,5,3,2,1,0,0
19/03/2012,NaN,Espanol,Santander,3,1,H,2,1,H,15,8,7,3,15,21,6,2,4,2,0,1
20/03/2012,NaN,Barcelona,Granada,5,3,H,2,0,H,18,6,8,3,10,13,4,2,2,7,1,0
20/03/2012,NaN,Osasuna,Getafe,0,0,D,0,0,D,19,12,7,2,16,15,4,5,2,0,0,0
21/03/2012,NaN,Ath Madrid,Ath Bilbao,2,1,H,0,0,D,21,3,8,2,18,8,5,5,4,3,0,0
21/03/2012,NaN,Sociedad,Levante,1,3,A,1,2,A,9,10,3,6,10,19,7,3,2,6,1,0
21/03/2012,NaN,Sp Gijon,Mallorca,2,3,A,1,1,D,22,11,6,4,20,20,9,3,2,4,0,0
21/03/2012,NaN,Valencia,Zaragoza,1,2,A,1,1,D,28,6,10,2,9,10,9,0,3,4,0,2
21/03/2012,NaN,Villarreal,Real Madrid,1,1,D,0,0,D,10,22,2,8,23,17,5,8,5,5,0,2
22/03/2012,NaN,Betis,Espanol,1,1,D,0,0,D,9,12,2,4,15,17,3,4,1,2,0,0
22/03/2012,NaN,Malaga,Vallecano,4,2,H,1,1,D,15,11,6,7,9,14,7,4,3,4,0,0
22/03/2012,NaN,Santander,Sevilla,0,3,A,0,1,A,9,19,3,7,14,13,6,6,4,3,1,0
24/03/2012,NaN,Getafe,Valencia,3,1,H,3,1,H,9,10,4,4,20,15,1,9,3,6,0,0
24/03/2012,NaN,Mallorca,Barcelona,0,2,A,0,1,A,10,18,2,6,17,6,5,8,2,1,0,1
24/03/2012,NaN,Real Madrid,Sociedad,5,1,H,3,1,H,19,11,10,4,14,8,9,3,1,4,0,0
25/03/2012,NaN,Ath Bilbao,Sp Gijon,1,1,D,0,0,D,12,11,4,4,15,18,2,3,2,4,0,0
25/03/2012,NaN,Betis,Santander,1,1,D,1,0,H,18,11,7,5,12,20,3,9,3,5,0,0
25/03/2012,NaN,Espanol,Malaga,1,2,A,1,0,H,8,12,3,6,17,10,6,6,3,1,0,0
25/03/2012,NaN,Levante,Osasuna,0,2,A,0,1,A,20,12,7,6,12,14,5,6,2,2,0,0
25/03/2012,NaN,Vallecano,Villarreal,0,2,A,0,1,A,19,13,4,5,18,14,7,3,3,1,0,0
25/03/2012,NaN,Zaragoza,Ath Madrid,1,0,H,0,0,D,12,12,3,2,14,19,6,9,0,5,0,0
26/03/2012,NaN,Granada,Sevilla,0,3,A,0,1,A,20,21,4,10,10,15,12,1,4,4,0,0
31/03/2012,NaN,Barcelona,Ath Bilbao,2,0,H,1,0,H,20,4,14,1,11,14,10,4,1,3,0,0
31/03/2012,NaN,Malaga,Betis,0,2,A,0,2,A,20,7,6,2,9,21,8,1,1,4,0,0
31/03/2012,NaN,Osasuna,Real Madrid,1,5,A,0,3,A,13,13,1,7,17,14,3,4,2,1,1,0
31/03/2012,NaN,Santander,Granada,0,1,A,0,0,D,7,16,2,6,20,11,3,5,4,2,0,0
31/03/2012,NaN,Sp Gijon,Zaragoza,1,2,A,0,1,A,14,11,6,5,20,30,7,6,3,7,0,0
01/04/2012,NaN,Ath Madrid,Getafe,3,0,H,1,0,H,8,10,4,3,25,10,7,3,1,2,0,0
01/04/2012,NaN,Sociedad,Vallecano,4,0,H,2,0,H,15,9,8,1,16,18,3,5,1,3,0,0
01/04/2012,NaN,Valencia,Levante,1,1,D,1,0,H,12,9,4,2,15,12,5,2,4,3,0,0
01/04/2012,NaN,Villarreal,Espanol,0,0,D,0,0,D,9,8,3,2,12,17,3,1,1,3,0,0
02/04/2012,NaN,Sevilla,Mallorca,3,1,H,0,0,D,15,8,6,3,10,16,8,4,4,2,0,0
07/04/2012,NaN,Betis,Villarreal,3,1,H,2,0,H,16,11,8,3,16,14,4,9,3,1,0,1
07/04/2012,NaN,Espanol,Sociedad,2,2,D,1,2,A,27,11,12,4,14,17,13,2,5,3,0,1
07/04/2012,NaN,Getafe,Sp Gijon,2,0,H,1,0,H,10,14,4,3,27,18,4,5,4,4,0,0
07/04/2012,NaN,Vallecano,Osasuna,6,0,H,4,0,H,19,10,12,3,15,13,5,7,1,4,0,0
07/04/2012,NaN,Zaragoza,Barcelona,1,4,A,1,2,A,14,14,5,7,22,13,2,9,4,5,1,0
08/04/2012,NaN,Ath Bilbao,Sevilla,1,0,H,0,0,D,18,17,6,3,14,12,4,3,4,4,0,0
08/04/2012,NaN,Levante,Ath Madrid,2,0,H,2,0,H,8,18,4,6,11,13,2,7,4,5,0,1
08/04/2012,NaN,Mallorca,Granada,0,0,D,0,0,D,13,19,3,7,21,8,11,7,4,1,0,0
08/04/2012,NaN,Real Madrid,Valencia,0,0,D,0,0,D,33,17,10,4,12,16,11,5,3,3,0,0
09/04/2012,NaN,Malaga,Santander,3,0,H,1,0,H,30,1,13,0,12,13,12,0,3,2,0,1
10/04/2012,NaN,Barcelona,Getafe,4,0,H,2,0,H,14,2,7,0,9,10,13,5,1,1,0,0
10/04/2012,NaN,Osasuna,Espanol,2,0,H,0,0,D,14,4,4,0,13,17,4,3,3,4,0,2
10/04/2012,NaN,Sociedad,Betis,1,1,D,0,0,D,17,12,4,6,10,10,9,5,0,3,0,0
11/04/2012,NaN,Ath Madrid,Real Madrid,1,4,A,0,1,A,11,25,3,9,18,15,7,8,2,3,0,0
11/04/2012,NaN,Granada,Ath Bilbao,2,2,D,1,0,H,9,19,4,5,9,13,0,11,2,3,1,0
11/04/2012,NaN,Sp Gijon,Levante,3,2,H,1,1,D,24,11,5,7,21,7,7,1,5,0,0,0
11/04/2012,NaN,Valencia,Vallecano,4,1,H,1,0,H,10,12,7,3,13,23,7,7,2,7,0,0
12/04/2012,NaN,Santander,Mallorca,0,3,A,0,1,A,17,12,4,6,16,21,5,5,3,1,0,0
12/04/2012,NaN,Sevilla,Zaragoza,3,0,H,3,0,H,22,10,8,2,15,15,7,2,1,3,0,0
12/04/2012,NaN,Villarreal,Malaga,2,1,H,0,0,D,9,9,3,4,14,15,4,2,0,4,0,1
14/04/2012,NaN,Levante,Barcelona,1,2,A,1,0,H,5,16,2,8,16,7,1,6,5,2,0,0
14/04/2012,NaN,Real Madrid,Sp Gijon,3,1,H,1,1,D,24,3,6,2,7,26,5,1,2,5,0,1
15/04/2012,NaN,Ath Bilbao,Mallorca,1,0,H,1,0,H,13,11,2,1,12,17,7,5,1,4,0,0
15/04/2012,NaN,Betis,Osasuna,1,0,H,1,0,H,10,5,4,1,10,7,3,3,1,2,0,1
15/04/2012,NaN,Espanol,Valencia,4,0,H,2,0,H,16,4,5,1,15,19,6,3,3,5,0,0
15/04/2012,NaN,Malaga,Sociedad,1,1,D,1,0,H,19,10,6,2,11,9,15,6,2,0,0,1
15/04/2012,NaN,Vallecano,Ath Madrid,0,1,A,0,0,D,12,9,3,4,22,17,9,3,6,2,0,0
15/04/2012,NaN,Villarreal,Santander,1,1,D,0,0,D,19,7,5,3,15,6,7,6,2,2,0,0
15/04/2012,NaN,Zaragoza,Granada,1,0,H,1,0,H,8,10,4,0,25,10,2,3,3,3,1,0
16/04/2012,NaN,Getafe,Sevilla,5,1,H,1,1,D,12,15,7,3,9,10,7,7,2,2,0,0
21/04/2012,NaN,Barcelona,Real Madrid,1,2,A,0,1,A,14,14,3,6,11,20,4,7,2,4,0,0
21/04/2012,NaN,Mallorca,Zaragoza,1,0,H,1,0,H,12,11,4,3,18,15,9,2,3,3,0,0
21/04/2012,NaN,Sevilla,Levante,1,1,D,1,1,D,22,7,5,2,8,19,11,2,3,5,0,0
21/04/2012,NaN,Sp Gijon,Vallecano,2,1,H,1,0,H,16,10,6,4,18,17,11,7,4,2,0,2
22/04/2012,NaN,Ath Madrid,Espanol,3,1,H,1,1,D,17,13,7,1,14,11,6,5,3,2,0,0
22/04/2012,NaN,Granada,Getafe,1,0,H,1,0,H,11,7,6,2,6,15,6,1,2,2,0,0
22/04/2012,NaN,Santander,Ath Bilbao,0,1,A,0,1,A,11,9,3,2,14,16,6,12,2,2,0,0
22/04/2012,NaN,Sociedad,Villarreal,1,1,D,0,1,A,18,13,4,4,11,14,6,1,3,2,0,0
22/04/2012,NaN,Valencia,Betis,4,0,H,1,0,H,14,8,7,2,18,8,4,2,2,2,0,2
23/04/2012,NaN,Osasuna,Malaga,1,1,D,0,0,D,12,14,4,4,9,12,6,9,2,1,0,0
28/04/2012,NaN,Espanol,Sp Gijon,0,3,A,0,0,D,18,11,5,6,12,12,10,5,2,3,0,0
28/04/2012,NaN,Getafe,Mallorca,1,3,A,0,1,A,12,16,3,9,8,16,7,3,4,3,0,0
28/04/2012,NaN,Levante,Granada,3,1,H,0,0,D,9,9,5,3,10,10,3,0,1,3,0,0
28/04/2012,NaN,Sociedad,Santander,3,0,H,0,0,D,17,14,5,5,13,17,5,5,1,5,0,0
28/04/2012,NaN,Villarreal,Osasuna,1,1,D,1,0,H,20,9,6,2,12,12,6,5,1,2,0,0
29/04/2012,NaN,Betis,Ath Madrid,2,2,D,0,0,D,9,22,3,6,19,17,3,10,3,2,0,0
29/04/2012,NaN,Malaga,Valencia,1,0,H,1,0,H,16,5,7,1,7,27,7,6,3,3,0,1
29/04/2012,NaN,Real Madrid,Sevilla,3,0,H,1,0,H,15,10,5,3,14,7,9,4,3,2,0,0
29/04/2012,NaN,Vallecano,Barcelona,0,7,A,0,3,A,10,19,4,8,20,7,7,9,3,1,0,0
29/04/2012,NaN,Zaragoza,Ath Bilbao,2,0,H,1,0,H,21,8,8,3,13,11,7,6,1,2,0,0
01/05/2012,NaN,Getafe,Santander,1,1,D,0,0,D,9,11,4,3,25,17,4,5,4,3,0,0
01/05/2012,NaN,Granada,Espanol,2,1,H,2,0,H,17,9,9,3,9,13,7,9,0,1,0,0
01/05/2012,NaN,Sp Gijon,Villarreal,2,3,A,1,2,A,22,10,5,8,19,9,9,5,5,5,0,1
02/05/2012,NaN,Ath Bilbao,Real Madrid,0,3,A,0,2,A,11,18,2,10,13,20,4,8,3,5,1,0
02/05/2012,NaN,Ath Madrid,Sociedad,1,1,D,0,0,D,13,16,1,5,14,9,6,10,2,1,1,0
02/05/2012,NaN,Barcelona,Malaga,4,1,H,2,1,H,11,11,6,3,17,14,4,1,2,2,0,0
02/05/2012,NaN,Mallorca,Vallecano,1,0,H,0,0,D,20,15,8,6,15,8,9,4,2,4,0,0
02/05/2012,NaN,Sevilla,Betis,1,2,A,1,1,D,12,15,3,3,18,14,9,4,3,4,1,0
02/05/2012,NaN,Valencia,Osasuna,4,0,H,0,0,D,23,11,9,3,8,11,17,2,1,5,0,1
02/05/2012,NaN,Zaragoza,Levante,1,0,H,1,0,H,12,11,5,4,15,14,2,10,5,5,0,0
05/05/2012,NaN,Ath Bilbao,Getafe,0,0,D,0,0,D,16,11,1,1,11,10,8,2,1,3,0,0
05/05/2012,NaN,Ath Madrid,Malaga,2,1,H,0,1,A,9,13,2,4,20,14,8,5,6,2,0,0
05/05/2012,NaN,Barcelona,Espanol,4,0,H,1,0,H,14,10,6,3,13,24,5,3,4,5,0,0
05/05/2012,NaN,Granada,Real Madrid,1,2,A,1,0,H,12,14,5,3,13,14,4,6,4,4,2,0
05/05/2012,NaN,Mallorca,Levante,1,0,H,0,0,D,10,7,3,2,13,5,6,5,1,3,0,0
05/05/2012,NaN,Osasuna,Sociedad,1,0,H,1,0,H,18,13,10,3,24,13,4,4,5,1,0,0
05/05/2012,NaN,Sevilla,Vallecano,5,2,H,2,1,H,15,13,8,3,13,10,5,5,3,5,0,0
05/05/2012,NaN,Sp Gijon,Betis,2,1,H,1,1,D,12,15,3,8,19,16,4,4,2,3,0,0
05/05/2012,NaN,Valencia,Villarreal,1,0,H,0,0,D,17,9,7,3,16,16,8,3,5,3,0,0
05/05/2012,NaN,Zaragoza,Santander,2,1,H,1,1,D,29,2,8,2,17,21,12,1,3,6,0,0
12/05/2012,NaN,Betis,Barcelona,2,2,D,0,1,A,5,11,3,6,15,11,2,7,2,0,0,1
12/05/2012,NaN,Sociedad,Valencia,1,0,H,0,0,D,13,19,6,2,14,10,7,14,2,0,0,0
13/05/2012,NaN,Espanol,Sevilla,1,1,D,0,1,A,9,17,4,6,14,16,8,7,4,2,0,0
13/05/2012,NaN,Getafe,Zaragoza,0,2,A,0,0,D,3,12,0,4,22,18,0,6,2,4,3,1
13/05/2012,NaN,Levante,Ath Bilbao,3,0,H,1,0,H,12,9,4,5,3,8,4,6,1,0,0,0
13/05/2012,NaN,Malaga,Sp Gijon,1,0,H,0,0,D,22,6,12,1,10,24,10,1,3,5,1,0
13/05/2012,NaN,Real Madrid,Mallorca,4,1,H,2,0,H,23,11,12,5,7,16,8,6,0,1,0,0
13/05/2012,NaN,Santander,Osasuna,2,4,A,1,0,H,7,27,2,13,11,9,0,9,0,2,0,0
13/05/2012,NaN,Vallecano,Granada,1,0,H,0,0,D,18,12,2,5,19,14,9,6,3,4,0,0
13/05/2012,NaN,Villarreal,Ath Madrid,0,1,A,0,0,D,10,11,1,4,9,18,6,4,2,2,0,0
18/08/2012,NaN,Celta,Malaga,0,1,A,0,0,D,17,16,3,6,13,9,8,9,2,0,0,0
18/08/2012,NaN,Mallorca,Espanol,2,1,H,1,1,D,17,13,9,5,14,14,7,4,3,2,0,0
18/08/2012,NaN,Sevilla,Getafe,2,1,H,2,0,H,16,10,5,3,15,17,8,8,4,4,0,0
19/08/2012,NaN,Ath Bilbao,Betis,3,5,A,0,3,A,17,13,8,9,12,17,11,4,2,2,0,0
19/08/2012,NaN,Barcelona,Sociedad,5,1,H,4,1,H,18,5,10,2,9,12,9,1,2,3,0,0
19/08/2012,NaN,Levante,Ath Madrid,1,1,D,1,1,D,6,11,1,3,17,7,3,6,2,1,0,0
19/08/2012,NaN,Real Madrid,Valencia,1,1,D,1,1,D,24,5,9,1,10,16,12,5,1,4,0,0
20/08/2012,NaN,La Coruna,Osasuna,2,0,H,0,0,D,10,11,3,1,14,13,5,7,3,4,0,0
20/08/2012,NaN,Vallecano,Granada,1,0,H,0,0,D,16,14,3,3,13,9,3,5,2,0,0,0
20/08/2012,NaN,Zaragoza,Valladolid,0,1,A,0,1,A,11,7,3,2,17,14,4,4,2,5,0,0
25/08/2012,NaN,Betis,Vallecano,1,2,A,1,1,D,14,19,4,5,14,17,6,8,5,5,0,0
25/08/2012,NaN,Espanol,Zaragoza,1,2,A,1,0,H,9,10,1,5,16,21,5,3,4,4,1,0
25/08/2012,NaN,Malaga,Mallorca,1,1,D,0,0,D,18,9,6,4,7,12,14,4,2,4,1,0
25/08/2012,NaN,Sociedad,Celta,2,1,H,0,0,D,15,14,6,4,17,16,7,7,5,2,0,0
26/08/2012,NaN,Getafe,Real Madrid,2,1,H,0,1,A,11,14,3,5,12,11,3,7,3,1,0,1
26/08/2012,NaN,Granada,Sevilla,1,1,D,1,1,D,18,9,7,3,15,15,6,0,4,2,0,1
26/08/2012,NaN,Osasuna,Barcelona,1,2,A,1,0,H,17,15,5,10,17,11,4,7,6,3,1,0
26/08/2012,NaN,Valencia,La Coruna,3,3,D,3,1,H,13,13,5,8,16,10,2,10,5,2,1,0
27/08/2012,NaN,Ath Madrid,Ath Bilbao,4,0,H,2,0,H,23,7,14,0,11,13,10,4,3,3,0,0
27/08/2012,NaN,Valladolid,Levante,2,0,H,1,0,H,15,8,7,1,11,14,7,1,1,5,0,1
01/09/2012,NaN,Celta,Osasuna,2,0,H,0,0,D,12,7,4,2,5,15,4,6,1,2,0,1
01/09/2012,NaN,La Coruna,Getafe,1,1,D,1,1,D,10,13,5,4,8,13,6,6,2,2,0,0
01/09/2012,NaN,Mallorca,Sociedad,1,0,H,0,0,D,15,10,5,3,21,11,6,3,5,2,0,0
01/09/2012,NaN,Zaragoza,Malaga,0,1,A,0,0,D,11,11,4,3,23,14,10,10,1,4,0,0
02/09/2012,NaN,Ath Bilbao,Valladolid,2,0,H,0,0,D,17,8,3,1,6,7,9,4,0,1,0,0
02/09/2012,NaN,Barcelona,Valencia,1,0,H,1,0,H,11,4,5,1,8,10,5,3,1,2,0,0
02/09/2012,NaN,Levante,Espanol,3,2,H,0,2,A,11,9,4,2,30,21,6,2,3,6,1,0
02/09/2012,NaN,Real Madrid,Granada,3,0,H,1,0,H,22,7,8,0,12,11,6,3,2,0,0,1
02/09/2012,NaN,Vallecano,Sevilla,0,0,D,0,0,D,13,18,4,3,23,14,5,6,4,2,1,0
15/09/2012,NaN,Getafe,Barcelona,1,4,A,0,1,A,6,15,3,9,14,10,1,7,2,2,0,0
15/09/2012,NaN,Malaga,Levante,3,1,H,1,0,H,12,5,5,1,15,19,4,4,2,4,1,0
15/09/2012,NaN,Sevilla,Real Madrid,1,0,H,1,0,H,10,18,7,6,21,13,3,4,3,3,0,0
15/09/2012,NaN,Valencia,Celta,2,1,H,1,1,D,15,15,4,4,17,15,8,11,3,2,0,0
16/09/2012,NaN,Ath Madrid,Vallecano,4,3,H,1,0,H,12,17,6,5,15,14,5,5,0,4,0,0
16/09/2012,NaN,Espanol,Ath Bilbao,3,3,D,2,0,H,15,16,5,7,27,20,3,4,3,5,1,0
16/09/2012,NaN,Granada,La Coruna,1,1,D,0,1,A,13,14,2,5,17,14,7,3,3,4,0,0
16/09/2012,NaN,Osasuna,Mallorca,1,1,D,0,0,D,20,7,7,3,12,11,14,7,2,1,1,1
16/09/2012,NaN,Sociedad,Zaragoza,2,0,H,0,0,D,7,12,3,2,13,18,3,5,4,2,0,0
17/09/2012,NaN,Valladolid,Betis,0,1,A,0,0,D,10,8,3,2,9,12,5,3,1,2,0,0
22/09/2012,NaN,Barcelona,Granada,2,0,H,0,0,D,20,6,11,3,10,15,14,5,0,3,0,0
22/09/2012,NaN,Betis,Espanol,1,0,H,1,0,H,15,11,3,2,24,13,7,1,6,4,0,1
22/09/2012,NaN,Celta,Getafe,2,1,H,0,0,D,14,6,6,4,14,13,4,4,4,3,0,1
22/09/2012,NaN,Zaragoza,Osasuna,3,1,H,2,1,H,10,11,4,3,18,13,1,2,2,2,0,0
23/09/2012,NaN,Ath Bilbao,Malaga,0,0,D,0,0,D,9,12,1,4,7,6,7,7,3,3,0,0
23/09/2012,NaN,Ath Madrid,Valladolid,2,1,H,2,0,H,14,4,7,3,15,23,6,1,2,6,0,0
23/09/2012,NaN,Levante,Sociedad,2,1,H,0,1,A,16,17,6,6,20,10,4,5,2,4,0,0
23/09/2012,NaN,Mallorca,Valencia,2,0,H,1,0,H,6,27,3,7,17,9,0,9,4,4,0,0
24/09/2012,NaN,La Coruna,Sevilla,0,2,A,0,0,D,14,13,4,7,8,9,9,10,0,2,0,0
24/09/2012,NaN,Vallecano,Real Madrid,0,2,A,0,1,A,13,16,3,6,14,14,5,6,2,3,1,0
26/09/2012,NaN,Betis,Ath Madrid,2,4,A,2,1,H,6,21,3,10,12,19,3,11,2,3,2,0
29/09/2012,NaN,Malaga,Betis,4,0,H,2,0,H,21,4,11,2,13,8,6,6,2,0,0,1
29/09/2012,NaN,Sevilla,Barcelona,2,3,A,1,0,H,8,15,3,7,15,3,2,7,2,2,1,0
29/09/2012,NaN,Sociedad,Ath Bilbao,2,0,H,0,0,D,19,7,10,1,13,15,12,5,1,3,0,1
29/09/2012,NaN,Valencia,Zaragoza,2,0,H,1,0,H,13,17,4,7,20,11,3,8,2,2,1,0
30/09/2012,NaN,Espanol,Ath Madrid,0,1,A,0,1,A,9,15,3,5,20,16,1,3,3,3,0,0
30/09/2012,NaN,Granada,Celta,2,1,H,2,1,H,7,19,4,9,12,14,3,8,3,3,0,0
30/09/2012,NaN,Osasuna,Levante,4,0,H,0,0,D,16,8,8,1,13,24,5,4,2,3,0,0
30/09/2012,NaN,Real Madrid,La Coruna,5,1,H,3,1,H,23,5,13,2,15,11,12,2,2,2,0,0
30/09/2012,NaN,Valladolid,Vallecano,6,1,H,4,1,H,14,14,10,4,14,17,5,9,1,3,0,0
01/10/2012,NaN,Getafe,Mallorca,1,0,H,0,0,D,26,12,6,4,18,12,12,2,2,3,0,1
05/10/2012,NaN,Celta,Sevilla,2,0,H,0,0,D,11,11,5,2,14,12,3,6,2,2,0,0
06/10/2012,NaN,Betis,Sociedad,2,0,H,1,0,H,12,17,4,5,19,13,6,10,4,2,1,0
06/10/2012,NaN,Valladolid,Espanol,1,1,D,0,0,D,12,14,6,6,19,13,8,3,2,5,0,1
06/10/2012,NaN,Vallecano,La Coruna,2,1,H,2,1,H,14,10,5,2,20,12,5,2,8,2,0,0
06/10/2012,NaN,Zaragoza,Getafe,0,1,A,0,0,D,12,17,6,9,19,27,8,5,5,2,2,1
07/10/2012,NaN,Ath Bilbao,Osasuna,1,0,H,1,0,H,18,16,8,5,12,9,11,1,4,4,0,0
07/10/2012,NaN,Ath Madrid,Malaga,2,1,H,1,1,D,9,8,3,2,25,18,11,1,4,3,0,0
07/10/2012,NaN,Barcelona,Real Madrid,2,2,D,1,1,D,10,10,2,3,17,16,7,2,2,4,0,0
07/10/2012,NaN,Levante,Valencia,1,0,H,1,0,H,15,12,4,4,15,12,6,9,5,5,0,0
07/10/2012,NaN,Mallorca,Granada,1,2,A,0,0,D,15,10,5,5,15,11,6,4,2,1,1,1
20/10/2012,NaN,La Coruna,Barcelona,4,5,A,2,4,A,13,10,8,6,13,15,5,1,4,3,0,1
20/10/2012,NaN,Malaga,Valladolid,2,1,H,1,1,D,15,11,6,6,9,24,8,1,1,4,0,1
20/10/2012,NaN,Real Madrid,Celta,2,0,H,1,0,H,24,7,3,3,11,15,11,5,3,2,0,0
20/10/2012,NaN,Valencia,Ath Bilbao,3,2,H,1,2,A,27,7,12,3,12,10,11,5,3,2,0,1
21/10/2012,NaN,Espanol,Vallecano,3,2,H,1,1,D,13,14,7,6,15,18,6,2,3,3,1,1
21/10/2012,NaN,Getafe,Levante,0,1,A,0,0,D,18,7,6,4,8,15,13,2,2,3,0,0
21/10/2012,NaN,Granada,Zaragoza,1,2,A,0,2,A,6,14,3,5,18,17,7,4,5,4,1,0
21/10/2012,NaN,Osasuna,Betis,0,0,D,0,0,D,11,7,2,2,17,11,4,3,3,1,0,0
21/10/2012,NaN,Sociedad,Ath Madrid,0,1,A,0,0,D,15,12,3,4,11,14,10,6,5,2,0,0
22/10/2012,NaN,Sevilla,Mallorca,3,2,H,1,2,A,22,3,9,2,7,11,15,1,0,2,0,0
27/10/2012,NaN,Betis,Valencia,1,0,H,1,0,H,10,10,3,3,8,16,8,7,0,6,0,0
27/10/2012,NaN,Celta,La Coruna,1,1,D,1,1,D,12,12,2,4,15,16,4,10,2,4,1,0
27/10/2012,NaN,Espanol,Malaga,0,0,D,0,0,D,12,13,3,4,19,21,6,8,4,5,0,0
27/10/2012,NaN,Vallecano,Barcelona,0,5,A,0,1,A,18,15,3,10,18,14,7,4,5,1,0,0
28/10/2012,NaN,Ath Bilbao,Getafe,1,2,A,0,1,A,21,15,10,8,18,15,8,3,5,2,0,0
28/10/2012,NaN,Ath Madrid,Osasuna,3,1,H,2,1,H,19,8,9,4,11,11,6,4,3,3,0,0
28/10/2012,NaN,Levante,Granada,3,1,H,1,0,H,11,10,6,2,9,13,3,6,1,2,0,0
28/10/2012,NaN,Mallorca,Real Madrid,0,5,A,0,2,A,5,16,0,8,11,9,8,6,2,2,0,0
28/10/2012,NaN,Zaragoza,Sevilla,2,1,H,2,0,H,11,9,6,6,18,12,5,5,3,6,0,0
29/10/2012,NaN,Valladolid,Sociedad,2,2,D,1,1,D,12,14,6,4,18,14,5,3,3,1,0,0
03/11/2012,NaN,Barcelona,Celta,3,1,H,2,1,H,13,11,6,4,9,11,4,5,1,2,0,0
03/11/2012,NaN,Malaga,Vallecano,1,2,A,0,1,A,11,10,4,5,14,13,6,5,3,5,0,0
03/11/2012,NaN,Real Madrid,Zaragoza,4,0,H,2,0,H,20,13,11,3,10,16,5,4,2,2,0,0
03/11/2012,NaN,Valencia,Ath Madrid,2,0,H,1,0,H,6,13,2,2,18,13,1,10,3,4,1,0
04/11/2012,NaN,Granada,Ath Bilbao,1,2,A,0,2,A,24,15,9,8,17,17,6,6,5,4,0,0
04/11/2012,NaN,La Coruna,Mallorca,1,0,H,1,0,H,13,19,3,5,7,15,4,4,1,2,0,0
04/11/2012,NaN,Osasuna,Valladolid,0,1,A,0,0,D,17,5,4,3,19,14,11,2,1,3,1,0
04/11/2012,NaN,Sevilla,Levante,0,0,D,0,0,D,20,3,5,1,9,8,10,2,1,1,0,0
04/11/2012,NaN,Sociedad,Espanol,0,1,A,0,0,D,16,8,8,2,16,23,11,7,1,6,0,0
05/11/2012,NaN,Getafe,Betis,2,4,A,0,0,D,18,7,3,5,9,9,11,3,2,4,0,0
09/11/2012,NaN,Betis,Granada,1,2,A,0,1,A,14,12,3,3,12,16,6,3,1,7,0,0
10/11/2012,NaN,Espanol,Osasuna,0,3,A,0,1,A,18,12,5,6,13,16,10,8,2,4,0,0
10/11/2012,NaN,Malaga,Sociedad,1,2,A,1,1,D,12,8,4,4,19,13,8,4,4,2,0,0
10/11/2012,NaN,Vallecano,Celta,3,2,H,0,2,A,29,7,8,2,9,17,9,2,4,4,0,1
10/11/2012,NaN,Zaragoza,La Coruna,5,3,H,1,2,A,23,12,9,5,19,12,7,6,4,3,0,1
11/11/2012,NaN,Ath Bilbao,Sevilla,2,1,H,2,0,H,9,16,2,7,12,20,2,7,6,5,1,0
11/11/2012,NaN,Ath Madrid,Getafe,2,0,H,2,0,H,14,9,4,3,20,13,7,6,2,5,0,0
11/11/2012,NaN,Levante,Real Madrid,1,2,A,0,1,A,11,19,4,6,27,13,2,8,6,1,0,0
11/11/2012,NaN,Mallorca,Barcelona,2,4,A,0,3,A,5,12,3,5,18,6,6,6,1,1,0,0
11/11/2012,NaN,Valladolid,Valencia,1,1,D,0,1,A,9,15,2,3,8,10,2,10,0,0,0,1
17/11/2012,NaN,Barcelona,Zaragoza,3,1,H,2,1,H,8,13,3,2,6,15,5,7,0,1,0,0
17/11/2012,NaN,Osasuna,Malaga,0,0,D,0,0,D,19,14,8,3,17,13,12,4,4,1,0,0
17/11/2012,NaN,Real Madrid,Ath Bilbao,5,1,H,3,1,H,29,11,18,1,15,19,11,4,1,4,0,0
17/11/2012,NaN,Valencia,Espanol,2,1,H,1,1,D,10,11,6,5,30,18,5,3,7,7,0,2
18/11/2012,NaN,Celta,Mallorca,1,1,D,0,1,A,15,15,2,7,8,18,4,12,1,3,0,0
18/11/2012,NaN,Getafe,Valladolid,2,1,H,0,1,A,19,13,8,3,12,16,5,3,2,0,0,0
18/11/2012,NaN,Granada,Ath Madrid,0,1,A,0,0,D,13,12,2,6,14,11,4,9,3,3,0,1
18/11/2012,NaN,La Coruna,Levante,0,2,A,0,1,A,24,12,4,3,12,12,10,5,6,3,1,1
18/11/2012,NaN,Sevilla,Betis,5,1,H,4,0,H,22,5,13,3,22,18,3,2,3,2,0,1
19/11/2012,NaN,Sociedad,Vallecano,4,0,H,2,0,H,26,9,10,2,8,16,12,5,1,3,0,0
23/11/2012,NaN,Sociedad,Osasuna,0,0,D,0,0,D,13,19,3,5,10,16,9,4,3,4,0,0
24/11/2012,NaN,Betis,Real Madrid,1,0,H,1,0,H,9,18,3,8,22,9,1,10,4,2,0,0
24/11/2012,NaN,Malaga,Valencia,4,0,H,1,0,H,22,5,6,1,16,19,8,4,2,5,0,1
24/11/2012,NaN,Valladolid,Granada,1,0,H,0,0,D,10,14,5,1,7,16,4,3,1,4,0,0
24/11/2012,NaN,Vallecano,Mallorca,2,0,H,0,0,D,19,9,4,5,13,18,10,1,2,3,0,0
25/11/2012,NaN,Ath Bilbao,La Coruna,1,1,D,1,0,H,26,9,6,5,16,8,13,4,4,3,0,0
25/11/2012,NaN,Ath Madrid,Sevilla,4,0,H,3,0,H,18,2,7,2,13,12,7,0,2,2,0,3
25/11/2012,NaN,Espanol,Getafe,0,2,A,0,1,A,11,10,4,7,13,17,6,4,2,2,0,0
25/11/2012,NaN,Levante,Barcelona,0,4,A,0,0,D,11,13,3,7,7,6,4,8,0,1,0,0
26/11/2012,NaN,Zaragoza,Celta,0,1,A,0,0,D,14,8,3,4,13,17,8,3,3,1,0,0
30/11/2012,NaN,Osasuna,Vallecano,1,0,H,1,0,H,12,9,3,1,14,13,3,8,3,2,0,0
01/12/2012,NaN,Barcelona,Ath Bilbao,5,1,H,3,0,H,19,6,10,2,7,10,3,1,1,3,0,0
01/12/2012,NaN,Getafe,Malaga,1,0,H,0,0,D,13,8,3,5,15,11,5,5,1,4,1,0
01/12/2012,NaN,Real Madrid,Ath Madrid,2,0,H,1,0,H,13,4,6,2,19,23,3,4,1,5,0,0
01/12/2012,NaN,Valencia,Sociedad,2,5,A,1,1,D,10,17,5,11,17,11,5,8,2,2,1,0
02/12/2012,NaN,Celta,Levante,1,1,D,1,0,H,18,8,8,2,11,11,7,1,3,3,0,0
02/12/2012,NaN,Granada,Espanol,0,0,D,0,0,D,24,12,7,2,14,22,11,2,0,4,0,0
02/12/2012,NaN,La Coruna,Betis,2,3,A,0,1,A,17,12,7,7,9,16,12,5,3,5,0,0
02/12/2012,NaN,Mallorca,Zaragoza,1,1,D,0,1,A,19,2,7,2,19,8,9,0,3,3,0,1
03/12/2012,NaN,Sevilla,Valladolid,1,2,A,0,2,A,21,17,4,7,20,18,9,1,2,6,1,0
07/12/2012,NaN,Espanol,Sevilla,2,2,D,1,1,D,11,6,3,4,24,23,4,3,5,3,0,1
08/12/2012,NaN,Malaga,Granada,4,0,H,2,0,H,20,22,9,8,17,8,3,7,3,0,0,0
08/12/2012,NaN,Osasuna,Valencia,0,1,A,0,0,D,11,10,4,3,18,12,6,5,2,2,0,0
08/12/2012,NaN,Sociedad,Getafe,1,1,D,0,0,D,10,15,3,2,16,19,6,6,2,6,0,0
08/12/2012,NaN,Valladolid,Real Madrid,2,3,A,2,2,D,10,20,4,13,17,14,6,11,3,3,0,0
09/12/2012,NaN,Ath Bilbao,Celta,1,0,H,1,0,H,10,11,2,1,16,20,7,6,3,3,0,0
09/12/2012,NaN,Ath Madrid,La Coruna,6,0,H,3,0,H,14,9,9,1,8,11,5,7,0,2,0,0
09/12/2012,NaN,Betis,Barcelona,1,2,A,1,2,A,9,13,3,8,17,11,4,5,3,2,0,0
09/12/2012,NaN,Levante,Mallorca,4,0,H,1,0,H,14,15,9,2,10,13,8,5,0,1,0,0
10/12/2012,NaN,Vallecano,Zaragoza,0,2,A,0,1,A,14,13,1,7,16,21,7,1,2,3,0,0
15/12/2012,NaN,Getafe,Osasuna,1,1,D,0,0,D,8,7,2,3,12,17,5,3,4,4,0,1
15/12/2012,NaN,Granada,Sociedad,0,0,D,0,0,D,10,15,4,3,27,5,9,4,3,3,0,0
15/12/2012,NaN,Mallorca,Ath Bilbao,0,1,A,0,1,A,18,12,4,2,22,16,15,3,3,3,0,0
15/12/2012,NaN,Sevilla,Malaga,0,2,A,0,0,D,15,9,2,2,14,14,10,7,1,4,1,0
16/12/2012,NaN,Barcelona,Ath Madrid,4,1,H,2,1,H,11,8,6,1,15,16,9,5,1,1,0,0
16/12/2012,NaN,Real Madrid,Espanol,2,2,D,1,1,D,29,12,10,3,10,14,11,7,2,4,0,0
16/12/2012,NaN,Valencia,Vallecano,0,1,A,0,0,D,8,8,2,2,17,18,4,4,2,5,0,0
16/12/2012,NaN,Zaragoza,Levante,0,1,A,0,1,A,12,10,2,3,15,22,2,3,4,4,0,1
17/12/2012,NaN,Celta,Betis,0,1,A,0,0,D,12,11,2,5,8,7,4,3,2,2,0,0
17/12/2012,NaN,La Coruna,Valladolid,0,0,D,0,0,D,18,9,3,4,9,6,10,0,2,0,0,0
20/12/2012,NaN,Espanol,La Coruna,2,0,H,1,0,H,9,16,5,4,11,12,3,11,2,2,0,0
20/12/2012,NaN,Sociedad,Sevilla,2,1,H,1,0,H,12,14,4,4,10,20,3,6,2,3,0,1
20/12/2012,NaN,Vallecano,Levante,3,0,H,0,0,D,18,9,7,3,20,17,3,5,3,4,0,0
21/12/2012,NaN,Ath Madrid,Celta,1,0,H,0,0,D,12,5,3,0,13,12,6,4,2,4,1,0
21/12/2012,NaN,Valencia,Getafe,4,2,H,3,1,H,20,16,8,6,12,17,8,7,3,4,0,0
22/12/2012,NaN,Ath Bilbao,Zaragoza,0,2,A,0,2,A,12,13,3,4,8,19,7,3,1,3,0,0
22/12/2012,NaN,Betis,Mallorca,1,2,A,1,1,D,17,3,7,2,17,17,9,1,3,4,0,0
22/12/2012,NaN,Malaga,Real Madrid,3,2,H,0,0,D,11,18,6,5,9,12,6,7,1,4,0,0
22/12/2012,NaN,Osasuna,Granada,1,2,A,1,1,D,11,12,4,4,11,7,9,7,2,3,0,0
22/12/2012,NaN,Valladolid,Barcelona,1,3,A,0,1,A,5,11,2,5,15,4,2,4,4,1,0,0
04/01/2013,NaN,Zaragoza,Betis,1,2,A,0,1,A,10,9,1,6,19,12,6,2,5,5,1,0
05/01/2013,NaN,Granada,Valencia,1,2,A,0,0,D,3,28,2,7,16,10,1,11,3,3,1,0
05/01/2013,NaN,La Coruna,Malaga,1,0,H,0,0,D,12,9,4,3,24,16,3,7,4,3,0,0
05/01/2013,NaN,Levante,Ath Bilbao,3,1,H,2,1,H,11,11,6,5,15,12,9,4,3,3,0,1
05/01/2013,NaN,Sevilla,Osasuna,1,0,H,0,0,D,17,9,6,3,9,13,11,13,2,1,0,0
06/01/2013,NaN,Barcelona,Espanol,4,0,H,4,0,H,19,5,8,1,3,17,7,1,0,4,0,0
06/01/2013,NaN,Celta,Valladolid,3,1,H,2,1,H,14,12,6,4,14,20,4,4,2,3,0,0
06/01/2013,NaN,Mallorca,Ath Madrid,1,1,D,0,0,D,6,15,2,6,15,14,2,11,1,3,0,0
06/01/2013,NaN,Real Madrid,Sociedad,4,3,H,2,2,D,25,16,9,5,12,12,4,9,2,5,1,1
07/01/2013,NaN,Vallecano,Getafe,3,1,H,2,0,H,24,11,12,4,17,15,7,2,1,2,0,1
11/01/2013,NaN,Ath Bilbao,Vallecano,1,2,A,0,0,D,18,12,7,6,15,23,8,4,4,4,0,1
12/01/2013,NaN,Espanol,Celta,1,0,H,1,0,H,14,12,4,1,19,19,7,8,6,1,0,0
12/01/2013,NaN,Osasuna,Real Madrid,0,0,D,0,0,D,13,9,2,1,15,13,7,6,4,2,0,1
12/01/2013,NaN,Valencia,Sevilla,2,0,H,0,0,D,17,6,4,1,21,14,6,1,3,2,0,0
12/01/2013,NaN,Valladolid,Mallorca,3,1,H,1,1,D,14,12,8,4,14,9,7,5,2,4,0,0
13/01/2013,NaN,Ath Madrid,Zaragoza,2,0,H,2,0,H,14,4,5,1,12,16,10,4,1,3,0,0
13/01/2013,NaN,Betis,Levante,2,0,H,1,0,H,13,9,4,3,16,17,6,4,2,4,0,0
13/01/2013,NaN,Malaga,Barcelona,1,3,A,0,1,A,7,12,2,4,17,14,2,5,1,2,0,0
13/01/2013,NaN,Sociedad,La Coruna,1,1,D,1,1,D,11,20,2,7,10,14,8,4,3,3,0,1
14/01/2013,NaN,Getafe,Granada,2,2,D,2,1,H,9,11,5,3,18,13,1,7,4,2,0,0
18/01/2013,NaN,Espanol,Mallorca,3,2,H,1,2,A,18,11,7,3,18,17,8,2,4,1,0,1
19/01/2013,NaN,Getafe,Sevilla,1,1,D,1,1,D,8,13,3,3,9,10,3,8,4,2,0,0
19/01/2013,NaN,Granada,Vallecano,2,0,H,1,0,H,12,15,5,4,15,12,5,10,2,4,0,0
19/01/2013,NaN,Malaga,Celta,1,1,D,1,0,H,11,11,7,5,11,8,5,4,2,5,0,0
19/01/2013,NaN,Sociedad,Barcelona,3,2,H,1,2,A,14,8,6,3,14,15,3,6,3,2,0,1
20/01/2013,NaN,Ath Madrid,Levante,2,0,H,1,0,H,13,10,4,2,17,14,9,6,1,4,0,0
20/01/2013,NaN,Osasuna,La Coruna,2,1,H,1,0,H,8,17,4,5,17,19,8,6,5,1,0,0
20/01/2013,NaN,Valencia,Real Madrid,0,5,A,0,5,A,20,13,4,7,22,13,9,5,3,4,0,0
20/01/2013,NaN,Valladolid,Zaragoza,2,0,H,1,0,H,13,12,6,2,13,15,5,6,1,3,0,0
21/01/2013,NaN,Betis,Ath Bilbao,1,1,D,1,1,D,10,16,2,5,14,12,5,8,4,3,0,0
26/01/2013,NaN,Celta,Sociedad,1,1,D,1,0,H,11,17,4,4,15,8,5,8,4,3,1,0
26/01/2013,NaN,La Coruna,Valencia,2,3,A,2,1,H,11,22,7,12,17,10,8,13,2,2,2,0
26/01/2013,NaN,Levante,Valladolid,2,1,H,1,1,D,16,11,7,5,12,10,3,5,3,1,0,0
26/01/2013,NaN,Zaragoza,Espanol,0,0,D,0,0,D,14,5,4,2,16,17,5,5,1,3,1,1
27/01/2013,NaN,Ath Bilbao,Ath Madrid,3,0,H,0,0,D,22,17,10,6,9,14,8,9,1,4,0,0
27/01/2013,NaN,Barcelona,Osasuna,5,1,H,3,1,H,19,3,9,1,11,9,8,2,1,1,0,1
27/01/2013,NaN,Mallorca,Malaga,2,3,A,1,2,A,23,5,3,3,13,16,13,3,3,3,0,1
27/01/2013,NaN,Real Madrid,Getafe,4,0,H,0,0,D,22,6,13,3,8,17,11,3,2,6,0,0
27/01/2013,NaN,Vallecano,Betis,3,0,H,1,0,H,10,13,6,5,20,17,8,5,5,4,0,0
28/01/2013,NaN,Sevilla,Granada,3,0,H,1,0,H,23,7,9,3,11,18,6,4,2,4,0,0
01/02/2013,NaN,Valladolid,Ath Bilbao,2,2,D,2,1,H,10,18,3,9,8,10,7,7,1,2,0,0
02/02/2013,NaN,Espanol,Levante,3,2,H,1,0,H,13,12,5,4,12,15,9,6,1,2,0,0
02/02/2013,NaN,Getafe,La Coruna,3,1,H,1,1,D,12,13,4,3,19,17,5,5,4,5,1,1
02/02/2013,NaN,Granada,Real Madrid,1,0,H,1,0,H,4,17,0,4,19,7,4,8,2,3,0,0
02/02/2013,NaN,Osasuna,Celta,1,0,H,0,0,D,17,12,4,2,9,16,12,9,2,3,0,0
03/02/2013,NaN,Ath Madrid,Betis,1,0,H,0,0,D,14,5,6,2,17,14,9,4,3,4,0,0
03/02/2013,NaN,Malaga,Zaragoza,1,1,D,1,1,D,7,15,3,4,15,13,4,6,4,3,0,1
03/02/2013,NaN,Sevilla,Vallecano,2,1,H,1,0,H,16,10,5,4,19,18,12,4,3,4,1,0
03/02/2013,NaN,Sociedad,Mallorca,3,0,H,0,0,D,27,6,11,3,12,14,9,4,2,2,0,1
03/02/2013,NaN,Valencia,Barcelona,1,1,D,1,1,D,17,10,5,2,20,13,6,5,3,1,0,0
09/02/2013,NaN,Celta,Valencia,0,1,A,0,0,D,6,15,2,4,11,14,10,5,2,4,0,0
09/02/2013,NaN,La Coruna,Granada,0,3,A,0,1,A,16,14,1,4,10,13,5,5,3,3,1,0
09/02/2013,NaN,Levante,Malaga,1,2,A,1,1,D,12,8,4,4,14,11,4,4,4,1,0,0
09/02/2013,NaN,Mallorca,Osasuna,1,1,D,0,0,D,12,10,2,3,10,12,12,2,3,3,0,0
09/02/2013,NaN,Real Madrid,Sevilla,4,1,H,2,0,H,18,12,10,6,19,19,5,9,4,1,1,1
10/02/2013,NaN,Ath Bilbao,Espanol,0,4,A,0,1,A,16,9,5,5,12,16,12,3,2,7,0,0
10/02/2013,NaN,Barcelona,Getafe,6,1,H,2,0,H,17,6,9,1,13,9,4,0,1,2,0,0
10/02/2013,NaN,Vallecano,Ath Madrid,2,1,H,2,0,H,10,20,3,7,17,16,2,8,2,2,0,0
10/02/2013,NaN,Zaragoza,Sociedad,1,2,A,0,2,A,10,14,3,7,11,6,5,6,3,0,1,0
11/02/2013,NaN,Betis,Valladolid,0,0,D,0,0,D,22,3,3,0,13,16,8,3,0,3,1,1
15/02/2013,NaN,Sevilla,La Coruna,3,1,H,3,1,H,20,13,9,6,21,4,6,7,6,2,0,0
16/02/2013,NaN,Getafe,Celta,3,1,H,3,1,H,15,5,10,2,16,9,7,4,1,1,0,0
16/02/2013,NaN,Granada,Barcelona,1,2,A,1,0,H,6,17,5,8,15,14,1,1,2,1,0,0
16/02/2013,NaN,Malaga,Ath Bilbao,1,0,H,1,0,H,12,8,7,6,16,17,5,8,2,2,0,0
16/02/2013,NaN,Osasuna,Zaragoza,1,0,H,1,0,H,8,10,3,3,25,13,7,4,7,7,0,0
17/02/2013,NaN,Espanol,Betis,1,0,H,1,0,H,6,5,2,2,24,21,8,5,4,3,0,0
17/02/2013,NaN,Real Madrid,Vallecano,2,0,H,2,0,H,10,10,6,1,15,18,2,8,3,4,1,0
17/02/2013,NaN,Sociedad,Levante,1,1,D,1,1,D,12,7,5,7,13,16,12,4,2,5,0,1
17/02/2013,NaN,Valencia,Mallorca,2,0,H,0,0,D,4,16,2,8,13,16,2,6,5,3,1,0
17/02/2013,NaN,Valladolid,Ath Madrid,0,3,A,0,1,A,3,13,0,8,10,13,3,4,4,0,0,0
22/02/2013,NaN,Ath Bilbao,Sociedad,1,3,A,1,1,D,18,13,5,5,17,22,7,4,3,1,0,0
23/02/2013,NaN,Barcelona,Sevilla,2,1,H,0,1,A,17,7,3,4,10,12,10,1,0,2,0,0
23/02/2013,NaN,La Coruna,Real Madrid,1,2,A,1,0,H,15,17,5,8,11,13,3,5,3,3,0,1
23/02/2013,NaN,Mallorca,Getafe,1,3,A,1,0,H,15,15,4,4,14,10,13,5,3,4,0,0
23/02/2013,NaN,Zaragoza,Valencia,2,2,D,2,1,H,14,11,6,8,18,19,5,5,5,4,1,0
24/02/2013,NaN,Ath Madrid,Espanol,1,0,H,1,0,H,10,12,3,1,16,23,5,4,3,7,1,0
24/02/2013,NaN,Betis,Malaga,3,0,H,3,0,H,21,3,8,1,18,12,6,2,2,1,0,1
24/02/2013,NaN,Celta,Granada,2,1,H,1,1,D,13,9,4,2,14,12,4,4,3,3,0,0
24/02/2013,NaN,Vallecano,Valladolid,1,2,A,0,0,D,18,17,8,3,14,14,10,5,2,2,0,0
25/02/2013,NaN,Levante,Osasuna,0,2,A,0,0,D,8,17,3,6,10,22,7,2,0,2,0,0
01/03/2013,NaN,Getafe,Zaragoza,2,0,H,1,0,H,8,12,4,3,20,20,5,7,3,2,1,1
02/03/2013,NaN,La Coruna,Vallecano,0,0,D,0,0,D,13,18,4,3,13,18,3,7,1,5,1,0
02/03/2013,NaN,Osasuna,Ath Bilbao,0,1,A,0,0,D,18,7,6,2,13,17,9,4,1,4,0,0
02/03/2013,NaN,Real Madrid,Barcelona,2,1,H,1,1,D,14,5,6,2,21,19,4,1,4,6,0,1
02/03/2013,NaN,Valencia,Levante,2,2,D,2,1,H,19,8,6,4,13,17,6,4,2,5,0,0
03/03/2013,NaN,Espanol,Valladolid,0,0,D,0,0,D,11,7,0,1,7,16,8,4,0,1,0,0
03/03/2013,NaN,Granada,Mallorca,1,2,A,1,1,D,10,8,5,5,20,18,7,1,1,3,0,0
03/03/2013,NaN,Malaga,Ath Madrid,0,0,D,0,0,D,6,15,2,2,16,21,3,4,2,4,0,0
03/03/2013,NaN,Sociedad,Betis,3,3,D,0,1,A,14,17,7,4,6,16,12,4,1,5,0,0
04/03/2013,NaN,Sevilla,Celta,4,1,H,2,1,H,12,14,7,4,11,9,1,3,1,1,0,0
08/03/2013,NaN,Betis,Osasuna,2,1,H,1,0,H,9,18,5,3,18,18,0,5,5,4,0,1
09/03/2013,NaN,Barcelona,La Coruna,2,0,H,1,0,H,12,4,7,0,14,10,2,0,2,1,0,0
09/03/2013,NaN,Mallorca,Sevilla,2,1,H,1,0,H,10,17,5,5,23,9,6,9,3,2,1,0
09/03/2013,NaN,Valladolid,Malaga,1,1,D,1,1,D,9,6,4,1,14,12,8,1,1,1,0,0
09/03/2013,NaN,Vallecano,Espanol,2,0,H,1,0,H,16,15,9,3,13,17,7,7,4,5,0,0
10/03/2013,NaN,Ath Bilbao,Valencia,1,0,H,0,0,D,9,16,3,5,17,19,7,6,1,6,0,0
10/03/2013,NaN,Ath Madrid,Sociedad,0,1,A,0,0,D,21,10,3,3,20,14,7,5,5,2,0,0
10/03/2013,NaN,Celta,Real Madrid,1,2,A,0,0,D,19,23,10,11,11,6,9,6,2,1,0,0
10/03/2013,NaN,Levante,Getafe,0,0,D,0,0,D,16,13,5,3,19,13,6,3,2,3,0,0
11/03/2013,NaN,Zaragoza,Granada,0,0,D,0,0,D,8,12,3,1,15,18,3,7,3,2,0,0
15/03/2013,NaN,La Coruna,Celta,3,1,H,1,0,H,17,10,8,1,12,19,8,3,2,3,0,1
16/03/2013,NaN,Getafe,Ath Bilbao,1,0,H,1,0,H,19,10,8,1,14,12,8,6,2,4,0,0
16/03/2013,NaN,Real Madrid,Mallorca,5,2,H,1,2,A,24,15,13,6,9,11,11,4,0,1,0,0
16/03/2013,NaN,Sociedad,Valladolid,4,1,H,3,0,H,20,13,10,5,3,12,4,7,0,1,0,0
16/03/2013,NaN,Valencia,Betis,3,0,H,1,0,H,15,9,4,4,17,12,9,4,3,3,0,1
17/03/2013,NaN,Barcelona,Vallecano,3,1,H,2,0,H,19,17,7,8,9,18,6,10,1,4,0,0
17/03/2013,NaN,Granada,Levante,1,1,D,1,0,H,14,7,5,1,19,16,4,1,8,6,0,0
17/03/2013,NaN,Malaga,Espanol,0,2,A,0,0,D,15,9,2,5,9,18,4,5,2,3,0,0
17/03/2013,NaN,Osasuna,Ath Madrid,0,2,A,0,1,A,19,12,5,7,7,22,8,7,1,4,0,0
17/03/2013,NaN,Sevilla,Zaragoza,4,0,H,1,0,H,17,9,6,2,15,16,7,2,2,2,0,1
30/03/2013,NaN,Celta,Barcelona,2,2,D,1,1,D,8,8,3,3,15,12,5,9,4,3,0,0
30/03/2013,NaN,Levante,Sevilla,1,0,H,1,0,H,17,25,4,6,17,16,6,5,4,3,0,0
30/03/2013,NaN,Vallecano,Malaga,1,3,A,1,1,D,15,12,6,4,14,6,4,4,2,1,0,0
30/03/2013,NaN,Zaragoza,Real Madrid,1,1,D,1,1,D,12,16,5,6,17,13,3,3,3,3,0,0
31/03/2013,NaN,Ath Madrid,Valencia,1,1,D,1,1,D,9,15,4,3,21,8,6,7,3,3,0,0
31/03/2013,NaN,Espanol,Sociedad,2,2,D,2,1,H,7,15,4,4,18,19,4,5,2,4,0,0
31/03/2013,NaN,Mallorca,La Coruna,2,3,A,1,1,D,20,14,5,9,12,6,10,4,3,2,0,0
31/03/2013,NaN,Valladolid,Osasuna,1,3,A,1,0,H,9,12,2,7,13,13,11,7,1,1,0,0
01/04/2013,NaN,Ath Bilbao,Granada,1,0,H,0,0,D,14,7,4,3,14,19,3,8,1,1,1,0
01/04/2013,NaN,Betis,Getafe,0,0,D,0,0,D,8,16,4,7,13,10,6,5,4,2,0,0
05/04/2013,NaN,Granada,Betis,1,5,A,0,3,A,23,13,5,6,14,8,17,2,2,2,1,0
06/04/2013,NaN,Barcelona,Mallorca,5,0,H,4,0,H,22,13,9,3,12,14,5,5,1,1,0,0
06/04/2013,NaN,La Coruna,Zaragoza,3,2,H,2,2,D,12,7,6,3,14,18,6,4,5,3,0,1
06/04/2013,NaN,Real Madrid,Levante,5,1,H,2,1,H,36,11,12,3,10,9,6,5,1,0,0,0
06/04/2013,NaN,Sociedad,Malaga,4,2,H,3,1,H,7,9,5,3,13,16,5,2,2,2,0,0
07/04/2013,NaN,Celta,Vallecano,0,2,A,0,1,A,14,11,2,6,12,15,9,4,5,5,0,0
07/04/2013,NaN,Getafe,Ath Madrid,0,0,D,0,0,D,17,11,4,5,10,20,1,7,2,1,0,2
07/04/2013,NaN,Osasuna,Espanol,0,2,A,0,0,D,13,10,3,4,13,21,5,6,4,4,0,0
07/04/2013,NaN,Valencia,Valladolid,2,1,H,1,0,H,27,9,11,4,3,13,5,5,1,0,0,1
08/04/2013,NaN,Sevilla,Ath Bilbao,2,1,H,1,0,H,15,12,4,2,13,13,3,2,3,5,1,1
12/04/2013,NaN,Betis,Sevilla,3,3,D,1,3,A,26,12,4,5,14,15,5,1,5,2,0,1
13/04/2013,NaN,Espanol,Valencia,3,3,D,1,0,H,17,17,7,5,13,11,6,6,2,2,1,0
13/04/2013,NaN,Levante,La Coruna,0,4,A,0,3,A,23,18,5,9,11,4,7,5,2,1,0,0
13/04/2013,NaN,Malaga,Osasuna,1,0,H,0,0,D,16,10,8,1,15,19,10,2,2,4,0,0
13/04/2013,NaN,Valladolid,Getafe,2,1,H,0,1,A,22,10,10,2,11,14,6,5,2,2,0,1
14/04/2013,NaN,Ath Bilbao,Real Madrid,0,3,A,0,1,A,11,14,2,6,16,11,7,5,3,2,0,0
14/04/2013,NaN,Ath Madrid,Granada,5,0,H,2,0,H,16,13,8,5,12,17,5,1,1,3,0,0
14/04/2013,NaN,Vallecano,Sociedad,0,2,A,0,2,A,11,11,5,5,13,10,9,6,5,3,0,0
14/04/2013,NaN,Zaragoza,Barcelona,0,3,A,0,2,A,12,11,2,6,16,15,2,7,3,2,0,0
15/04/2013,NaN,Mallorca,Celta,1,0,H,0,0,D,14,8,6,2,17,19,9,1,3,1,0,0
19/04/2013,NaN,Mallorca,Vallecano,1,1,D,1,1,D,11,19,5,3,30,12,5,3,4,5,0,0
20/04/2013,NaN,Barcelona,Levante,1,0,H,0,0,D,18,4,9,0,13,6,11,1,1,2,0,0
20/04/2013,NaN,Granada,Valladolid,1,1,D,0,0,D,28,2,10,2,12,13,9,0,3,1,0,0
20/04/2013,NaN,Real Madrid,Betis,3,1,H,1,0,H,20,20,8,7,9,14,7,5,3,1,0,0
20/04/2013,NaN,Valencia,Malaga,5,1,H,4,1,H,14,11,10,3,23,17,5,8,3,6,0,0
21/04/2013,NaN,Getafe,Espanol,0,2,A,0,1,A,7,9,3,7,21,18,1,7,3,7,2,0
21/04/2013,NaN,La Coruna,Ath Bilbao,1,1,D,1,1,D,10,17,4,3,11,19,3,5,1,3,0,1
21/04/2013,NaN,Osasuna,Sociedad,0,0,D,0,0,D,14,12,4,4,14,10,6,8,3,4,0,0
21/04/2013,NaN,Sevilla,Ath Madrid,0,1,A,0,0,D,13,8,3,1,12,18,4,1,1,5,0,0
22/04/2013,NaN,Celta,Zaragoza,2,1,H,1,1,D,16,10,3,3,19,13,4,5,6,4,0,0
26/04/2013,NaN,Vallecano,Osasuna,2,2,D,1,2,A,11,6,5,5,9,19,9,4,1,3,0,0
27/04/2013,NaN,Ath Bilbao,Barcelona,2,2,D,1,0,H,7,15,3,6,17,11,2,1,3,2,0,0
27/04/2013,NaN,Ath Madrid,Real Madrid,1,2,A,1,1,D,11,6,4,4,17,15,2,2,4,4,0,0
27/04/2013,NaN,Levante,Celta,0,1,A,0,1,A,11,9,2,4,16,13,10,3,2,5,0,0
27/04/2013,NaN,Zaragoza,Mallorca,3,2,H,1,1,D,13,11,6,4,16,27,7,4,4,2,0,0
28/04/2013,NaN,Espanol,Granada,0,1,A,0,1,A,9,11,2,4,18,17,5,2,1,1,0,0
28/04/2013,NaN,Malaga,Getafe,2,1,H,1,0,H,12,14,7,4,15,10,3,8,3,3,0,0
28/04/2013,NaN,Sociedad,Valencia,4,2,H,1,1,D,19,15,6,7,16,19,8,7,3,4,0,0
28/04/2013,NaN,Valladolid,Sevilla,1,1,D,1,0,H,12,15,4,7,14,9,2,8,2,2,0,0
29/04/2013,NaN,Betis,La Coruna,1,1,D,0,1,A,20,12,4,6,17,19,8,3,5,4,0,0
03/05/2013,NaN,Celta,Ath Bilbao,1,1,D,0,1,A,21,8,6,2,10,13,9,4,1,4,0,0
04/05/2013,NaN,Granada,Malaga,1,0,H,1,0,H,14,10,4,4,22,13,6,2,4,2,0,0
04/05/2013,NaN,La Coruna,Ath Madrid,0,0,D,0,0,D,10,9,3,0,12,12,5,10,1,1,0,0
04/05/2013,NaN,Real Madrid,Valladolid,4,3,H,2,2,D,27,14,11,6,7,10,7,10,1,3,0,0
04/05/2013,NaN,Valencia,Osasuna,4,0,H,2,0,H,18,8,7,3,17,17,7,7,2,3,0,2
05/05/2013,NaN,Barcelona,Betis,4,2,H,1,2,A,19,5,10,3,12,10,7,0,1,1,0,0
05/05/2013,NaN,Mallorca,Levante,1,1,D,1,1,D,21,3,8,1,16,14,10,1,0,3,0,0
05/05/2013,NaN,Sevilla,Espanol,3,0,H,3,0,H,16,11,5,4,11,13,7,1,1,2,0,0
05/05/2013,NaN,Zaragoza,Vallecano,3,0,H,1,0,H,16,7,6,3,14,12,5,7,4,2,0,0
06/05/2013,NaN,Getafe,Sociedad,2,1,H,2,1,H,15,10,6,4,15,11,5,8,3,3,0,0
08/05/2013,NaN,Celta,Ath Madrid,1,3,A,0,0,D,13,10,4,5,14,18,4,4,3,4,0,0
08/05/2013,NaN,Real Madrid,Malaga,6,2,H,4,2,H,20,9,9,3,11,9,9,4,1,3,0,2
10/05/2013,NaN,Levante,Zaragoza,0,0,D,0,0,D,11,16,3,3,16,18,2,9,3,3,2,0
11/05/2013,NaN,Ath Bilbao,Mallorca,2,1,H,1,0,H,9,18,4,5,18,22,6,4,4,2,0,2
11/05/2013,NaN,Espanol,Real Madrid,1,1,D,1,0,H,7,11,5,4,13,17,8,3,5,6,1,0
11/05/2013,NaN,Osasuna,Getafe,1,0,H,0,0,D,21,6,4,2,20,16,4,4,3,5,0,0
11/05/2013,NaN,Valladolid,La Coruna,1,0,H,0,0,D,7,14,3,3,14,1,2,6,3,1,0,0
12/05/2013,NaN,Ath Madrid,Barcelona,1,2,A,0,0,D,12,11,2,3,18,11,3,2,1,2,0,0
12/05/2013,NaN,Betis,Celta,1,0,H,0,0,D,16,4,5,2,17,14,3,3,4,3,0,0
12/05/2013,NaN,Malaga,Sevilla,0,0,D,0,0,D,9,10,0,2,11,15,4,6,4,3,0,0
12/05/2013,NaN,Vallecano,Valencia,0,4,A,0,2,A,14,20,3,7,15,12,8,4,5,2,0,0
13/05/2013,NaN,Sociedad,Granada,2,2,D,2,1,H,18,15,4,5,11,13,9,4,2,4,0,0
18/05/2013,NaN,Getafe,Valencia,0,1,A,0,1,A,4,16,1,4,12,15,7,9,2,1,0,0
18/05/2013,NaN,Granada,Osasuna,3,0,H,1,0,H,11,16,4,5,18,14,5,5,3,2,0,1
18/05/2013,NaN,Sevilla,Sociedad,1,2,A,1,2,A,20,13,4,6,12,10,12,6,4,3,1,0
19/05/2013,NaN,Barcelona,Valladolid,2,1,H,2,0,H,16,5,4,2,4,6,14,2,0,0,0,0
19/05/2013,NaN,La Coruna,Espanol,2,0,H,0,0,D,17,7,5,2,11,25,7,6,3,5,0,0
19/05/2013,NaN,Levante,Vallecano,2,3,A,0,1,A,12,18,4,7,25,13,6,3,1,5,0,0
19/05/2013,NaN,Zaragoza,Ath Bilbao,1,2,A,1,0,H,14,10,3,4,21,14,3,1,5,2,0,0
20/05/2013,NaN,Mallorca,Betis,1,0,H,1,0,H,15,10,5,2,13,17,6,5,4,2,0,0
26/05/2013,NaN,Ath Bilbao,Levante,0,1,A,0,0,D,12,12,4,4,13,15,8,3,1,0,1,0
26/05/2013,NaN,Ath Madrid,Mallorca,0,0,D,0,0,D,10,12,2,4,15,11,7,3,5,4,0,0
26/05/2013,NaN,Betis,Zaragoza,4,0,H,2,0,H,13,16,5,3,18,12,4,4,2,6,0,0
26/05/2013,NaN,Espanol,Barcelona,0,2,A,0,1,A,6,10,2,4,13,10,4,5,3,2,1,0
26/05/2013,NaN,Getafe,Vallecano,1,2,A,0,0,D,14,13,6,7,21,18,10,7,3,5,0,0
26/05/2013,NaN,Malaga,La Coruna,3,1,H,1,0,H,15,28,9,4,12,6,5,6,1,1,0,0
26/05/2013,NaN,Osasuna,Sevilla,2,1,H,0,0,D,18,10,5,3,17,22,5,4,3,2,0,0
26/05/2013,NaN,Sociedad,Real Madrid,3,3,D,0,1,A,27,11,12,4,7,12,11,5,1,2,0,0
26/05/2013,NaN,Valencia,Granada,1,0,H,0,0,D,13,2,3,0,17,13,10,2,0,0,0,0
26/05/2013,NaN,Valladolid,Celta,0,2,A,0,1,A,13,17,3,10,13,7,3,3,4,2,0,0
01/06/2013,NaN,Barcelona,Malaga,4,1,H,3,0,H,10,11,6,5,5,5,9,6,0,0,0,0
01/06/2013,NaN,Celta,Espanol,1,0,H,1,0,H,12,8,5,1,17,17,6,6,1,3,0,1
01/06/2013,NaN,Granada,Getafe,2,0,H,1,0,H,16,11,5,0,10,7,4,4,1,1,0,0
01/06/2013,NaN,La Coruna,Sociedad,0,1,A,0,1,A,20,13,5,6,12,19,7,1,7,2,0,1
01/06/2013,NaN,Levante,Betis,1,1,D,0,0,D,13,9,4,2,17,15,7,5,3,4,0,0
01/06/2013,NaN,Mallorca,Valladolid,4,2,H,2,1,H,20,11,10,5,8,11,9,5,2,0,0,0
01/06/2013,NaN,Real Madrid,Osasuna,4,2,H,2,0,H,18,26,9,13,15,12,4,5,1,1,0,0
01/06/2013,NaN,Sevilla,Valencia,4,3,H,2,1,H,21,17,9,7,14,11,9,1,3,6,0,1
01/06/2013,NaN,Vallecano,Ath Bilbao,2,2,D,1,1,D,28,5,6,3,12,20,11,1,1,3,0,1
01/06/2013,NaN,Zaragoza,Ath Madrid,1,3,A,0,0,D,15,16,6,4,11,11,7,4,2,1,0,0
17/08/2013,NaN,Sociedad,Getafe,2,0,H,1,0,H,16,15,6,2,13,6,6,5,1,1,0,0
17/08/2013,NaN,Valencia,Malaga,1,0,H,0,0,D,9,11,1,2,15,23,9,6,3,5,0,0
17/08/2013,NaN,Valladolid,Ath Bilbao,1,2,A,1,1,D,8,13,2,3,10,8,5,5,1,0,0,0
18/08/2013,NaN,Barcelona,Levante,7,0,H,6,0,H,22,4,13,1,15,16,9,3,1,3,0,0
18/08/2013,NaN,Osasuna,Granada,1,2,A,0,2,A,14,13,5,4,15,17,7,6,1,4,0,0
18/08/2013,NaN,Real Madrid,Betis,2,1,H,1,1,D,20,11,9,4,11,20,5,7,1,2,0,0
18/08/2013,NaN,Sevilla,Ath Madrid,1,3,A,1,1,D,14,16,5,6,12,13,1,9,4,4,0,0
19/08/2013,NaN,Almeria,Villarreal,2,3,A,1,0,H,15,14,2,4,17,14,6,10,2,0,0,0
19/08/2013,NaN,Celta,Espanol,2,2,D,1,0,H,15,6,10,5,23,12,7,2,4,4,0,0
19/08/2013,NaN,Vallecano,Elche,3,0,H,2,0,H,11,8,5,1,16,11,3,4,2,2,0,0
23/08/2013,NaN,Ath Bilbao,Osasuna,2,0,H,1,0,H,8,18,2,5,15,20,5,10,2,2,0,0
23/08/2013,NaN,Getafe,Almeria,2,2,D,1,2,A,14,16,5,7,15,17,2,7,2,1,0,0
24/08/2013,NaN,Elche,Sociedad,1,1,D,1,0,H,12,11,2,4,9,12,4,2,4,3,0,0
24/08/2013,NaN,Espanol,Valencia,3,1,H,1,1,D,13,8,3,2,17,12,6,3,3,3,0,0
24/08/2013,NaN,Villarreal,Valladolid,2,1,H,1,1,D,17,6,6,2,11,25,8,3,4,2,0,0
25/08/2013,NaN,Ath Madrid,Vallecano,5,0,H,3,0,H,14,7,5,1,11,9,8,3,0,1,0,0
25/08/2013,NaN,Betis,Celta,1,2,A,0,0,D,20,13,6,4,9,18,12,8,1,3,0,1
25/08/2013,NaN,Levante,Sevilla,0,0,D,0,0,D,8,18,3,3,17,18,5,7,3,5,0,0
25/08/2013,NaN,Malaga,Barcelona,0,1,A,0,1,A,9,15,3,11,14,12,2,11,3,2,0,0
26/08/2013,NaN,Granada,Real Madrid,0,1,A,0,1,A,8,21,3,8,14,10,5,8,4,2,0,0
30/08/2013,NaN,Almeria,Elche,2,2,D,2,1,H,9,15,5,9,18,18,4,5,3,5,1,0
30/08/2013,NaN,Vallecano,Levante,1,2,A,0,1,A,23,6,8,2,14,17,8,1,4,3,1,0
31/08/2013,NaN,Celta,Granada,1,1,D,1,0,H,17,3,4,1,9,6,6,5,1,2,0,0
31/08/2013,NaN,Osasuna,Villarreal,0,3,A,0,2,A,9,9,3,4,15,14,7,8,3,2,0,0
31/08/2013,NaN,Valladolid,Getafe,1,0,H,0,0,D,21,16,6,0,19,8,10,5,2,2,0,0
01/09/2013,NaN,Espanol,Betis,0,0,D,0,0,D,10,8,3,3,19,14,7,7,2,4,0,0
01/09/2013,NaN,Real Madrid,Ath Bilbao,3,1,H,2,0,H,20,12,7,2,15,13,9,6,1,2,0,0
01/09/2013,NaN,Sevilla,Malaga,2,2,D,1,1,D,15,15,7,6,17,13,10,1,3,3,0,1
01/09/2013,NaN,Sociedad,Ath Madrid,1,2,A,0,1,A,10,16,4,9,19,21,5,5,2,4,0,0
01/09/2013,NaN,Valencia,Barcelona,2,3,A,2,3,A,16,20,10,9,20,11,5,7,2,3,0,0
14/09/2013,NaN,Ath Madrid,Almeria,4,2,H,2,1,H,20,7,8,2,15,17,8,1,2,4,0,0
14/09/2013,NaN,Barcelona,Sevilla,3,2,H,1,0,H,19,7,10,2,12,17,6,9,2,5,0,0
14/09/2013,NaN,Levante,Sociedad,0,0,D,0,0,D,13,13,5,3,16,12,5,1,3,1,0,0
14/09/2013,NaN,Villarreal,Real Madrid,2,2,D,1,1,D,19,20,9,6,14,13,10,3,2,3,0,0
15/09/2013,NaN,Betis,Valencia,3,1,H,3,0,H,21,5,9,2,15,3,7,13,0,1,0,0
15/09/2013,NaN,Getafe,Osasuna,2,1,H,1,1,D,14,11,5,6,15,17,7,4,2,4,0,0
15/09/2013,NaN,Granada,Espanol,0,1,A,0,0,D,9,7,1,3,17,16,4,4,3,3,1,0
15/09/2013,NaN,Malaga,Vallecano,5,0,H,2,0,H,17,12,9,2,13,16,6,5,1,2,0,0
16/09/2013,NaN,Ath Bilbao,Celta,3,2,H,1,1,D,16,8,6,3,7,18,4,2,2,3,0,0
16/09/2013,NaN,Elche,Valladolid,0,0,D,0,0,D,10,8,5,4,18,9,10,4,4,1,0,0
20/09/2013,NaN,Osasuna,Elche,2,1,H,1,0,H,8,13,3,4,17,7,5,8,2,1,0,0
21/09/2013,NaN,Almeria,Levante,2,2,D,1,0,H,13,16,8,7,16,18,1,7,4,7,1,0
21/09/2013,NaN,Sociedad,Malaga,0,0,D,0,0,D,10,11,2,4,10,14,5,4,3,3,0,0
21/09/2013,NaN,Valladolid,Ath Madrid,0,2,A,0,0,D,12,15,2,6,15,13,2,6,2,2,0,0
21/09/2013,NaN,Vallecano,Barcelona,0,4,A,0,1,A,14,14,9,8,21,16,6,14,2,1,0,0
22/09/2013,NaN,Betis,Granada,0,0,D,0,0,D,19,4,6,1,13,11,5,3,4,1,0,0
22/09/2013,NaN,Celta,Villarreal,0,0,D,0,0,D,5,12,1,4,14,13,2,6,5,1,0,0
22/09/2013,NaN,Real Madrid,Getafe,4,1,H,2,1,H,29,7,11,4,13,15,9,5,1,3,0,1
22/09/2013,NaN,Valencia,Sevilla,3,1,H,1,0,H,26,9,6,3,15,12,8,8,2,1,0,0
23/09/2013,NaN,Espanol,Ath Bilbao,3,2,H,1,1,D,11,9,6,3,17,11,3,6,2,2,0,0
24/09/2013,NaN,Ath Madrid,Osasuna,2,1,H,2,1,H,13,7,4,1,11,14,11,2,3,1,0,0
24/09/2013,NaN,Barcelona,Sociedad,4,1,H,3,0,H,23,9,9,5,6,12,6,1,0,1,0,0
24/09/2013,NaN,Levante,Valladolid,1,1,D,1,1,D,24,4,4,2,13,13,7,0,2,4,0,1
24/09/2013,NaN,Malaga,Almeria,2,0,H,0,0,D,16,7,7,2,12,13,9,5,2,1,0,0
25/09/2013,NaN,Elche,Real Madrid,1,2,A,0,0,D,11,12,3,5,23,9,4,5,8,2,1,0
25/09/2013,NaN,Granada,Valencia,0,1,A,0,0,D,13,14,4,3,19,15,5,5,4,2,0,0
25/09/2013,NaN,Sevilla,Vallecano,4,1,H,1,0,H,16,10,7,4,14,18,4,2,3,4,0,2
26/09/2013,NaN,Ath Bilbao,Betis,2,1,H,0,0,D,20,10,8,5,8,13,8,4,1,5,0,0
26/09/2013,NaN,Getafe,Celta,2,0,H,1,0,H,14,9,3,2,14,8,11,5,2,1,0,0
26/09/2013,NaN,Villarreal,Espanol,2,1,H,1,0,H,8,12,5,3,15,22,3,5,1,3,0,0
27/09/2013,NaN,Valladolid,Malaga,2,2,D,0,1,A,13,11,3,4,6,7,11,4,3,0,0,0
28/09/2013,NaN,Almeria,Barcelona,0,2,A,0,1,A,5,15,1,4,20,15,2,3,1,2,0,0
28/09/2013,NaN,Real Madrid,Ath Madrid,0,1,A,0,1,A,20,13,5,4,21,18,2,7,4,4,0,0
28/09/2013,NaN,Sociedad,Sevilla,1,1,D,0,1,A,17,10,5,3,11,10,8,5,0,4,0,1
28/09/2013,NaN,Valencia,Vallecano,1,0,H,1,0,H,5,13,4,3,14,21,3,5,3,5,0,0
29/09/2013,NaN,Betis,Villarreal,1,0,H,1,0,H,11,7,5,2,15,13,5,6,6,3,0,0
29/09/2013,NaN,Celta,Elche,0,1,A,0,0,D,7,14,1,4,17,16,7,4,1,3,0,0
29/09/2013,NaN,Espanol,Getafe,0,2,A,0,0,D,14,7,3,3,8,14,14,4,1,3,0,0
29/09/2013,NaN,Osasuna,Levante,0,1,A,0,0,D,20,15,5,5,17,15,9,6,5,2,1,0
30/09/2013,NaN,Granada,Ath Bilbao,2,0,H,0,0,D,13,11,5,4,17,10,5,2,2,1,0,0
04/10/2013,NaN,Malaga,Osasuna,0,1,A,0,1,A,15,13,3,6,7,14,6,6,1,5,0,0
04/10/2013,NaN,Villarreal,Granada,3,0,H,1,0,H,16,8,4,1,9,13,6,4,0,1,0,0
05/10/2013,NaN,Barcelona,Valladolid,4,1,H,1,1,D,21,7,8,1,7,15,7,4,0,3,0,0
05/10/2013,NaN,Elche,Espanol,2,1,H,1,0,H,12,13,6,3,13,19,4,5,1,1,0,1
05/10/2013,NaN,Levante,Real Madrid,2,3,A,0,0,D,13,27,5,10,18,13,3,8,1,3,0,0
05/10/2013,NaN,Vallecano,Sociedad,1,0,H,0,0,D,11,18,1,6,9,8,7,6,2,2,0,0
06/10/2013,NaN,Ath Bilbao,Valencia,1,1,D,0,1,A,17,12,8,5,8,6,9,2,2,2,0,0
06/10/2013,NaN,Ath Madrid,Celta,2,1,H,1,0,H,23,3,12,2,12,16,13,0,1,3,0,0
06/10/2013,NaN,Getafe,Betis,3,1,H,3,0,H,11,15,5,4,19,14,5,10,3,3,0,0
06/10/2013,NaN,Sevilla,Almeria,2,1,H,1,1,D,22,11,6,4,14,9,12,3,4,5,0,0
19/10/2013,NaN,Espanol,Ath Madrid,1,0,H,0,0,D,9,6,3,0,16,22,3,3,5,4,0,0
19/10/2013,NaN,Osasuna,Barcelona,0,0,D,0,0,D,4,12,1,3,13,8,2,5,3,2,0,0
19/10/2013,NaN,Real Madrid,Malaga,2,0,H,0,0,D,22,3,15,1,5,12,10,1,1,5,0,0
19/10/2013,NaN,Valencia,Sociedad,1,2,A,0,1,A,16,8,4,3,13,10,8,2,3,1,0,0
20/10/2013,NaN,Almeria,Vallecano,0,1,A,0,0,D,6,16,2,10,21,13,7,6,2,3,0,1
20/10/2013,NaN,Betis,Elche,1,2,A,1,2,A,15,7,7,4,22,8,6,7,4,2,0,1
20/10/2013,NaN,Granada,Getafe,0,2,A,0,0,D,12,15,5,7,21,12,9,3,3,2,1,0
20/10/2013,NaN,Valladolid,Sevilla,2,2,D,0,2,A,11,16,5,6,14,17,6,5,2,3,0,0
21/10/2013,NaN,Ath Bilbao,Villarreal,2,0,H,2,0,H,19,6,3,2,14,13,8,4,5,2,0,1
21/10/2013,NaN,Celta,Levante,0,1,A,0,0,D,15,6,4,3,11,14,2,0,2,1,0,0
25/10/2013,NaN,Vallecano,Valladolid,0,3,A,0,2,A,17,9,4,6,7,27,8,1,2,2,0,0
26/10/2013,NaN,Barcelona,Real Madrid,2,1,H,1,0,H,12,10,5,6,19,16,4,3,2,5,0,0
26/10/2013,NaN,Elche,Granada,0,1,A,0,1,A,8,14,1,3,12,8,5,4,2,3,0,0
26/10/2013,NaN,Levante,Espanol,3,0,H,2,0,H,6,20,3,6,14,23,3,11,2,5,0,0
26/10/2013,NaN,Malaga,Celta,0,5,A,0,2,A,7,16,1,9,14,11,5,6,2,0,0,0
27/10/2013,NaN,Ath Madrid,Betis,5,0,H,1,0,H,16,9,12,1,14,7,6,5,0,2,0,0
27/10/2013,NaN,Sevilla,Osasuna,2,1,H,0,0,D,23,7,4,3,11,11,9,3,1,4,0,1
27/10/2013,NaN,Sociedad,Almeria,3,0,H,1,0,H,10,15,3,4,10,14,3,7,1,3,0,0
27/10/2013,NaN,Villarreal,Valencia,4,1,H,2,0,H,15,16,8,8,14,13,6,9,3,2,0,0
28/10/2013,NaN,Getafe,Ath Bilbao,0,1,A,0,1,A,14,6,3,5,13,22,9,4,0,3,0,0
29/10/2013,NaN,Celta,Barcelona,0,3,A,0,1,A,12,20,4,8,17,12,5,7,3,1,0,0
29/10/2013,NaN,Espanol,Malaga,0,0,D,0,0,D,12,14,3,5,20,11,8,6,1,3,0,0
30/10/2013,NaN,Osasuna,Vallecano,3,1,H,2,0,H,10,21,6,5,10,9,5,10,0,2,1,0
30/10/2013,NaN,Real Madrid,Sevilla,7,3,H,3,2,H,18,16,10,6,17,15,2,1,3,2,0,1
30/10/2013,NaN,Valencia,Almeria,1,2,A,1,0,H,19,8,7,4,14,17,5,2,0,5,0,0
30/10/2013,NaN,Valladolid,Sociedad,2,2,D,0,1,A,18,16,7,6,15,7,11,4,4,1,0,0
31/10/2013,NaN,Ath Bilbao,Elche,2,2,D,0,1,A,17,11,5,6,11,10,8,3,3,2,0,0
31/10/2013,NaN,Betis,Levante,0,0,D,0,0,D,16,17,5,4,12,14,4,3,1,6,1,0
31/10/2013,NaN,Granada,Ath Madrid,1,2,A,0,1,A,10,7,1,6,15,16,5,5,2,2,0,1
31/10/2013,NaN,Villarreal,Getafe,0,2,A,0,1,A,12,9,3,4,12,14,9,8,1,4,1,0
01/11/2013,NaN,Barcelona,Espanol,1,0,H,0,0,D,19,8,5,2,7,19,9,2,1,3,0,0
02/11/2013,NaN,Almeria,Valladolid,1,0,H,1,0,H,14,8,7,2,15,13,3,5,4,2,0,1
02/11/2013,NaN,Sevilla,Celta,0,1,A,0,0,D,14,17,4,4,12,15,10,5,2,1,0,0
02/11/2013,NaN,Sociedad,Osasuna,5,0,H,1,0,H,17,5,8,1,8,6,9,2,2,0,0,1
02/11/2013,NaN,Vallecano,Real Madrid,2,3,A,0,2,A,23,11,6,5,13,12,6,1,3,5,0,0
03/11/2013,NaN,Ath Madrid,Ath Bilbao,2,0,H,2,0,H,15,2,8,0,15,21,3,0,5,2,0,1
03/11/2013,NaN,Getafe,Valencia,0,1,A,0,1,A,14,16,5,5,17,7,6,6,6,2,0,0
03/11/2013,NaN,Levante,Granada,0,1,A,0,0,D,13,15,7,5,15,15,5,7,2,3,0,0
03/11/2013,NaN,Malaga,Betis,3,2,H,1,1,D,10,8,4,3,20,12,2,3,2,2,0,0
04/11/2013,NaN,Elche,Villarreal,0,1,A,0,0,D,5,16,0,6,19,11,9,9,3,3,0,0
08/11/2013,NaN,Granada,Malaga,3,1,H,0,0,D,16,17,10,6,17,17,7,5,3,3,0,0
08/11/2013,NaN,Osasuna,Almeria,0,1,A,0,1,A,20,4,5,2,9,16,12,5,2,3,0,0
09/11/2013,NaN,Ath Bilbao,Levante,2,1,H,0,1,A,21,7,9,3,19,24,11,2,3,5,1,0
09/11/2013,NaN,Celta,Vallecano,0,2,A,0,1,A,16,16,4,4,16,19,8,4,3,2,0,0
09/11/2013,NaN,Getafe,Elche,1,1,D,1,0,H,10,10,2,5,17,16,4,7,3,6,0,0
09/11/2013,NaN,Real Madrid,Sociedad,5,1,H,4,0,H,17,8,8,3,16,9,2,7,2,1,0,0
10/11/2013,NaN,Betis,Barcelona,1,4,A,0,2,A,16,11,5,8,18,12,9,0,3,2,0,0
10/11/2013,NaN,Espanol,Sevilla,1,3,A,1,2,A,15,12,2,4,19,11,5,4,2,3,1,0
10/11/2013,NaN,Valencia,Valladolid,2,2,D,1,1,D,19,11,6,6,8,17,6,6,1,5,0,0
10/11/2013,NaN,Villarreal,Ath Madrid,1,1,D,0,1,A,15,7,3,1,14,22,5,1,3,4,0,0
22/11/2013,NaN,Valladolid,Osasuna,0,1,A,0,0,D,7,10,3,3,8,17,6,1,4,4,0,0
23/11/2013,NaN,Almeria,Real Madrid,0,5,A,0,1,A,12,35,4,15,15,7,1,6,1,2,0,0
23/11/2013,NaN,Ath Madrid,Getafe,7,0,H,2,0,H,24,2,13,1,10,12,8,3,2,2,0,1
23/11/2013,NaN,Barcelona,Granada,4,0,H,2,0,H,13,10,8,3,19,19,3,7,2,2,0,1
23/11/2013,NaN,Sociedad,Celta,4,3,H,1,2,A,23,10,12,5,11,24,7,3,2,2,0,1
24/11/2013,NaN,Elche,Valencia,2,1,H,0,0,D,9,25,3,8,14,10,2,7,3,2,0,0
24/11/2013,NaN,Levante,Villarreal,0,3,A,0,1,A,5,23,1,9,17,17,5,4,1,1,1,0
24/11/2013,NaN,Sevilla,Betis,4,0,H,2,0,H,16,8,4,1,16,21,3,1,1,4,0,1
24/11/2013,NaN,Vallecano,Espanol,1,4,A,0,1,A,16,8,4,5,15,12,7,3,3,3,1,0
25/11/2013,NaN,Malaga,Ath Bilbao,1,2,A,1,0,H,8,10,1,6,20,9,5,3,4,1,1,0
29/11/2013,NaN,Getafe,Levante,1,0,H,0,0,D,15,11,2,1,15,19,4,5,3,1,0,0
29/11/2013,NaN,Villarreal,Malaga,1,1,D,1,0,H,7,8,3,3,12,11,9,8,1,4,0,0
30/11/2013,NaN,Celta,Almeria,3,1,H,1,1,D,17,6,6,3,11,12,7,3,1,2,0,0
30/11/2013,NaN,Elche,Ath Madrid,0,2,A,0,0,D,10,12,2,4,14,13,9,6,2,4,0,0
30/11/2013,NaN,Espanol,Sociedad,1,2,A,1,0,H,13,15,4,6,17,12,5,7,4,3,0,0
30/11/2013,NaN,Real Madrid,Valladolid,4,0,H,2,0,H,26,9,12,3,6,8,10,1,1,1,0,0
01/12/2013,NaN,Ath Bilbao,Barcelona,1,0,H,0,0,D,15,11,6,2,16,10,4,5,3,4,0,0
01/12/2013,NaN,Betis,Vallecano,2,2,D,1,0,H,12,9,4,5,21,16,8,4,3,5,0,0
01/12/2013,NaN,Granada,Sevilla,1,2,A,0,1,A,17,13,8,7,13,14,8,3,4,7,0,0
01/12/2013,NaN,Valencia,Osasuna,3,0,H,1,0,H,24,6,11,1,15,11,7,1,1,1,0,1
13/12/2013,NaN,Levante,Elche,2,1,H,1,1,D,9,7,3,2,11,9,5,3,4,4,0,0
14/12/2013,NaN,Barcelona,Villarreal,2,1,H,1,0,H,13,3,7,1,7,12,7,4,1,1,0,0
14/12/2013,NaN,Malaga,Getafe,1,0,H,0,0,D,21,6,4,3,17,14,7,4,4,4,0,0
14/12/2013,NaN,Osasuna,Real Madrid,2,2,D,2,1,H,11,17,7,4,9,14,5,6,4,1,1,1
14/12/2013,NaN,Vallecano,Granada,0,2,A,0,1,A,17,13,8,3,20,21,7,3,4,5,1,0
15/12/2013,NaN,Almeria,Espanol,0,0,D,0,0,D,10,16,4,6,10,17,5,5,0,2,0,0
15/12/2013,NaN,Ath Madrid,Valencia,3,0,H,0,0,D,14,3,6,0,9,14,8,1,2,4,0,0
15/12/2013,NaN,Sevilla,Ath Bilbao,1,1,D,1,1,D,14,13,2,4,21,9,8,9,4,2,0,0
15/12/2013,NaN,Sociedad,Betis,5,1,H,1,1,D,20,15,9,4,8,12,11,1,4,2,0,0
16/12/2013,NaN,Valladolid,Celta,3,0,H,0,0,D,11,14,6,3,17,17,7,5,3,1,0,1
20/12/2013,NaN,Elche,Malaga,0,1,A,0,1,A,8,6,2,2,17,14,7,2,3,4,1,0
21/12/2013,NaN,Ath Madrid,Levante,3,2,H,1,1,D,16,8,6,4,16,18,10,6,3,5,0,1
21/12/2013,NaN,Betis,Almeria,0,1,A,0,1,A,25,14,8,7,9,17,11,2,0,2,0,0
21/12/2013,NaN,Granada,Sociedad,1,3,A,1,2,A,23,11,8,7,16,9,8,2,3,1,0,0
21/12/2013,NaN,Villarreal,Sevilla,1,2,A,0,1,A,13,12,5,4,13,25,11,4,3,4,0,1
22/12/2013,NaN,Ath Bilbao,Vallecano,2,1,H,1,0,H,24,14,9,5,11,21,8,7,0,2,0,0
22/12/2013,NaN,Celta,Osasuna,1,1,D,1,1,D,14,13,6,4,14,15,5,7,0,3,0,0
22/12/2013,NaN,Espanol,Valladolid,4,2,H,2,0,H,13,9,7,4,23,13,2,4,3,1,0,0
22/12/2013,NaN,Getafe,Barcelona,2,5,A,2,3,A,12,15,2,7,26,7,7,1,4,3,0,0
22/12/2013,NaN,Valencia,Real Madrid,2,3,A,1,2,A,12,12,5,5,12,13,3,6,2,2,0,0
04/01/2014,NaN,Almeria,Granada,3,0,H,2,0,H,18,5,8,3,18,10,9,9,3,3,0,0
04/01/2014,NaN,Malaga,Ath Madrid,0,1,A,0,0,D,12,9,3,6,20,14,5,8,4,6,0,0
04/01/2014,NaN,Valencia,Levante,2,0,H,1,0,H,17,7,5,2,17,24,7,5,3,1,0,0
04/01/2014,NaN,Valladolid,Betis,0,0,D,0,0,D,10,6,3,3,6,10,10,6,1,0,0,0
05/01/2014,NaN,Barcelona,Elche,4,0,H,2,0,H,13,3,6,0,12,17,1,2,2,2,0,0
05/01/2014,NaN,Osasuna,Espanol,1,0,H,1,0,H,11,13,4,3,9,15,1,10,3,7,0,0
05/01/2014,NaN,Sevilla,Getafe,3,0,H,1,0,H,20,9,7,1,13,14,9,2,2,2,0,0
05/01/2014,NaN,Sociedad,Ath Bilbao,2,0,H,1,0,H,8,13,4,3,11,15,5,4,2,3,0,0
06/01/2014,NaN,Real Madrid,Celta,3,0,H,0,0,D,18,15,8,1,12,9,12,9,0,2,0,0
06/01/2014,NaN,Vallecano,Villarreal,2,5,A,0,3,A,19,12,8,6,14,18,11,5,3,3,0,0
10/01/2014,NaN,Granada,Valladolid,4,0,H,2,0,H,15,10,8,1,11,13,8,5,0,3,0,0
11/01/2014,NaN,Ath Bilbao,Almeria,6,1,H,3,1,H,15,9,7,2,13,10,8,6,2,1,0,0
11/01/2014,NaN,Ath Madrid,Barcelona,0,0,D,0,0,D,6,9,2,2,17,9,7,6,2,3,0,0
11/01/2014,NaN,Celta,Valencia,2,1,H,0,1,A,21,11,8,2,7,14,4,2,0,2,0,0
11/01/2014,NaN,Elche,Sevilla,1,1,D,0,0,D,10,10,3,3,7,23,8,5,2,3,0,0
12/01/2014,NaN,Betis,Osasuna,1,2,A,0,1,A,22,7,8,3,20,11,8,3,4,2,1,1
12/01/2014,NaN,Espanol,Real Madrid,0,1,A,0,0,D,11,23,1,8,19,12,3,8,2,1,0,0
12/01/2014,NaN,Getafe,Vallecano,0,1,A,0,1,A,14,14,5,5,19,14,12,7,5,1,0,0
12/01/2014,NaN,Levante,Malaga,1,0,H,1,0,H,8,22,5,6,24,16,4,7,4,5,0,0
13/01/2014,NaN,Villarreal,Sociedad,5,1,H,3,0,H,22,8,11,4,16,13,8,6,2,4,0,0
17/01/2014,NaN,Malaga,Valencia,0,0,D,0,0,D,17,11,6,4,17,17,5,5,2,4,0,0
18/01/2014,NaN,Betis,Real Madrid,0,5,A,0,3,A,7,21,1,11,18,13,0,7,3,1,0,0
18/01/2014,NaN,Elche,Vallecano,2,0,H,1,0,H,15,7,10,1,13,7,7,1,2,2,0,1
18/01/2014,NaN,Espanol,Celta,1,0,H,0,0,D,8,12,3,2,15,14,3,8,1,1,0,0
18/01/2014,NaN,Granada,Osasuna,0,0,D,0,0,D,17,8,3,0,11,12,7,0,1,3,0,0
19/01/2014,NaN,Ath Madrid,Sevilla,1,1,D,1,0,H,16,10,2,3,13,15,8,3,3,2,0,1
19/01/2014,NaN,Getafe,Sociedad,2,2,D,1,2,A,16,9,5,6,21,12,9,3,3,2,1,0
19/01/2014,NaN,Levante,Barcelona,1,1,D,1,1,D,7,17,4,6,13,11,2,8,3,1,0,0
19/01/2014,NaN,Villarreal,Almeria,2,0,H,1,0,H,12,13,2,4,15,15,9,7,2,1,0,0
20/01/2014,NaN,Ath Bilbao,Valladolid,4,2,H,0,1,A,23,7,14,4,6,13,11,0,2,4,0,0
24/01/2014,NaN,Celta,Betis,4,2,H,3,1,H,10,13,5,5,17,15,2,4,2,3,0,1
25/01/2014,NaN,Real Madrid,Granada,2,0,H,0,0,D,23,8,8,2,11,14,4,1,4,2,0,0
25/01/2014,NaN,Sevilla,Levante,2,3,A,1,1,D,28,7,10,6,15,15,7,3,3,3,1,1
25/01/2014,NaN,Valencia,Espanol,2,2,D,2,2,D,15,9,5,2,13,11,10,4,3,0,0,0
25/01/2014,NaN,Valladolid,Villarreal,1,0,H,1,0,H,8,4,2,2,19,13,8,2,4,0,0,0
26/01/2014,NaN,Almeria,Getafe,1,0,H,0,0,D,7,16,4,5,19,16,10,12,2,2,0,0
26/01/2014,NaN,Barcelona,Malaga,3,0,H,1,0,H,23,4,10,2,13,16,15,2,1,3,0,0
26/01/2014,NaN,Osasuna,Ath Bilbao,1,5,A,1,2,A,11,19,1,9,24,13,1,8,3,4,1,0
26/01/2014,NaN,Vallecano,Ath Madrid,2,4,A,1,3,A,13,15,6,7,16,13,8,9,2,1,0,0
27/01/2014,NaN,Sociedad,Elche,4,0,H,2,0,H,7,18,5,6,9,8,4,6,1,2,0,0
31/01/2014,NaN,Granada,Celta,1,2,A,1,1,D,16,10,3,3,10,14,9,4,2,4,0,0
01/02/2014,NaN,Barcelona,Valencia,2,3,A,1,1,D,20,8,5,4,18,8,9,5,2,3,1,0
01/02/2014,NaN,Getafe,Valladolid,0,0,D,0,0,D,7,10,1,2,11,13,2,9,2,3,0,0
01/02/2014,NaN,Levante,Vallecano,0,0,D,0,0,D,11,16,2,5,23,20,6,6,2,3,0,0
01/02/2014,NaN,Malaga,Sevilla,3,2,H,1,0,H,14,11,7,4,12,14,3,5,3,5,0,0
02/02/2014,NaN,Ath Bilbao,Real Madrid,1,1,D,0,0,D,9,10,3,3,13,14,6,3,1,1,0,1
02/02/2014,NaN,Ath Madrid,Sociedad,4,0,H,1,0,H,12,10,6,2,16,13,6,7,3,2,0,0
02/02/2014,NaN,Betis,Espanol,2,0,H,0,0,D,13,6,3,1,15,15,8,5,3,1,0,0
02/02/2014,NaN,Elche,Almeria,1,0,H,0,0,D,13,10,5,3,14,18,8,3,3,3,1,0
03/02/2014,NaN,Villarreal,Osasuna,3,1,H,0,0,D,13,10,8,2,17,8,5,2,2,1,0,0
07/02/2014,NaN,Espanol,Granada,1,0,H,0,0,D,13,13,5,1,17,19,3,3,4,5,1,0
08/02/2014,NaN,Almeria,Ath Madrid,2,0,H,0,0,D,7,12,3,1,21,8,2,1,2,2,0,1
08/02/2014,NaN,Real Madrid,Villarreal,4,2,H,2,1,H,13,10,6,3,10,7,6,3,0,2,0,0
08/02/2014,NaN,Valencia,Betis,5,0,H,2,0,H,18,9,9,2,7,15,9,9,0,2,0,0
08/02/2014,NaN,Vallecano,Malaga,4,1,H,3,0,H,11,15,6,5,20,14,3,5,3,3,0,1
09/02/2014,NaN,Osasuna,Getafe,2,0,H,1,0,H,14,18,7,4,19,11,4,6,1,4,0,0
09/02/2014,NaN,Sevilla,Barcelona,1,4,A,1,2,A,15,9,4,5,22,9,6,0,3,3,0,0
09/02/2014,NaN,Sociedad,Levante,0,0,D,0,0,D,18,6,6,0,10,20,7,3,2,3,0,0
09/02/2014,NaN,Valladolid,Elche,2,2,D,0,1,A,13,9,3,4,15,15,9,2,2,2,0,0
10/02/2014,NaN,Celta,Ath Bilbao,0,0,D,0,0,D,14,7,1,1,12,9,5,6,1,3,0,0
14/02/2014,NaN,Elche,Osasuna,0,0,D,0,0,D,11,8,2,3,10,11,7,7,3,3,0,0
15/02/2014,NaN,Ath Madrid,Valladolid,3,0,H,2,0,H,13,4,5,0,10,11,8,3,0,3,0,0
15/02/2014,NaN,Barcelona,Vallecano,6,0,H,2,0,H,21,9,10,4,6,10,12,5,0,0,0,0
15/02/2014,NaN,Levante,Almeria,1,0,H,0,0,D,13,13,3,3,13,16,1,9,1,4,0,0
15/02/2014,NaN,Villarreal,Celta,0,2,A,0,0,D,19,8,5,2,14,11,9,2,2,4,0,0
16/02/2014,NaN,Ath Bilbao,Espanol,1,2,A,0,1,A,10,14,3,7,15,14,5,6,2,2,1,0
16/02/2014,NaN,Getafe,Real Madrid,0,3,A,0,2,A,9,16,1,7,16,14,8,10,3,4,0,0
16/02/2014,NaN,Granada,Betis,1,0,H,1,0,H,13,11,4,6,20,15,4,4,4,3,1,1
16/02/2014,NaN,Sevilla,Valencia,0,0,D,0,0,D,17,9,2,0,22,13,14,1,2,5,1,1
17/02/2014,NaN,Malaga,Sociedad,0,1,A,0,1,A,14,7,5,3,12,15,6,2,3,0,0,0
21/02/2014,NaN,Valladolid,Levante,1,1,D,0,1,A,11,3,2,1,13,16,4,1,3,3,0,0
22/02/2014,NaN,Almeria,Malaga,0,0,D,0,0,D,7,14,2,2,14,23,5,5,2,5,0,0
22/02/2014,NaN,Celta,Getafe,1,1,D,0,1,A,19,6,8,4,15,16,5,0,6,4,0,1
22/02/2014,NaN,Real Madrid,Elche,3,0,H,1,0,H,16,5,7,2,14,19,9,1,1,3,0,0
22/02/2014,NaN,Sociedad,Barcelona,3,1,H,1,1,D,15,12,3,3,13,15,2,13,2,3,0,0
23/02/2014,NaN,Betis,Ath Bilbao,0,2,A,0,1,A,11,14,4,7,14,10,8,5,2,1,2,0
23/02/2014,NaN,Osasuna,Ath Madrid,3,0,H,3,0,H,10,13,4,6,13,10,6,9,0,1,0,0
23/02/2014,NaN,Valencia,Granada,2,1,H,0,0,D,17,8,7,3,14,15,8,2,5,3,0,0
23/02/2014,NaN,Vallecano,Sevilla,0,1,A,0,0,D,9,9,1,2,16,11,1,7,2,1,0,1
24/02/2014,NaN,Espanol,Villarreal,1,2,A,0,1,A,13,10,6,4,12,19,2,2,4,4,0,0
28/02/2014,NaN,Ath Bilbao,Granada,4,0,H,2,0,H,27,6,10,1,9,12,6,3,0,2,0,1
01/03/2014,NaN,Elche,Celta,1,0,H,0,0,D,9,12,1,3,13,15,3,12,5,3,0,0
01/03/2014,NaN,Getafe,Espanol,0,0,D,0,0,D,15,17,7,3,9,11,10,11,4,3,0,0
01/03/2014,NaN,Levante,Osasuna,2,0,H,2,0,H,7,15,3,4,22,18,3,6,4,3,1,0
01/03/2014,NaN,Malaga,Valladolid,1,1,D,1,1,D,17,8,5,3,18,15,8,5,0,1,0,0
02/03/2014,NaN,Ath Madrid,Real Madrid,2,2,D,2,1,H,11,15,4,6,17,10,6,4,3,2,0,0
02/03/2014,NaN,Barcelona,Almeria,4,1,H,2,1,H,29,6,11,3,8,12,13,4,1,4,0,0
02/03/2014,NaN,Sevilla,Sociedad,1,0,H,0,0,D,10,11,5,3,15,10,3,4,2,4,0,0
02/03/2014,NaN,Vallecano,Valencia,1,0,H,0,0,D,17,11,3,1,19,16,3,3,3,1,0,1
02/03/2014,NaN,Villarreal,Betis,1,1,D,0,0,D,4,11,3,3,11,12,7,8,1,4,1,0
08/03/2014,NaN,Betis,Getafe,2,0,H,2,0,H,17,9,5,2,15,16,6,6,3,3,0,0
08/03/2014,NaN,Celta,Ath Madrid,0,2,A,0,0,D,9,13,2,7,12,11,2,5,1,3,0,0
08/03/2014,NaN,Granada,Villarreal,2,0,H,2,0,H,13,5,4,1,21,17,3,3,4,1,0,0
08/03/2014,NaN,Valladolid,Barcelona,1,0,H,1,0,H,7,13,2,6,15,14,4,3,5,1,0,0
09/03/2014,NaN,Almeria,Sevilla,1,3,A,0,1,A,8,7,5,4,11,13,3,8,2,4,0,0
09/03/2014,NaN,Espanol,Elche,3,1,H,2,0,H,12,12,6,3,16,11,5,5,1,3,0,0
09/03/2014,NaN,Real Madrid,Levante,3,0,H,1,0,H,25,6,10,1,12,12,12,2,2,2,0,1
09/03/2014,NaN,Valencia,Ath Bilbao,1,1,D,1,0,H,13,13,4,4,15,15,9,6,3,2,0,0
10/03/2014,NaN,Osasuna,Malaga,0,2,A,0,1,A,19,11,7,4,5,19,10,10,1,3,0,1
10/03/2014,NaN,Sociedad,Vallecano,2,3,A,2,1,H,15,15,6,4,11,14,3,8,0,3,0,0
14/03/2014,NaN,Getafe,Granada,3,3,D,2,1,H,11,17,5,5,14,10,4,10,4,1,1,1
15/03/2014,NaN,Ath Madrid,Espanol,1,0,H,0,0,D,8,8,2,4,11,17,7,2,3,3,0,0
15/03/2014,NaN,Levante,Celta,0,1,A,0,1,A,18,26,8,8,17,18,4,9,3,5,0,0
15/03/2014,NaN,Malaga,Real Madrid,0,1,A,0,1,A,12,13,4,6,10,6,7,6,2,0,0,0
15/03/2014,NaN,Vallecano,Almeria,3,1,H,1,0,H,14,7,5,2,11,16,6,6,1,3,0,0
16/03/2014,NaN,Barcelona,Osasuna,7,0,H,3,0,H,20,6,11,3,9,10,4,4,1,2,0,0
16/03/2014,NaN,Elche,Betis,0,0,D,0,0,D,12,9,1,3,15,18,6,3,4,3,0,0
16/03/2014,NaN,Sevilla,Valladolid,4,1,H,2,0,H,14,8,6,2,13,13,9,2,3,3,0,0
16/03/2014,NaN,Sociedad,Valencia,1,0,H,0,0,D,9,12,2,3,16,20,6,9,2,4,0,0
17/03/2014,NaN,Villarreal,Ath Bilbao,1,1,D,0,0,D,8,7,3,4,14,12,11,5,1,2,1,0
21/03/2014,NaN,Celta,Malaga,0,2,A,0,2,A,12,9,3,4,8,14,6,2,1,5,0,1
22/03/2014,NaN,Ath Bilbao,Getafe,1,0,H,1,0,H,14,9,8,3,14,25,10,4,1,3,0,0
22/03/2014,NaN,Espanol,Levante,0,0,D,0,0,D,12,6,3,3,10,18,8,9,4,3,0,1
22/03/2014,NaN,Granada,Elche,1,0,H,0,0,D,9,10,4,4,15,18,5,3,1,3,0,1
22/03/2014,NaN,Valladolid,Vallecano,1,1,D,1,1,D,9,16,2,3,10,6,4,7,4,2,0,0
23/03/2014,NaN,Betis,Ath Madrid,0,2,A,0,0,D,5,9,1,2,18,14,0,7,2,2,1,0
23/03/2014,NaN,Osasuna,Sevilla,1,2,A,0,2,A,18,10,3,3,12,22,7,1,3,1,0,0
23/03/2014,NaN,Real Madrid,Barcelona,3,4,A,2,2,D,13,18,8,6,24,12,1,5,5,2,1,0
23/03/2014,NaN,Valencia,Villarreal,2,1,H,2,0,H,14,4,5,1,16,18,7,1,2,3,0,0
24/03/2014,NaN,Almeria,Sociedad,4,3,H,1,1,D,14,23,8,11,14,13,11,6,4,3,0,0
25/03/2014,NaN,Elche,Ath Bilbao,0,0,D,0,0,D,12,8,2,1,25,17,7,2,2,2,0,0
25/03/2014,NaN,Malaga,Espanol,1,2,A,1,1,D,16,7,5,4,7,8,3,8,1,1,1,0
26/03/2014,NaN,Ath Madrid,Granada,1,0,H,0,0,D,16,7,5,0,12,12,14,4,1,3,0,0
26/03/2014,NaN,Barcelona,Celta,3,0,H,2,0,H,14,8,6,6,11,8,4,6,2,2,0,0
26/03/2014,NaN,Sevilla,Real Madrid,2,1,H,1,1,D,12,26,3,8,13,13,2,9,3,3,0,0
26/03/2014,NaN,Vallecano,Osasuna,1,0,H,0,0,D,14,7,5,2,11,12,9,3,3,5,0,0
27/03/2014,NaN,Almeria,Valencia,2,2,D,0,2,A,20,15,9,5,19,9,6,4,5,1,0,0
27/03/2014,NaN,Getafe,Villarreal,0,1,A,0,1,A,12,12,1,3,15,19,9,2,3,3,0,0
27/03/2014,NaN,Levante,Betis,1,3,A,1,1,D,9,10,4,5,18,13,7,7,3,3,0,0
27/03/2014,NaN,Sociedad,Valladolid,1,0,H,1,0,H,14,9,7,1,13,15,2,11,3,5,0,0
29/03/2014,NaN,Ath Bilbao,Ath Madrid,1,2,A,1,1,D,13,10,2,3,19,15,3,4,3,2,1,0
29/03/2014,NaN,Celta,Sevilla,1,0,H,0,0,D,14,10,4,3,10,12,11,7,1,4,0,0
29/03/2014,NaN,Espanol,Barcelona,0,1,A,0,0,D,8,20,1,8,24,8,3,11,4,2,1,0
29/03/2014,NaN,Real Madrid,Vallecano,5,0,H,1,0,H,16,15,7,2,13,14,4,6,1,0,0,0
30/03/2014,NaN,Osasuna,Sociedad,1,1,D,0,1,A,15,10,4,3,19,18,4,8,5,5,0,0
30/03/2014,NaN,Valencia,Getafe,1,3,A,1,2,A,19,11,3,6,15,20,12,5,2,4,1,0
30/03/2014,NaN,Valladolid,Almeria,1,0,H,1,0,H,20,14,8,3,12,12,5,6,2,0,0,1
30/03/2014,NaN,Villarreal,Elche,1,1,D,1,1,D,10,7,3,2,16,14,6,5,1,1,0,0
31/03/2014,NaN,Betis,Malaga,1,2,A,1,0,H,11,8,2,4,6,11,3,7,2,7,0,0
31/03/2014,NaN,Granada,Levante,0,2,A,0,0,D,8,15,1,5,17,17,7,3,2,4,0,0
04/04/2014,NaN,Almeria,Osasuna,1,2,A,0,2,A,16,12,3,2,6,10,7,5,1,1,1,0
05/04/2014,NaN,Ath Madrid,Villarreal,1,0,H,1,0,H,6,8,3,1,13,16,4,5,3,1,0,0
05/04/2014,NaN,Barcelona,Betis,3,1,H,1,0,H,12,12,4,4,9,16,4,4,0,2,0,0
05/04/2014,NaN,Sociedad,Real Madrid,0,4,A,0,1,A,13,21,4,7,13,10,7,8,3,3,0,0
05/04/2014,NaN,Vallecano,Celta,3,0,H,1,0,H,14,18,5,7,12,11,2,7,2,1,1,0
06/04/2014,NaN,Elche,Getafe,1,0,H,0,0,D,16,9,3,3,20,16,6,2,3,2,0,0
06/04/2014,NaN,Malaga,Granada,4,1,H,2,0,H,11,10,5,5,19,16,7,5,3,5,0,0
06/04/2014,NaN,Sevilla,Espanol,4,1,H,2,0,H,13,12,5,5,10,15,7,3,3,1,0,0
06/04/2014,NaN,Valladolid,Valencia,0,0,D,0,0,D,11,16,5,7,10,13,9,4,1,2,0,0
07/04/2014,NaN,Levante,Ath Bilbao,1,2,A,0,2,A,11,13,2,5,17,16,2,5,2,1,1,0
11/04/2014,NaN,Osasuna,Valladolid,0,0,D,0,0,D,15,7,1,1,15,12,4,6,0,1,0,0
12/04/2014,NaN,Celta,Sociedad,2,2,D,1,2,A,15,19,7,5,14,20,8,7,3,5,1,0
12/04/2014,NaN,Granada,Barcelona,1,0,H,1,0,H,5,29,4,9,10,5,1,13,0,3,0,0
12/04/2014,NaN,Real Madrid,Almeria,4,0,H,1,0,H,29,5,13,1,7,7,9,7,0,0,0,0
12/04/2014,NaN,Villarreal,Levante,1,0,H,0,0,D,12,7,3,2,15,16,2,2,2,2,0,0
13/04/2014,NaN,Betis,Sevilla,0,2,A,0,1,A,17,7,4,5,17,16,8,1,4,4,1,0
13/04/2014,NaN,Espanol,Vallecano,2,2,D,1,1,D,6,11,2,5,22,15,2,5,1,3,0,0
13/04/2014,NaN,Getafe,Ath Madrid,0,2,A,0,1,A,9,12,2,8,15,15,3,4,3,3,1,0
13/04/2014,NaN,Valencia,Elche,2,1,H,1,1,D,8,11,4,5,15,15,6,2,3,2,1,0
14/04/2014,NaN,Ath Bilbao,Malaga,3,0,H,1,0,H,12,10,6,1,11,18,6,2,0,4,0,0
18/04/2014,NaN,Ath Madrid,Elche,2,0,H,0,0,D,14,8,4,3,7,12,7,6,2,4,0,1
19/04/2014,NaN,Levante,Getafe,0,0,D,0,0,D,11,9,2,4,24,18,3,4,4,2,0,1
19/04/2014,NaN,Osasuna,Valencia,1,1,D,1,0,H,9,13,3,1,16,13,4,9,3,2,0,0
19/04/2014,NaN,Sociedad,Espanol,2,1,H,1,1,D,19,8,8,3,10,19,12,2,1,1,0,0
20/04/2014,NaN,Almeria,Celta,2,4,A,1,1,D,11,14,3,8,14,11,6,1,5,0,0,0
20/04/2014,NaN,Barcelona,Ath Bilbao,2,1,H,0,0,D,17,11,8,4,16,17,9,4,2,3,0,0
20/04/2014,NaN,Sevilla,Granada,4,0,H,1,0,H,10,12,5,2,14,13,7,1,2,0,0,0
20/04/2014,NaN,Vallecano,Betis,3,1,H,2,0,H,16,12,8,3,17,15,5,2,4,2,0,0
21/04/2014,NaN,Malaga,Villarreal,2,0,H,1,0,H,14,4,4,1,14,14,6,5,3,3,1,0
25/04/2014,NaN,Elche,Levante,1,1,D,0,0,D,22,10,3,6,14,17,7,2,2,4,0,0
26/04/2014,NaN,Betis,Sociedad,0,1,A,0,0,D,14,9,2,3,11,16,8,8,2,0,0,0
26/04/2014,NaN,Getafe,Malaga,1,0,H,1,0,H,8,12,3,2,14,22,4,7,6,3,1,1
26/04/2014,NaN,Granada,Vallecano,0,3,A,0,0,D,12,16,1,7,14,9,7,5,2,4,1,0
26/04/2014,NaN,Real Madrid,Osasuna,4,0,H,1,0,H,20,6,10,0,10,8,7,7,0,0,0,0
27/04/2014,NaN,Ath Bilbao,Sevilla,3,1,H,1,0,H,12,9,4,3,10,16,6,2,2,3,0,1
27/04/2014,NaN,Espanol,Almeria,1,2,A,1,0,H,9,10,3,2,15,14,7,3,4,3,2,0
27/04/2014,NaN,Valencia,Ath Madrid,0,1,A,0,1,A,11,9,2,4,18,12,7,3,3,1,0,1
27/04/2014,NaN,Villarreal,Barcelona,2,3,A,1,0,H,5,20,3,7,11,6,2,9,3,3,0,0
28/04/2014,NaN,Celta,Valladolid,4,1,H,2,0,H,13,10,7,4,13,17,3,0,1,4,0,0
02/05/2014,NaN,Vallecano,Ath Bilbao,0,3,A,0,2,A,11,12,3,4,17,9,6,7,4,1,0,0
03/05/2014,NaN,Barcelona,Getafe,2,2,D,1,1,D,21,8,8,5,13,6,11,3,3,3,0,0
03/05/2014,NaN,Malaga,Elche,0,1,A,0,1,A,7,10,2,3,18,13,8,2,1,4,0,2
03/05/2014,NaN,Osasuna,Celta,0,2,A,0,2,A,23,14,11,4,11,12,12,6,0,1,0,0
03/05/2014,NaN,Valladolid,Espanol,1,0,H,1,0,H,10,9,4,3,14,20,4,8,3,1,0,1
04/05/2014,NaN,Almeria,Betis,3,2,H,0,0,D,12,15,6,3,15,10,3,8,4,6,1,0
04/05/2014,NaN,Levante,Ath Madrid,2,0,H,1,0,H,7,23,2,7,20,20,3,7,2,3,0,0
04/05/2014,NaN,Real Madrid,Valencia,2,2,D,0,1,A,32,8,11,5,11,10,10,1,1,3,0,0
04/05/2014,NaN,Sevilla,Villarreal,0,0,D,0,0,D,11,13,3,4,12,7,6,6,1,0,0,0
05/05/2014,NaN,Sociedad,Granada,1,1,D,0,0,D,21,15,6,3,12,11,8,5,1,3,1,1
07/05/2014,NaN,Valladolid,Real Madrid,1,1,D,0,1,A,6,21,1,3,17,8,4,9,4,4,0,0
10/05/2014,NaN,Levante,Valencia,2,0,H,0,0,D,12,19,3,6,11,12,8,8,4,5,1,0
10/05/2014,NaN,Villarreal,Vallecano,4,0,H,2,0,H,22,14,10,2,12,13,5,5,1,1,0,1
11/05/2014,NaN,Ath Bilbao,Sociedad,1,1,D,0,0,D,12,13,6,5,19,14,5,10,2,2,0,0
11/05/2014,NaN,Ath Madrid,Malaga,1,1,D,0,0,D,17,10,5,4,13,16,11,4,3,3,0,1
11/05/2014,NaN,Betis,Valladolid,4,3,H,1,1,D,21,13,7,8,13,16,8,4,4,2,0,0
11/05/2014,NaN,Celta,Real Madrid,2,0,H,1,0,H,13,18,6,6,13,6,4,15,2,2,0,0
11/05/2014,NaN,Elche,Barcelona,0,0,D,0,0,D,6,20,0,6,16,16,2,11,3,3,0,0
11/05/2014,NaN,Espanol,Osasuna,1,1,D,1,1,D,7,9,2,2,12,13,4,4,0,1,0,0
11/05/2014,NaN,Getafe,Sevilla,1,0,H,0,0,D,14,4,6,1,17,15,7,1,3,2,0,0
11/05/2014,NaN,Granada,Almeria,0,2,A,0,1,A,16,8,3,3,13,14,6,1,3,2,1,0
16/05/2014,NaN,Malaga,Levante,1,0,H,0,0,D,25,2,11,0,12,16,10,0,0,1,0,1
17/05/2014,NaN,Barcelona,Ath Madrid,1,1,D,1,0,H,11,12,4,3,11,14,4,8,5,4,0,0
17/05/2014,NaN,Real Madrid,Espanol,3,1,H,0,0,D,17,13,7,2,9,8,8,7,0,0,0,0
17/05/2014,NaN,Valencia,Celta,2,1,H,1,1,D,14,9,7,4,11,13,9,2,1,3,0,0
18/05/2014,NaN,Almeria,Ath Bilbao,0,0,D,0,0,D,10,13,1,1,13,12,7,4,1,5,0,0
18/05/2014,NaN,Osasuna,Betis,2,1,H,2,0,H,14,16,3,8,7,10,5,7,1,0,0,0
18/05/2014,NaN,Sevilla,Elche,3,1,H,1,0,H,15,14,5,4,10,11,6,5,2,0,0,0
18/05/2014,NaN,Sociedad,Villarreal,1,2,A,0,1,A,13,15,3,5,13,18,6,2,2,3,0,0
18/05/2014,NaN,Valladolid,Granada,0,1,A,0,1,A,10,6,4,3,12,10,7,5,1,2,0,0
18/05/2014,NaN,Vallecano,Getafe,1,2,A,0,1,A,16,15,4,4,11,25,4,6,4,7,0,0
23/08/2014,NaN,Almeria,Espanol,1,1,D,0,0,D,19,12,6,2,8,9,11,7,3,2,0,1
23/08/2014,NaN,Granada,La Coruna,2,1,H,0,1,A,10,7,3,1,13,26,5,3,1,2,0,0
23/08/2014,NaN,Malaga,Ath Bilbao,1,0,H,1,0,H,12,12,3,5,13,9,5,4,3,3,2,0
23/08/2014,NaN,Sevilla,Valencia,1,1,D,1,0,H,10,11,3,1,23,8,3,3,4,2,0,1
24/08/2014,NaN,Barcelona,Elche,3,0,H,1,0,H,12,3,6,0,11,13,3,1,0,1,1,0
24/08/2014,NaN,Celta,Getafe,3,1,H,1,0,H,20,12,8,3,19,15,4,4,4,1,0,0
24/08/2014,NaN,Eibar,Sociedad,1,0,H,1,0,H,12,19,5,4,13,14,5,6,4,1,0,0
24/08/2014,NaN,Levante,Villarreal,0,2,A,0,0,D,9,12,2,6,11,14,3,4,1,3,0,0
25/08/2014,NaN,Real Madrid,Cordoba,2,0,H,1,0,H,14,8,8,2,9,13,8,5,1,2,0,0
25/08/2014,NaN,Vallecano,Ath Madrid,0,0,D,0,0,D,8,9,2,2,13,17,2,4,2,2,0,0
29/08/2014,NaN,Getafe,Almeria,1,0,H,1,0,H,12,11,3,4,17,11,2,3,3,2,0,0
29/08/2014,NaN,Valencia,Malaga,3,0,H,2,0,H,14,17,4,4,18,11,4,6,1,2,0,1
30/08/2014,NaN,Ath Bilbao,Levante,3,0,H,1,0,H,10,10,5,2,13,17,2,11,1,4,0,0
30/08/2014,NaN,Ath Madrid,Eibar,2,1,H,2,1,H,15,8,6,2,12,18,5,5,3,0,0,0
30/08/2014,NaN,Cordoba,Celta,1,1,D,0,0,D,6,9,1,4,14,17,1,6,1,4,0,0
30/08/2014,NaN,Espanol,Sevilla,1,2,A,0,1,A,4,13,2,6,20,24,3,7,4,2,0,0
31/08/2014,NaN,Elche,Granada,1,1,D,0,0,D,15,5,3,4,12,17,8,4,4,4,0,0
31/08/2014,NaN,La Coruna,Vallecano,2,2,D,1,1,D,10,12,5,2,16,18,2,4,4,6,0,0
31/08/2014,NaN,Sociedad,Real Madrid,4,2,H,2,2,D,13,19,5,5,18,12,8,6,1,2,0,0
31/08/2014,NaN,Villarreal,Barcelona,0,1,A,0,0,D,9,20,0,8,12,9,3,10,0,2,0,0
12/09/2014,NaN,Almeria,Cordoba,1,1,D,1,1,D,12,11,2,4,14,22,8,2,4,4,0,0
13/09/2014,NaN,Barcelona,Ath Bilbao,2,0,H,0,0,D,15,3,8,2,12,11,5,1,1,1,0,0
13/09/2014,NaN,Celta,Sociedad,2,2,D,1,0,H,13,20,6,5,13,15,5,8,1,5,0,0
13/09/2014,NaN,Malaga,Levante,0,0,D,0,0,D,18,10,7,0,10,15,20,1,1,2,0,0
13/09/2014,NaN,Real Madrid,Ath Madrid,1,2,A,1,1,D,21,9,4,2,12,12,4,4,4,7,0,0
14/09/2014,NaN,Granada,Villarreal,0,0,D,0,0,D,9,14,3,3,12,13,9,5,3,2,0,0
14/09/2014,NaN,Sevilla,Getafe,2,0,H,1,0,H,12,7,4,1,10,25,8,5,2,6,0,0
14/09/2014,NaN,Valencia,Espanol,3,1,H,1,0,H,11,8,6,3,15,13,7,8,1,1,0,0
14/09/2014,NaN,Vallecano,Elche,2,3,A,1,1,D,14,12,4,5,11,23,6,5,2,2,0,0
15/09/2014,NaN,Eibar,La Coruna,0,1,A,0,1,A,14,4,2,1,11,23,4,8,0,5,0,0
19/09/2014,NaN,Elche,Eibar,0,2,A,0,2,A,15,8,6,4,9,10,10,7,2,1,0,0
20/09/2014,NaN,Ath Bilbao,Granada,0,1,A,0,1,A,13,3,5,2,14,20,7,5,2,4,0,0
20/09/2014,NaN,Ath Madrid,Celta,2,2,D,2,1,H,18,5,8,5,9,17,6,3,1,3,0,0
20/09/2014,NaN,Espanol,Malaga,2,2,D,1,0,H,13,9,8,3,14,16,7,2,2,3,0,0
20/09/2014,NaN,La Coruna,Real Madrid,2,8,A,0,3,A,14,19,5,13,8,9,2,3,1,1,0,0
21/09/2014,NaN,Cordoba,Sevilla,1,3,A,0,1,A,9,15,3,8,11,24,7,4,6,2,0,0
21/09/2014,NaN,Levante,Barcelona,0,5,A,0,2,A,9,17,2,8,13,11,3,6,1,2,1,0
21/09/2014,NaN,Sociedad,Almeria,1,2,A,0,1,A,22,13,6,5,19,17,13,7,1,6,0,1
21/09/2014,NaN,Villarreal,Vallecano,4,2,H,1,2,A,19,10,9,3,11,18,11,5,2,2,0,0
22/09/2014,NaN,Getafe,Valencia,0,3,A,0,2,A,12,7,5,3,25,17,6,1,6,1,0,1
23/09/2014,NaN,Celta,La Coruna,2,1,H,1,0,H,11,5,4,3,15,15,13,4,3,3,0,0
23/09/2014,NaN,Real Madrid,Elche,5,1,H,3,1,H,23,10,12,3,15,15,8,2,2,1,0,0
24/09/2014,NaN,Almeria,Ath Madrid,0,1,A,0,0,D,6,19,1,9,14,16,2,10,3,6,0,0
24/09/2014,NaN,Eibar,Villarreal,1,1,D,1,0,H,7,15,3,4,14,17,2,10,4,4,0,0
24/09/2014,NaN,Granada,Levante,0,1,A,0,0,D,8,10,0,4,14,13,5,3,2,6,0,0
24/09/2014,NaN,Malaga,Barcelona,0,0,D,0,0,D,6,10,2,0,15,13,2,8,2,2,0,0
24/09/2014,NaN,Sevilla,Sociedad,1,0,H,1,0,H,19,8,8,1,13,7,11,4,6,2,0,0
24/09/2014,NaN,Vallecano,Ath Bilbao,2,1,H,1,1,D,15,8,5,3,18,17,1,2,2,2,0,0
25/09/2014,NaN,Espanol,Getafe,2,0,H,0,0,D,10,6,4,2,16,17,6,4,1,2,0,0
25/09/2014,NaN,Valencia,Cordoba,3,0,H,2,0,H,17,2,7,1,11,23,3,3,1,3,0,0
26/09/2014,NaN,Elche,Celta,0,1,A,0,0,D,14,16,3,4,12,14,0,4,4,2,0,0
27/09/2014,NaN,Ath Bilbao,Eibar,0,0,D,0,0,D,13,10,1,2,13,22,6,2,5,6,0,0
27/09/2014,NaN,Ath Madrid,Sevilla,4,0,H,2,0,H,11,4,6,1,14,16,5,3,4,3,0,0
27/09/2014,NaN,Barcelona,Granada,6,0,H,3,0,H,19,9,12,1,11,11,8,1,1,3,0,0
27/09/2014,NaN,Levante,Vallecano,0,2,A,0,2,A,7,13,0,5,21,16,5,7,4,3,0,0
27/09/2014,NaN,Villarreal,Real Madrid,0,2,A,0,2,A,19,11,5,3,7,10,7,6,0,1,0,0
28/09/2014,NaN,Cordoba,Espanol,0,0,D,0,0,D,10,4,4,2,13,26,3,5,2,6,0,0
28/09/2014,NaN,Getafe,Malaga,1,0,H,1,0,H,9,10,3,0,8,16,4,4,0,3,0,1
28/09/2014,NaN,La Coruna,Almeria,0,1,A,0,0,D,8,15,1,6,14,18,6,5,2,4,0,0
28/09/2014,NaN,Sociedad,Valencia,1,1,D,1,1,D,18,7,5,2,13,17,11,4,2,5,0,0
03/10/2014,NaN,Getafe,Cordoba,1,1,D,0,0,D,18,10,5,3,12,11,8,3,1,2,0,0
04/10/2014,NaN,Almeria,Elche,2,2,D,1,1,D,16,6,3,3,13,18,9,5,2,4,0,1
04/10/2014,NaN,Eibar,Levante,3,3,D,0,2,A,14,13,6,5,12,16,4,4,3,1,0,0
04/10/2014,NaN,Malaga,Granada,2,1,H,0,1,A,17,8,3,5,12,15,3,3,1,4,1,0
04/10/2014,NaN,Valencia,Ath Madrid,3,1,H,3,1,H,6,19,3,5,23,14,1,6,4,0,0,1
04/10/2014,NaN,Vallecano,Barcelona,0,2,A,0,2,A,14,18,4,7,19,7,6,7,2,2,2,0
05/10/2014,NaN,Celta,Villarreal,1,3,A,1,2,A,15,11,6,4,15,22,11,4,3,4,1,0
05/10/2014,NaN,Espanol,Sociedad,2,0,H,1,0,H,10,13,4,4,20,12,4,4,6,2,0,0
05/10/2014,NaN,Real Madrid,Ath Bilbao,5,0,H,2,0,H,19,6,14,5,9,10,8,7,1,2,0,0
05/10/2014,NaN,Sevilla,La Coruna,4,1,H,2,1,H,16,7,10,5,11,10,9,2,2,2,0,0
17/10/2014,NaN,Granada,Vallecano,0,1,A,0,0,D,9,8,1,2,17,13,3,6,4,5,0,0
18/10/2014,NaN,Ath Bilbao,Celta,1,1,D,1,0,H,13,4,4,1,13,16,9,2,3,3,0,0
18/10/2014,NaN,Barcelona,Eibar,3,0,H,0,0,D,27,4,12,2,9,13,12,3,2,2,0,0
18/10/2014,NaN,Cordoba,Malaga,1,2,A,0,2,A,8,8,2,4,16,21,6,13,2,3,0,0
18/10/2014,NaN,Levante,Real Madrid,0,5,A,0,2,A,11,21,1,11,13,8,6,3,4,0,0,0
19/10/2014,NaN,Ath Madrid,Espanol,2,0,H,1,0,H,20,7,9,1,19,19,12,1,0,0,0,0
19/10/2014,NaN,Elche,Sevilla,0,2,A,0,0,D,12,10,1,7,18,23,6,4,5,2,0,0
19/10/2014,NaN,La Coruna,Valencia,3,0,H,2,0,H,11,8,5,1,19,19,3,5,3,3,0,0
19/10/2014,NaN,Villarreal,Almeria,2,0,H,1,0,H,17,10,8,3,20,16,6,4,5,2,0,0
20/10/2014,NaN,Sociedad,Getafe,1,2,A,0,0,D,13,16,2,7,10,13,8,4,1,3,0,0
24/10/2014,NaN,Celta,Levante,3,0,H,1,0,H,13,4,4,0,14,16,7,0,0,3,0,0
25/10/2014,NaN,Almeria,Ath Bilbao,0,1,A,0,0,D,7,6,3,1,10,14,4,8,2,1,0,0
25/10/2014,NaN,Cordoba,Sociedad,1,1,D,0,1,A,7,7,3,1,13,12,5,4,3,2,0,0
25/10/2014,NaN,Eibar,Granada,1,1,D,1,1,D,7,8,3,3,14,14,7,8,3,4,0,0
25/10/2014,NaN,Real Madrid,Barcelona,3,1,H,1,1,D,18,16,6,5,11,10,3,9,2,4,0,0
25/10/2014,NaN,Valencia,Elche,3,1,H,2,0,H,12,8,4,3,11,17,8,6,0,2,0,0
26/10/2014,NaN,Espanol,La Coruna,0,0,D,0,0,D,16,5,5,1,12,17,11,0,2,4,0,0
26/10/2014,NaN,Getafe,Ath Madrid,0,1,A,0,1,A,11,12,4,7,17,11,1,8,3,3,1,0
26/10/2014,NaN,Malaga,Vallecano,4,0,H,3,0,H,18,10,8,4,18,21,7,4,1,4,0,0
26/10/2014,NaN,Sevilla,Villarreal,2,1,H,0,0,D,8,11,4,4,19,15,3,2,3,4,0,0
31/10/2014,NaN,La Coruna,Getafe,1,2,A,0,1,A,9,16,2,4,7,23,4,6,2,1,0,0
01/11/2014,NaN,Ath Madrid,Cordoba,4,2,H,1,0,H,16,8,8,4,12,13,4,5,0,2,0,0
01/11/2014,NaN,Barcelona,Celta,0,1,A,0,0,D,19,10,9,4,10,29,9,5,1,2,0,0
01/11/2014,NaN,Granada,Real Madrid,0,4,A,0,2,A,11,18,5,8,19,9,3,4,1,2,0,0
01/11/2014,NaN,Sociedad,Malaga,0,1,A,0,0,D,5,6,0,2,18,22,6,3,2,5,0,0
02/11/2014,NaN,Ath Bilbao,Sevilla,1,0,H,1,0,H,9,4,2,1,24,11,4,8,4,3,0,0
02/11/2014,NaN,Elche,Espanol,2,1,H,1,0,H,11,15,5,5,19,10,4,10,2,2,2,0
02/11/2014,NaN,Levante,Almeria,2,1,H,1,0,H,11,14,5,5,17,17,3,6,3,2,0,0
02/11/2014,NaN,Villarreal,Valencia,1,3,A,0,1,A,14,6,4,3,12,15,11,4,2,3,0,0
03/11/2014,NaN,Vallecano,Eibar,2,3,A,0,1,A,16,8,6,5,10,14,11,2,1,2,0,0
07/11/2014,NaN,Cordoba,La Coruna,0,0,D,0,0,D,14,6,6,2,10,5,3,2,4,0,0,1
08/11/2014,NaN,Almeria,Barcelona,1,2,A,1,0,H,6,18,2,6,16,9,4,5,2,0,0,0
08/11/2014,NaN,Celta,Granada,0,0,D,0,0,D,17,8,5,1,14,17,6,2,1,5,0,0
08/11/2014,NaN,Getafe,Elche,0,0,D,0,0,D,16,11,3,5,11,8,9,2,1,2,0,0
08/11/2014,NaN,Malaga,Eibar,2,1,H,0,1,A,15,7,8,3,9,15,5,3,3,2,0,1
08/11/2014,NaN,Real Madrid,Vallecano,5,1,H,2,1,H,16,15,11,6,12,15,4,6,0,4,0,0
09/11/2014,NaN,Espanol,Villarreal,1,1,D,0,1,A,11,9,4,5,16,25,6,7,3,3,0,0
09/11/2014,NaN,Sevilla,Levante,1,1,D,1,0,H,15,16,6,5,13,10,6,5,2,6,0,0
09/11/2014,NaN,Sociedad,Ath Madrid,2,1,H,1,1,D,11,4,5,2,17,17,2,1,2,6,0,1
09/11/2014,NaN,Valencia,Ath Bilbao,0,0,D,0,0,D,8,4,1,1,13,17,2,4,0,2,0,0
21/11/2014,NaN,Ath Bilbao,Espanol,3,1,H,2,0,H,9,8,5,3,15,18,5,3,0,5,0,0
22/11/2014,NaN,Ath Madrid,Malaga,3,1,H,2,0,H,11,4,5,1,18,14,4,3,1,3,1,1
22/11/2014,NaN,Barcelona,Sevilla,5,1,H,1,0,H,16,2,10,0,8,21,5,4,1,2,0,0
22/11/2014,NaN,Eibar,Real Madrid,0,4,A,0,2,A,10,19,2,8,16,9,4,2,4,2,0,0
22/11/2014,NaN,La Coruna,Sociedad,0,0,D,0,0,D,11,17,4,5,14,11,8,6,3,1,0,0
23/11/2014,NaN,Elche,Cordoba,2,2,D,0,1,A,17,10,6,3,16,14,6,2,3,4,0,0
23/11/2014,NaN,Levante,Valencia,2,1,H,0,0,D,10,17,5,6,20,18,4,5,2,1,0,0
23/11/2014,NaN,Vallecano,Celta,1,0,H,1,0,H,9,14,3,4,14,16,2,9,6,4,0,0
23/11/2014,NaN,Villarreal,Getafe,2,1,H,2,0,H,10,15,4,5,15,14,7,4,3,2,0,0
24/11/2014,NaN,Granada,Almeria,0,0,D,0,0,D,24,3,11,1,10,7,10,5,4,0,0,1
28/11/2014,NaN,Sociedad,Elche,3,0,H,2,0,H,12,13,8,5,15,15,2,1,2,4,0,0
29/11/2014,NaN,Celta,Eibar,0,1,A,0,1,A,29,8,9,2,10,21,15,1,4,5,0,0
29/11/2014,NaN,Espanol,Levante,2,1,H,2,1,H,10,16,4,3,21,10,5,6,2,3,0,0
29/11/2014,NaN,Getafe,Ath Bilbao,1,2,A,0,1,A,14,8,7,3,12,15,2,4,7,5,0,0
29/11/2014,NaN,Malaga,Real Madrid,1,2,A,0,1,A,12,21,7,9,17,11,5,6,2,2,0,1
30/11/2014,NaN,Ath Madrid,La Coruna,2,0,H,1,0,H,9,3,4,1,16,18,5,3,2,2,0,0
30/11/2014,NaN,Cordoba,Villarreal,0,2,A,0,1,A,11,10,2,7,7,13,9,8,2,2,0,0
30/11/2014,NaN,Sevilla,Granada,5,1,H,1,1,D,13,9,8,4,18,20,7,4,1,2,0,0
30/11/2014,NaN,Valencia,Barcelona,0,1,A,0,0,D,12,7,4,1,9,7,5,5,3,3,0,0
01/12/2014,NaN,Almeria,Vallecano,0,1,A,0,0,D,11,11,1,4,14,12,5,6,4,4,0,0
06/12/2014,NaN,Ath Bilbao,Cordoba,0,1,A,0,1,A,15,7,3,3,13,14,15,4,4,6,0,0
06/12/2014,NaN,Elche,Ath Madrid,0,2,A,0,1,A,8,4,1,3,18,15,6,1,2,0,0,0
06/12/2014,NaN,La Coruna,Malaga,0,1,A,0,1,A,14,8,6,3,14,15,5,5,4,3,0,0
06/12/2014,NaN,Real Madrid,Celta,3,0,H,1,0,H,20,9,11,0,15,21,8,7,4,4,0,0
07/12/2014,NaN,Barcelona,Espanol,5,1,H,1,1,D,15,3,7,2,6,11,5,2,0,4,0,0
07/12/2014,NaN,Granada,Valencia,1,1,D,0,0,D,9,9,2,1,20,9,4,4,4,4,0,1
07/12/2014,NaN,Vallecano,Sevilla,0,1,A,0,1,A,11,11,3,6,14,19,6,2,4,6,0,1
07/12/2014,NaN,Villarreal,Sociedad,4,0,H,0,0,D,24,12,9,2,14,8,8,2,2,2,0,0
08/12/2014,NaN,Eibar,Almeria,5,2,H,3,1,H,17,14,8,3,18,12,7,3,4,3,0,0
08/12/2014,NaN,Levante,Getafe,1,1,D,0,0,D,16,5,3,1,14,17,4,0,3,4,0,0
12/12/2014,NaN,Almeria,Real Madrid,1,4,A,1,2,A,16,15,3,8,14,8,2,8,4,4,0,0
13/12/2014,NaN,Cordoba,Levante,0,0,D,0,0,D,13,12,4,3,6,19,7,6,0,3,0,0
13/12/2014,NaN,Getafe,Barcelona,0,0,D,0,0,D,4,23,2,2,24,8,4,5,2,0,0,0
13/12/2014,NaN,Malaga,Celta,1,0,H,1,0,H,12,14,4,8,15,13,1,9,5,4,0,0
13/12/2014,NaN,Valencia,Vallecano,3,0,H,3,0,H,14,19,6,4,16,14,6,2,3,3,1,0
14/12/2014,NaN,Ath Madrid,Villarreal,0,1,A,0,0,D,11,7,2,4,15,16,7,2,4,3,0,0
14/12/2014,NaN,Espanol,Granada,2,1,H,1,0,H,12,7,4,6,13,19,2,3,2,4,0,1
14/12/2014,NaN,Sevilla,Eibar,0,0,D,0,0,D,16,6,2,2,11,17,11,2,3,6,0,0
14/12/2014,NaN,Sociedad,Ath Bilbao,1,1,D,1,0,H,14,12,4,5,12,21,3,6,0,3,0,1
15/12/2014,NaN,La Coruna,Elche,1,0,H,1,0,H,15,10,3,4,19,19,7,5,5,2,0,0
19/12/2014,NaN,Celta,Almeria,0,1,A,0,1,A,19,4,4,2,10,19,17,2,6,4,0,0
20/12/2014,NaN,Barcelona,Cordoba,5,0,H,1,0,H,16,7,9,2,14,5,8,0,1,0,0,0
20/12/2014,NaN,Eibar,Valencia,0,1,A,0,1,A,8,10,2,3,16,8,2,5,7,3,0,0
20/12/2014,NaN,Levante,Sociedad,1,1,D,0,0,D,11,3,2,2,16,20,3,4,3,5,0,0
20/12/2014,NaN,Vallecano,Espanol,1,3,A,1,1,D,16,7,5,4,11,20,4,5,3,4,0,1
21/12/2014,NaN,Ath Bilbao,Ath Madrid,1,4,A,1,0,H,4,5,2,4,12,14,3,1,3,4,0,0
21/12/2014,NaN,Elche,Malaga,1,2,A,1,0,H,9,19,3,10,21,13,5,4,2,1,0,0
21/12/2014,NaN,Granada,Getafe,1,1,D,1,0,H,13,12,3,4,19,8,3,5,4,2,0,0
21/12/2014,NaN,Villarreal,La Coruna,3,0,H,1,0,H,15,10,9,2,16,15,5,2,1,3,1,0
03/01/2015,NaN,Ath Madrid,Levante,3,1,H,1,0,H,13,10,5,4,6,10,7,6,2,3,0,0
03/01/2015,NaN,Elche,Villarreal,2,2,D,2,2,D,18,18,8,5,15,13,6,9,4,2,0,0
03/01/2015,NaN,La Coruna,Ath Bilbao,1,0,H,1,0,H,8,12,4,4,20,16,5,2,1,1,0,0
03/01/2015,NaN,Malaga,Almeria,1,2,A,0,1,A,14,6,6,4,19,17,7,1,5,4,0,1
03/01/2015,NaN,Sevilla,Celta,1,0,H,1,0,H,10,16,4,2,28,17,1,8,4,5,0,1
04/01/2015,NaN,Espanol,Eibar,1,2,A,0,2,A,15,12,6,6,9,15,6,3,1,1,0,0
04/01/2015,NaN,Getafe,Vallecano,1,2,A,1,1,D,12,16,4,7,23,12,6,4,3,2,0,0
04/01/2015,NaN,Sociedad,Barcelona,1,0,H,1,0,H,6,17,1,4,21,14,6,8,5,4,0,0
04/01/2015,NaN,Valencia,Real Madrid,2,1,H,0,1,A,11,19,3,8,24,17,3,11,6,3,0,0
05/01/2015,NaN,Cordoba,Granada,2,0,H,2,0,H,5,12,3,1,22,17,0,4,2,0,0,0
09/01/2015,NaN,Levante,La Coruna,0,0,D,0,0,D,9,13,0,6,22,17,4,3,4,3,0,0
10/01/2015,NaN,Celta,Valencia,1,1,D,0,1,A,14,4,4,2,20,19,11,2,3,3,0,0
10/01/2015,NaN,Eibar,Getafe,2,1,H,1,0,H,12,7,5,3,19,12,2,3,2,1,0,0
10/01/2015,NaN,Malaga,Villarreal,1,1,D,0,1,A,13,9,6,4,6,15,5,3,4,4,0,0
10/01/2015,NaN,Real Madrid,Espanol,3,0,H,2,0,H,18,11,5,4,11,14,7,2,1,4,1,0
11/01/2015,NaN,Almeria,Sevilla,0,2,A,0,0,D,19,12,6,6,16,12,5,5,1,2,0,0
11/01/2015,NaN,Ath Bilbao,Elche,1,2,A,0,1,A,13,8,3,5,7,15,10,2,2,6,0,0
11/01/2015,NaN,Barcelona,Ath Madrid,3,1,H,2,0,H,17,5,7,3,16,18,1,3,3,6,0,0
11/01/2015,NaN,Granada,Sociedad,1,1,D,0,1,A,20,10,3,5,9,15,11,4,2,2,0,0
12/01/2015,NaN,Vallecano,Cordoba,0,1,A,0,1,A,21,9,4,3,10,9,6,2,3,2,0,0
16/01/2015,NaN,Cordoba,Eibar,1,1,D,1,0,H,14,6,5,1,18,12,2,3,4,3,1,1
17/01/2015,NaN,Espanol,Celta,1,0,H,0,0,D,15,3,3,2,9,23,9,1,3,3,0,0
17/01/2015,NaN,Sociedad,Vallecano,0,1,A,0,0,D,10,12,2,4,12,20,8,4,0,4,0,0
17/01/2015,NaN,Valencia,Almeria,3,2,H,2,2,D,15,8,8,2,14,18,8,4,2,2,0,0
17/01/2015,NaN,Villarreal,Ath Bilbao,2,0,H,1,0,H,19,11,6,5,15,10,9,6,2,2,0,0
18/01/2015,NaN,Ath Madrid,Granada,2,0,H,1,0,H,12,5,3,1,17,16,3,6,3,3,0,0
18/01/2015,NaN,Elche,Levante,1,0,H,1,0,H,15,9,6,2,18,11,3,5,3,3,0,1
18/01/2015,NaN,Getafe,Real Madrid,0,3,A,0,0,D,6,24,0,9,19,10,7,8,2,2,0,0
18/01/2015,NaN,La Coruna,Barcelona,0,4,A,0,2,A,7,14,2,6,14,7,2,4,2,2,0,0
18/01/2015,NaN,Sevilla,Malaga,2,0,H,1,0,H,4,4,3,1,9,6,2,0,3,1,0,0
24/01/2015,NaN,Ath Madrid,Vallecano,3,1,H,2,1,H,12,10,5,3,15,12,8,5,1,1,0,0
24/01/2015,NaN,Cordoba,Real Madrid,1,2,A,1,1,D,16,13,4,4,15,13,3,9,1,3,1,1
24/01/2015,NaN,Elche,Barcelona,0,6,A,0,1,A,6,12,3,8,18,12,2,3,5,2,1,0
24/01/2015,NaN,Sociedad,Eibar,1,0,H,0,0,D,19,9,4,4,6,17,9,5,2,2,0,0
24/01/2015,NaN,Villarreal,Levante,1,0,H,0,0,D,15,11,4,1,12,8,6,3,0,3,0,0
25/01/2015,NaN,Ath Bilbao,Malaga,1,1,D,0,0,D,11,8,5,3,16,17,8,2,0,1,0,0
25/01/2015,NaN,Espanol,Almeria,3,0,H,2,0,H,18,9,9,1,16,12,9,7,2,1,0,0
25/01/2015,NaN,La Coruna,Granada,2,2,D,2,1,H,13,5,7,2,18,15,7,2,3,3,1,0
25/01/2015,NaN,Valencia,Sevilla,3,1,H,2,1,H,13,10,8,6,23,15,3,7,6,5,0,0
26/01/2015,NaN,Getafe,Celta,2,1,H,1,1,D,13,7,6,2,9,17,6,2,2,5,0,0
30/01/2015,NaN,Vallecano,La Coruna,1,2,A,1,1,D,11,13,4,6,14,18,10,7,4,5,0,0
31/01/2015,NaN,Celta,Cordoba,1,0,H,0,0,D,19,8,9,3,10,10,8,2,2,6,0,0
31/01/2015,NaN,Eibar,Ath Madrid,1,3,A,0,3,A,11,8,3,5,14,16,6,8,3,3,0,0
31/01/2015,NaN,Granada,Elche,1,0,H,0,0,D,14,5,2,1,14,13,12,4,4,4,0,1
31/01/2015,NaN,Real Madrid,Sociedad,4,1,H,2,1,H,26,8,11,2,8,11,10,3,3,1,0,0
01/02/2015,NaN,Almeria,Getafe,1,0,H,1,0,H,12,12,7,7,18,10,6,3,3,3,1,1
01/02/2015,NaN,Barcelona,Villarreal,3,2,H,1,1,D,19,9,7,3,10,20,8,2,1,2,0,0
01/02/2015,NaN,Levante,Ath Bilbao,0,2,A,0,0,D,10,14,4,5,17,12,5,4,2,5,0,0
01/02/2015,NaN,Sevilla,Espanol,3,2,H,2,1,H,22,5,7,2,20,11,7,2,8,3,0,1
02/02/2015,NaN,Malaga,Valencia,1,0,H,1,0,H,13,10,6,3,19,18,5,3,5,3,0,1
04/02/2015,NaN,Real Madrid,Sevilla,2,1,H,2,0,H,14,15,4,3,9,21,4,6,3,6,0,0
06/02/2015,NaN,La Coruna,Eibar,2,0,H,0,0,D,15,4,5,2,12,21,5,3,2,3,0,0
07/02/2015,NaN,Ath Madrid,Real Madrid,4,0,H,2,0,H,17,4,8,1,17,18,2,3,5,2,0,0
07/02/2015,NaN,Levante,Malaga,4,1,H,2,1,H,11,4,6,3,20,13,2,5,2,1,0,0
07/02/2015,NaN,Sociedad,Celta,1,1,D,1,0,H,7,12,3,3,17,22,2,6,5,4,0,0
07/02/2015,NaN,Villarreal,Granada,2,0,H,1,0,H,9,11,6,3,12,18,5,8,2,1,0,0
08/02/2015,NaN,Ath Bilbao,Barcelona,2,5,A,0,2,A,15,19,6,11,15,10,4,4,3,1,1,0
08/02/2015,NaN,Cordoba,Almeria,1,2,A,1,0,H,14,8,7,2,15,17,6,6,2,5,0,0
08/02/2015,NaN,Espanol,Valencia,1,2,A,0,0,D,9,13,3,5,22,16,7,2,5,4,0,0
08/02/2015,NaN,Getafe,Sevilla,2,1,H,1,0,H,18,9,8,2,6,13,9,5,1,2,0,0
09/02/2015,NaN,Elche,Vallecano,2,0,H,1,0,H,18,11,5,3,21,21,5,4,2,3,0,1
13/02/2015,NaN,Almeria,Sociedad,2,2,D,2,1,H,9,7,4,3,21,15,6,6,5,4,0,0
14/02/2015,NaN,Granada,Ath Bilbao,0,0,D,0,0,D,11,10,4,0,16,9,4,4,4,4,1,0
14/02/2015,NaN,Malaga,Espanol,0,2,A,0,1,A,17,6,5,2,12,18,10,3,3,7,0,1
14/02/2015,NaN,Real Madrid,La Coruna,2,0,H,1,0,H,17,15,6,4,12,17,6,6,2,4,0,0
14/02/2015,NaN,Sevilla,Cordoba,3,0,H,2,0,H,18,10,6,3,15,16,8,1,0,1,1,1
15/02/2015,NaN,Barcelona,Levante,5,0,H,2,0,H,18,5,10,1,6,13,3,4,1,2,0,0
15/02/2015,NaN,Celta,Ath Madrid,2,0,H,0,0,D,14,10,3,5,4,12,9,2,0,3,0,0
15/02/2015,NaN,Valencia,Getafe,1,0,H,0,0,D,13,10,3,1,16,10,7,2,3,4,0,0
15/02/2015,NaN,Vallecano,Villarreal,2,0,H,0,0,D,13,9,7,2,12,14,5,5,2,2,0,0
16/02/2015,NaN,Eibar,Elche,0,1,A,0,0,D,18,6,7,2,13,12,5,3,3,1,1,0
20/02/2015,NaN,Getafe,Espanol,2,1,H,1,0,H,10,11,4,7,15,14,2,5,3,3,0,0
21/02/2015,NaN,Ath Madrid,Almeria,3,0,H,3,0,H,9,9,6,1,13,13,8,4,1,1,1,0
21/02/2015,NaN,Barcelona,Malaga,0,1,A,0,1,A,11,11,5,3,9,11,11,3,4,3,0,0
21/02/2015,NaN,Cordoba,Valencia,1,2,A,0,1,A,11,17,4,7,17,15,6,2,1,2,0,0
21/02/2015,NaN,La Coruna,Celta,0,2,A,0,0,D,14,8,4,5,17,13,4,3,2,4,1,0
22/02/2015,NaN,Ath Bilbao,Vallecano,1,0,H,0,0,D,19,5,6,1,17,13,11,4,3,2,0,0
22/02/2015,NaN,Elche,Real Madrid,0,2,A,0,0,D,4,17,1,5,17,6,1,6,4,1,0,0
22/02/2015,NaN,Sociedad,Sevilla,4,3,H,1,1,D,17,17,8,5,16,12,5,10,5,3,0,0
22/02/2015,NaN,Villarreal,Eibar,1,0,H,0,0,D,21,10,6,1,5,3,8,3,2,0,0,0
23/02/2015,NaN,Levante,Granada,2,1,H,0,1,A,9,10,4,4,18,14,7,4,3,5,1,2
27/02/2015,NaN,Espanol,Cordoba,1,0,H,1,0,H,12,16,4,4,22,14,2,6,5,4,0,0
28/02/2015,NaN,Almeria,La Coruna,0,0,D,0,0,D,10,25,3,9,13,19,7,11,2,3,2,0
28/02/2015,NaN,Granada,Barcelona,1,3,A,0,1,A,10,16,4,9,18,9,4,5,2,3,0,0
28/02/2015,NaN,Malaga,Getafe,3,2,H,1,0,H,16,10,6,6,11,16,6,5,3,1,0,0
28/02/2015,NaN,Vallecano,Levante,4,2,H,4,1,H,13,10,7,3,15,18,5,2,2,2,0,0
01/03/2015,NaN,Eibar,Ath Bilbao,0,1,A,0,1,A,6,13,2,8,16,14,5,6,3,2,0,0
01/03/2015,NaN,Real Madrid,Villarreal,1,1,D,0,0,D,25,9,7,4,7,20,10,4,2,5,0,0
01/03/2015,NaN,Sevilla,Ath Madrid,0,0,D,0,0,D,13,9,4,2,13,14,7,1,4,7,0,0
01/03/2015,NaN,Valencia,Sociedad,2,0,H,0,0,D,19,8,3,0,14,14,9,5,3,3,0,0
02/03/2015,NaN,Celta,Elche,1,1,D,0,0,D,11,7,5,1,16,12,6,3,5,3,0,0
06/03/2015,NaN,Levante,Eibar,2,1,H,0,0,D,12,14,4,3,11,17,6,7,4,5,0,1
07/03/2015,NaN,Ath Bilbao,Real Madrid,1,0,H,1,0,H,6,13,2,2,17,11,1,9,3,4,0,0
07/03/2015,NaN,Elche,Almeria,1,0,H,1,0,H,15,9,4,2,13,15,6,5,3,0,0,0
07/03/2015,NaN,Granada,Malaga,1,0,H,0,0,D,14,5,4,1,11,20,8,1,4,5,0,0
07/03/2015,NaN,La Coruna,Sevilla,3,4,A,1,1,D,15,11,5,6,12,14,5,1,1,4,0,0
08/03/2015,NaN,Ath Madrid,Valencia,1,1,D,1,0,H,8,3,3,1,22,19,6,1,5,6,0,1
08/03/2015,NaN,Barcelona,Vallecano,6,1,H,1,0,H,19,7,12,3,13,11,4,1,3,2,1,1
08/03/2015,NaN,Sociedad,Espanol,1,0,H,1,0,H,10,9,4,4,13,14,6,5,2,3,0,0
08/03/2015,NaN,Villarreal,Celta,4,1,H,2,0,H,12,13,8,4,9,14,3,2,0,2,0,0
09/03/2015,NaN,Cordoba,Getafe,1,2,A,0,0,D,18,15,4,7,11,10,5,6,3,2,0,0
13/03/2015,NaN,Valencia,La Coruna,2,0,H,0,0,D,16,5,8,2,12,17,5,5,1,2,0,0
14/03/2015,NaN,Celta,Ath Bilbao,1,2,A,0,2,A,16,12,5,4,14,12,8,5,3,3,0,1
14/03/2015,NaN,Eibar,Barcelona,0,2,A,0,1,A,13,12,2,4,14,3,6,3,1,0,0,0
14/03/2015,NaN,Espanol,Ath Madrid,0,0,D,0,0,D,7,14,1,6,33,18,6,7,3,3,0,1
14/03/2015,NaN,Vallecano,Granada,3,1,H,0,1,A,16,11,8,3,15,8,6,6,3,2,0,0
15/03/2015,NaN,Almeria,Villarreal,0,0,D,0,0,D,10,18,2,7,16,15,4,3,4,4,1,1
15/03/2015,NaN,Malaga,Cordoba,2,0,H,0,0,D,19,4,6,2,11,15,2,3,0,2,0,0
15/03/2015,NaN,Real Madrid,Levante,2,0,H,2,0,H,22,8,6,0,9,14,10,4,2,0,0,0
15/03/2015,NaN,Sevilla,Elche,3,0,H,2,0,H,12,14,4,3,13,11,5,9,2,3,0,0
16/03/2015,NaN,Getafe,Sociedad,0,1,A,0,0,D,14,10,5,4,14,12,6,5,4,1,0,0
20/03/2015,NaN,Elche,Valencia,0,4,A,0,1,A,7,10,1,5,12,10,4,4,1,0,0,0
21/03/2015,NaN,Ath Bilbao,Almeria,2,1,H,2,0,H,19,7,6,1,8,20,9,6,2,4,0,1
21/03/2015,NaN,Ath Madrid,Getafe,2,0,H,2,0,H,15,5,6,1,10,16,10,5,2,2,0,0
21/03/2015,NaN,Granada,Eibar,0,0,D,0,0,D,17,4,4,1,14,17,7,5,4,1,0,0
21/03/2015,NaN,Levante,Celta,0,1,A,0,0,D,9,17,3,5,17,9,5,5,4,3,0,0
21/03/2015,NaN,Vallecano,Malaga,1,0,H,1,0,H,11,6,2,2,20,15,7,4,8,0,0,1
22/03/2015,NaN,Barcelona,Real Madrid,2,1,H,1,1,D,17,13,5,4,9,14,7,10,5,6,0,0
22/03/2015,NaN,La Coruna,Espanol,0,0,D,0,0,D,14,7,1,2,10,16,2,2,4,4,0,0
22/03/2015,NaN,Sociedad,Cordoba,3,1,H,1,1,D,19,11,3,6,9,16,9,5,1,5,0,3
22/03/2015,NaN,Villarreal,Sevilla,0,2,A,0,0,D,23,9,5,5,11,16,8,2,2,1,0,0
03/04/2015,NaN,Eibar,Vallecano,1,2,A,1,2,A,12,13,4,8,15,15,4,4,3,3,1,0
04/04/2015,NaN,Almeria,Levante,1,4,A,0,2,A,9,15,3,5,18,16,7,8,4,2,1,0
04/04/2015,NaN,Cordoba,Ath Madrid,0,2,A,0,2,A,11,8,2,4,12,9,3,5,2,1,0,0
04/04/2015,NaN,Malaga,Sociedad,1,1,D,0,0,D,13,9,6,3,17,10,12,3,4,5,0,0
04/04/2015,NaN,Sevilla,Ath Bilbao,2,0,H,2,0,H,9,14,5,2,17,9,6,7,3,3,0,0
05/04/2015,NaN,Celta,Barcelona,0,1,A,0,0,D,7,12,1,3,26,12,4,3,2,2,1,0
05/04/2015,NaN,Getafe,La Coruna,2,1,H,2,0,H,11,9,4,2,19,14,5,1,1,3,0,0
05/04/2015,NaN,Real Madrid,Granada,9,1,H,4,0,H,29,11,11,6,6,9,10,1,1,2,0,0
05/04/2015,NaN,Valencia,Villarreal,0,0,D,0,0,D,13,5,3,2,14,18,2,6,2,5,0,0
06/04/2015,NaN,Espanol,Elche,1,1,D,1,0,H,5,8,3,2,18,16,4,4,3,3,0,0
07/04/2015,NaN,Ath Madrid,Sociedad,2,0,H,2,0,H,12,9,3,2,13,17,4,10,1,0,0,0
07/04/2015,NaN,Eibar,Malaga,1,0,H,0,0,D,8,14,5,4,15,17,4,2,3,2,0,0
07/04/2015,NaN,Levante,Sevilla,1,2,A,0,2,A,19,12,6,5,16,16,12,3,4,5,0,0
08/04/2015,NaN,Barcelona,Almeria,4,0,H,1,0,H,19,6,12,3,9,14,14,5,1,1,0,0
08/04/2015,NaN,Granada,Celta,1,1,D,1,0,H,8,12,3,4,13,14,1,5,4,5,1,0
08/04/2015,NaN,La Coruna,Cordoba,1,1,D,0,0,D,8,16,2,7,12,16,6,5,3,2,1,0
08/04/2015,NaN,Vallecano,Real Madrid,0,2,A,0,0,D,20,17,8,5,15,11,8,1,4,5,0,0
09/04/2015,NaN,Ath Bilbao,Valencia,1,1,D,0,0,D,12,7,4,4,17,15,8,3,5,3,0,1
09/04/2015,NaN,Elche,Getafe,0,1,A,0,0,D,16,9,2,4,13,19,10,4,2,3,0,0
09/04/2015,NaN,Villarreal,Espanol,0,3,A,0,1,A,7,14,2,4,14,14,7,2,1,1,0,0
11/04/2015,NaN,Almeria,Granada,3,0,H,1,0,H,17,15,9,3,16,14,5,6,4,3,0,0
11/04/2015,NaN,Celta,Vallecano,6,1,H,4,1,H,17,12,10,4,16,3,3,4,1,1,0,0
11/04/2015,NaN,Malaga,Ath Madrid,2,2,D,1,1,D,11,11,3,5,13,10,6,1,2,3,0,0
11/04/2015,NaN,Real Madrid,Eibar,3,0,H,2,0,H,24,4,13,2,10,18,7,4,0,3,0,0
11/04/2015,NaN,Sevilla,Barcelona,2,2,D,1,2,A,11,17,2,7,23,9,2,4,5,2,0,0
12/04/2015,NaN,Cordoba,Elche,0,2,A,0,1,A,14,7,2,3,9,26,8,3,0,2,1,0
12/04/2015,NaN,Espanol,Ath Bilbao,1,0,H,1,0,H,5,10,1,2,14,13,7,1,2,2,0,0
12/04/2015,NaN,Getafe,Villarreal,1,1,D,0,0,D,12,9,2,4,9,16,11,5,2,6,0,0
12/04/2015,NaN,Sociedad,La Coruna,2,2,D,1,1,D,9,16,4,5,12,19,5,7,4,4,0,0
13/04/2015,NaN,Valencia,Levante,3,0,H,2,0,H,13,11,5,1,12,12,5,4,3,3,0,0
17/04/2015,NaN,Levante,Espanol,2,2,D,1,2,A,13,12,3,6,14,18,8,4,1,3,0,0
18/04/2015,NaN,Ath Bilbao,Getafe,4,0,H,1,0,H,27,1,8,1,12,12,6,1,2,4,0,1
18/04/2015,NaN,Barcelona,Valencia,2,0,H,1,0,H,11,11,5,3,18,17,6,3,4,4,0,0
18/04/2015,NaN,La Coruna,Ath Madrid,1,2,A,0,2,A,9,15,2,10,16,15,5,6,2,4,0,0
18/04/2015,NaN,Real Madrid,Malaga,3,1,H,1,0,H,12,11,6,2,11,26,4,3,2,2,0,0
19/04/2015,NaN,Eibar,Celta,0,1,A,0,1,A,11,17,3,5,10,20,1,9,2,2,0,0
19/04/2015,NaN,Granada,Sevilla,1,1,D,1,0,H,6,16,2,3,15,14,5,9,2,2,0,0
19/04/2015,NaN,Vallecano,Almeria,2,0,H,1,0,H,13,8,9,3,18,12,5,7,1,2,0,0
19/04/2015,NaN,Villarreal,Cordoba,0,0,D,0,0,D,28,9,7,4,14,16,12,3,1,4,0,0
20/04/2015,NaN,Elche,Sociedad,1,0,H,1,0,H,9,4,2,2,21,11,7,4,3,4,0,0
24/04/2015,NaN,Cordoba,Ath Bilbao,0,1,A,0,0,D,22,15,2,4,13,19,9,5,2,3,0,0
25/04/2015,NaN,Ath Madrid,Elche,3,0,H,0,0,D,18,14,9,3,11,18,9,8,3,2,0,0
25/04/2015,NaN,Espanol,Barcelona,0,2,A,0,2,A,7,12,2,5,21,12,5,3,5,1,1,1
25/04/2015,NaN,Getafe,Levante,0,1,A,0,1,A,10,9,2,3,9,14,5,5,4,3,0,0
25/04/2015,NaN,Sociedad,Villarreal,0,0,D,0,0,D,13,19,2,4,15,13,7,9,1,4,0,0
26/04/2015,NaN,Almeria,Eibar,2,0,H,1,0,H,9,8,3,5,11,13,5,7,4,3,0,0
26/04/2015,NaN,Celta,Real Madrid,2,4,A,2,3,A,20,10,4,7,17,6,5,4,3,2,0,0
26/04/2015,NaN,Malaga,La Coruna,1,1,D,0,0,D,14,12,5,3,17,15,9,5,5,1,0,0
26/04/2015,NaN,Sevilla,Vallecano,2,0,H,2,0,H,12,22,7,3,15,13,5,8,0,2,0,0
27/04/2015,NaN,Valencia,Granada,4,0,H,2,0,H,13,5,6,0,12,16,2,6,3,3,0,0
28/04/2015,NaN,Ath Bilbao,Sociedad,1,1,D,0,0,D,11,13,3,8,16,13,7,3,2,2,0,1
28/04/2015,NaN,Barcelona,Getafe,6,0,H,5,0,H,21,7,12,3,11,5,5,6,0,0,0,0
28/04/2015,NaN,Levante,Cordoba,1,0,H,1,0,H,13,8,3,1,17,10,6,5,3,3,0,0
29/04/2015,NaN,Celta,Malaga,1,0,H,0,0,D,14,7,2,2,6,13,3,5,2,3,0,0
29/04/2015,NaN,Eibar,Sevilla,1,3,A,0,2,A,15,12,3,6,17,10,4,2,3,2,0,0
29/04/2015,NaN,Elche,La Coruna,4,0,H,2,0,H,12,10,7,5,7,10,3,4,1,2,0,0
29/04/2015,NaN,Real Madrid,Almeria,3,0,H,1,0,H,18,7,4,0,9,12,10,4,1,0,0,0
29/04/2015,NaN,Villarreal,Ath Madrid,0,1,A,0,0,D,13,12,3,3,5,18,7,1,0,4,0,0
30/04/2015,NaN,Granada,Espanol,1,2,A,0,1,A,16,7,4,3,19,12,8,1,2,3,0,0
30/04/2015,NaN,Vallecano,Valencia,1,1,D,1,0,H,9,13,3,5,21,15,4,8,2,1,1,1
01/05/2015,NaN,Sociedad,Levante,3,0,H,1,0,H,9,14,3,1,14,13,3,7,2,3,0,0
02/05/2015,NaN,Ath Madrid,Ath Bilbao,0,0,D,0,0,D,10,7,3,0,8,20,9,2,2,2,0,1
02/05/2015,NaN,Cordoba,Barcelona,0,8,A,0,2,A,5,27,1,11,11,3,5,8,2,0,0,0
02/05/2015,NaN,La Coruna,Villarreal,1,1,D,0,0,D,9,7,3,2,14,12,4,2,1,5,0,0
02/05/2015,NaN,Sevilla,Real Madrid,2,3,A,1,2,A,18,14,5,5,11,12,8,1,4,2,0,0
03/05/2015,NaN,Espanol,Vallecano,1,1,D,0,1,A,12,7,5,4,18,18,5,1,3,1,1,0
03/05/2015,NaN,Getafe,Granada,1,2,A,1,1,D,17,14,5,6,14,17,4,6,3,4,0,0
03/05/2015,NaN,Malaga,Elche,1,2,A,0,1,A,21,7,9,3,15,18,5,2,3,1,0,1
03/05/2015,NaN,Valencia,Eibar,3,1,H,1,0,H,13,7,6,1,8,17,7,5,2,1,0,0
04/05/2015,NaN,Almeria,Celta,2,2,D,0,2,A,12,7,3,3,12,9,3,6,2,3,1,1
08/05/2015,NaN,Eibar,Espanol,0,2,A,0,1,A,8,12,4,6,17,12,4,2,2,4,0,0
09/05/2015,NaN,Ath Bilbao,La Coruna,1,1,D,1,0,H,11,8,5,2,14,10,3,3,4,4,0,0
09/05/2015,NaN,Barcelona,Sociedad,2,0,H,0,0,D,15,5,8,1,9,13,10,3,1,5,0,0
09/05/2015,NaN,Granada,Cordoba,2,0,H,1,0,H,21,4,8,1,16,12,8,1,2,2,0,2
09/05/2015,NaN,Real Madrid,Valencia,2,2,D,0,2,A,29,13,10,4,14,19,12,9,4,4,0,0
10/05/2015,NaN,Almeria,Malaga,1,2,A,1,1,D,10,14,4,5,15,18,7,6,3,4,0,0
10/05/2015,NaN,Celta,Sevilla,1,1,D,0,1,A,13,8,2,4,17,15,4,2,3,5,0,0
10/05/2015,NaN,Levante,Ath Madrid,2,2,D,1,1,D,8,15,5,7,8,16,2,6,2,2,0,0
10/05/2015,NaN,Villarreal,Elche,1,0,H,1,0,H,12,13,5,2,15,7,8,5,1,2,0,0
11/05/2015,NaN,Vallecano,Getafe,2,0,H,1,0,H,15,9,5,3,14,12,8,5,2,1,1,1
17/05/2015,NaN,Ath Madrid,Barcelona,0,1,A,0,0,D,10,15,3,5,23,7,6,5,5,3,0,0
17/05/2015,NaN,Cordoba,Vallecano,1,2,A,0,1,A,14,22,2,10,5,13,5,8,0,0,0,0
17/05/2015,NaN,Elche,Ath Bilbao,2,3,A,2,0,H,10,17,3,5,13,12,1,9,2,2,0,0
17/05/2015,NaN,Espanol,Real Madrid,1,4,A,0,0,D,15,18,3,7,17,12,2,5,2,4,0,0
17/05/2015,NaN,Getafe,Eibar,1,1,D,1,1,D,13,5,3,1,11,12,6,4,0,2,0,0
17/05/2015,NaN,La Coruna,Levante,2,0,H,1,0,H,10,5,3,1,12,13,8,3,3,2,0,0
17/05/2015,NaN,Sevilla,Almeria,2,1,H,0,1,A,15,14,3,3,17,17,5,4,0,4,0,1
17/05/2015,NaN,Sociedad,Granada,0,3,A,0,0,D,7,15,1,6,12,17,3,3,2,2,0,0
17/05/2015,NaN,Valencia,Celta,1,1,D,0,1,A,21,11,7,3,9,18,7,7,1,5,0,0
17/05/2015,NaN,Villarreal,Malaga,2,1,H,0,0,D,8,15,2,4,9,12,3,9,3,1,0,0
23/05/2015,NaN,Almeria,Valencia,2,3,A,2,2,D,10,9,3,5,19,18,3,6,2,4,0,1
23/05/2015,NaN,Ath Bilbao,Villarreal,4,0,H,3,0,H,17,13,8,2,13,7,4,5,0,1,0,0
23/05/2015,NaN,Barcelona,La Coruna,2,2,D,1,0,H,18,10,7,2,6,9,4,4,1,3,0,0
23/05/2015,NaN,Celta,Espanol,3,2,H,1,1,D,10,17,7,3,11,14,2,2,2,1,1,0
23/05/2015,NaN,Eibar,Cordoba,3,0,H,3,0,H,12,15,6,5,13,7,4,5,1,0,0,0
23/05/2015,NaN,Granada,Ath Madrid,0,0,D,0,0,D,2,3,0,1,9,11,4,0,0,0,0,0
23/05/2015,NaN,Levante,Elche,0,0,D,0,0,D,8,15,0,6,14,15,4,4,3,3,0,0
23/05/2015,NaN,Malaga,Sevilla,2,3,A,0,0,D,16,12,8,6,13,9,6,1,3,2,1,0
23/05/2015,NaN,Real Madrid,Getafe,7,3,H,3,3,D,18,14,11,6,12,13,8,7,2,3,0,0
23/05/2015,NaN,Vallecano,Sociedad,2,4,A,1,2,A,13,11,3,8,12,13,9,2,1,1,0,0
21/08/2015,NaN,Malaga,Sevilla,0,0,D,0,0,D,25,10,5,2,19,11,7,2,3,3,0,1
22/08/2015,NaN,Ath Madrid,Las Palmas,1,0,H,1,0,H,14,8,3,1,11,16,4,4,2,0,0,0
22/08/2015,NaN,Espanol,Getafe,1,0,H,1,0,H,4,14,2,3,19,14,5,6,2,3,0,1
22/08/2015,NaN,La Coruna,Sociedad,0,0,D,0,0,D,15,9,5,2,16,10,5,4,3,2,0,0
22/08/2015,NaN,Vallecano,Valencia,0,0,D,0,0,D,8,10,3,4,19,11,3,3,3,1,0,0
23/08/2015,NaN,Ath Bilbao,Barcelona,0,1,A,0,0,D,8,10,2,4,16,11,2,4,3,3,0,0
23/08/2015,NaN,Betis,Villarreal,1,1,D,0,1,A,22,8,6,4,11,26,7,5,3,1,0,1
23/08/2015,NaN,Levante,Celta,1,2,A,0,1,A,11,15,2,6,12,17,4,6,1,3,1,0
23/08/2015,NaN,Sp Gijon,Real Madrid,0,0,D,0,0,D,6,27,0,8,20,4,2,5,4,0,0,0
24/08/2015,NaN,Granada,Eibar,1,3,A,0,2,A,12,10,6,4,5,23,6,5,1,6,1,0
28/08/2015,NaN,Villarreal,Espanol,3,1,H,0,1,A,14,4,4,2,10,20,2,3,1,6,0,0
29/08/2015,NaN,Barcelona,Malaga,1,0,H,0,0,D,22,4,13,1,4,21,15,2,0,3,0,0
29/08/2015,NaN,Celta,Vallecano,3,0,H,1,0,H,11,3,7,0,7,11,5,4,2,2,0,1
29/08/2015,NaN,Real Madrid,Betis,5,0,H,2,0,H,21,7,11,1,12,14,11,4,3,3,0,0
29/08/2015,NaN,Sociedad,Sp Gijon,0,0,D,0,0,D,12,7,1,2,10,15,6,4,4,5,0,0
30/08/2015,NaN,Eibar,Ath Bilbao,2,0,H,1,0,H,9,9,8,1,14,13,11,4,2,2,0,0
30/08/2015,NaN,Getafe,Granada,1,2,A,0,2,A,16,9,4,4,16,15,6,6,5,3,0,0
30/08/2015,NaN,Las Palmas,Levante,0,0,D,0,0,D,16,3,2,2,14,21,3,0,2,4,0,0
30/08/2015,NaN,Sevilla,Ath Madrid,0,3,A,0,1,A,25,17,7,7,17,13,11,1,3,4,0,0
30/08/2015,NaN,Valencia,La Coruna,1,1,D,1,1,D,12,12,5,3,13,15,5,7,2,1,1,0
11/09/2015,NaN,Levante,Sevilla,1,1,D,0,1,A,14,8,4,3,12,8,5,4,3,3,0,0
12/09/2015,NaN,Ath Madrid,Barcelona,1,2,A,0,0,D,11,13,3,5,17,5,1,10,3,1,0,0
12/09/2015,NaN,Betis,Sociedad,1,0,H,1,0,H,9,15,2,3,12,9,2,4,4,3,1,0
12/09/2015,NaN,Espanol,Real Madrid,0,6,A,0,4,A,14,15,3,8,19,10,5,6,2,2,0,0
12/09/2015,NaN,Sp Gijon,Valencia,0,1,A,0,0,D,16,17,8,3,16,11,5,6,3,3,0,0
13/09/2015,NaN,Ath Bilbao,Getafe,3,1,H,2,0,H,14,11,6,3,12,15,12,5,1,4,0,0
13/09/2015,NaN,Celta,Las Palmas,3,3,D,2,1,H,26,9,12,5,19,14,7,2,0,3,0,1
13/09/2015,NaN,Granada,Villarreal,1,3,A,0,0,D,13,8,2,5,16,21,8,6,2,4,0,0
13/09/2015,NaN,Malaga,Eibar,0,0,D,0,0,D,10,7,4,0,11,13,7,3,2,4,0,0
14/09/2015,NaN,Vallecano,La Coruna,1,3,A,1,2,A,8,14,2,8,12,10,5,4,2,2,1,0
18/09/2015,NaN,Getafe,Malaga,1,0,H,1,0,H,10,13,4,3,18,11,4,7,5,2,0,0
19/09/2015,NaN,Eibar,Ath Madrid,0,2,A,0,0,D,9,14,3,6,13,7,1,4,2,1,0,0
19/09/2015,NaN,Real Madrid,Granada,1,0,H,0,0,D,20,12,10,3,9,15,10,1,1,3,0,0
19/09/2015,NaN,Sociedad,Espanol,2,3,A,1,1,D,10,18,3,6,15,16,7,6,2,3,1,0
19/09/2015,NaN,Valencia,Betis,0,0,D,0,0,D,22,3,5,1,17,15,7,1,4,2,0,1
20/09/2015,NaN,Barcelona,Levante,4,1,H,0,0,D,21,11,8,4,8,16,4,4,0,1,0,0
20/09/2015,NaN,La Coruna,Sp Gijon,2,3,A,2,3,A,19,4,9,4,11,16,8,3,3,3,0,0
20/09/2015,NaN,Las Palmas,Vallecano,0,1,A,0,1,A,8,17,2,6,13,19,3,5,3,5,0,0
20/09/2015,NaN,Sevilla,Celta,1,2,A,0,2,A,13,15,5,5,16,16,5,5,3,5,0,1
20/09/2015,NaN,Villarreal,Ath Bilbao,3,1,H,1,0,H,14,11,7,2,17,6,9,4,4,4,0,0
22/09/2015,NaN,Ath Madrid,Getafe,2,0,H,1,0,H,12,6,3,2,14,10,6,1,3,2,0,0
22/09/2015,NaN,Espanol,Valencia,1,0,H,1,0,H,17,10,5,4,22,14,7,6,5,7,0,0
22/09/2015,NaN,Granada,Sociedad,0,3,A,0,2,A,11,8,1,5,20,18,4,3,5,4,0,0
23/09/2015,NaN,Ath Bilbao,Real Madrid,1,2,A,0,1,A,11,22,5,6,17,10,6,8,4,3,0,0
23/09/2015,NaN,Celta,Barcelona,4,1,H,2,0,H,18,18,5,7,19,4,5,10,2,2,0,0
23/09/2015,NaN,Las Palmas,Sevilla,2,0,H,1,0,H,12,17,4,3,9,13,5,5,3,4,0,0
23/09/2015,NaN,Levante,Eibar,2,2,D,0,1,A,12,10,2,4,13,23,4,7,2,5,0,0
23/09/2015,NaN,Malaga,Villarreal,0,1,A,0,0,D,15,9,4,3,18,14,8,5,2,3,0,0
23/09/2015,NaN,Vallecano,Sp Gijon,2,1,H,1,0,H,18,5,6,2,14,17,4,4,2,1,0,1
24/09/2015,NaN,Betis,La Coruna,1,2,A,0,0,D,9,8,2,3,11,22,3,4,3,5,0,0
25/09/2015,NaN,Valencia,Granada,1,0,H,1,0,H,12,18,5,3,19,20,11,3,3,3,0,0
26/09/2015,NaN,Barcelona,Las Palmas,2,1,H,1,0,H,18,10,6,6,12,23,3,4,2,4,0,0
26/09/2015,NaN,Eibar,Celta,1,1,D,1,0,H,10,9,3,2,25,16,4,4,5,4,0,0
26/09/2015,NaN,Real Madrid,Malaga,0,0,D,0,0,D,31,12,9,3,11,10,12,6,4,4,0,1
26/09/2015,NaN,Sevilla,Vallecano,3,2,H,2,0,H,17,18,8,5,9,18,6,5,1,2,0,1
26/09/2015,NaN,Villarreal,Ath Madrid,1,0,H,1,0,H,5,9,2,4,11,15,1,5,2,2,0,0
27/09/2015,NaN,Getafe,Levante,3,0,H,0,0,D,15,10,8,3,11,10,4,4,2,3,0,0
27/09/2015,NaN,La Coruna,Espanol,3,0,H,2,0,H,14,7,5,3,11,11,7,5,4,3,0,1
27/09/2015,NaN,Sociedad,Ath Bilbao,0,0,D,0,0,D,14,9,4,2,15,19,4,2,3,4,0,0
27/09/2015,NaN,Sp Gijon,Betis,1,2,A,1,0,H,19,13,10,5,11,9,10,4,1,1,0,0
02/10/2015,NaN,Celta,Getafe,0,0,D,0,0,D,18,8,7,2,11,18,9,1,1,5,0,0
03/10/2015,NaN,Espanol,Sp Gijon,1,2,A,0,1,A,13,12,9,2,17,16,9,1,3,3,0,0
03/10/2015,NaN,Granada,La Coruna,1,1,D,0,1,A,10,14,3,3,13,21,2,5,1,3,0,0
03/10/2015,NaN,Las Palmas,Eibar,0,2,A,0,1,A,18,9,4,4,5,16,3,2,2,2,0,0
03/10/2015,NaN,Malaga,Sociedad,3,1,H,2,1,H,11,13,7,5,15,16,2,4,3,2,1,0
03/10/2015,NaN,Sevilla,Barcelona,2,1,H,0,0,D,12,28,5,9,16,16,7,9,5,3,0,0
04/10/2015,NaN,Ath Bilbao,Valencia,3,1,H,1,1,D,16,9,7,4,12,9,11,4,0,4,0,0
04/10/2015,NaN,Ath Madrid,Real Madrid,1,1,D,0,1,A,18,9,4,2,19,12,5,1,6,4,0,0
04/10/2015,NaN,Levante,Villarreal,1,0,H,0,0,D,15,3,5,2,15,17,8,2,4,3,0,1
04/10/2015,NaN,Vallecano,Betis,0,2,A,0,1,A,23,9,9,6,13,14,8,3,4,2,0,0
17/10/2015,NaN,Barcelona,Vallecano,5,2,H,2,1,H,14,22,9,8,8,15,7,10,1,2,0,0
17/10/2015,NaN,Betis,Espanol,1,3,A,0,1,A,21,13,6,4,18,21,4,3,2,4,0,0
17/10/2015,NaN,Eibar,Sevilla,1,1,D,1,0,H,14,15,4,5,16,9,2,5,3,3,0,0
17/10/2015,NaN,Real Madrid,Levante,3,0,H,2,0,H,20,15,6,5,8,10,4,4,1,4,0,0
17/10/2015,NaN,Valencia,Malaga,3,0,H,2,0,H,6,10,3,3,18,21,6,8,3,3,0,0
18/10/2015,NaN,Getafe,Las Palmas,4,0,H,2,0,H,14,16,7,3,18,15,5,1,2,1,0,1
18/10/2015,NaN,La Coruna,Ath Bilbao,2,2,D,0,1,A,16,7,3,2,8,18,4,6,2,2,0,0
18/10/2015,NaN,Sociedad,Ath Madrid,0,2,A,0,1,A,11,7,1,3,14,11,5,2,4,5,2,0
18/10/2015,NaN,Villarreal,Celta,1,2,A,0,1,A,12,13,3,2,10,12,7,4,1,3,1,0
19/10/2015,NaN,Sp Gijon,Granada,3,3,D,1,2,A,16,14,6,7,10,13,6,1,3,4,0,2
23/10/2015,NaN,Vallecano,Espanol,3,0,H,1,0,H,13,9,7,3,15,11,6,5,2,1,1,1
24/10/2015,NaN,Celta,Real Madrid,1,3,A,0,2,A,17,14,7,8,17,16,5,7,4,1,1,0
24/10/2015,NaN,Granada,Betis,1,1,D,1,1,D,17,7,7,2,8,11,3,3,3,3,0,0
24/10/2015,NaN,Malaga,La Coruna,2,0,H,0,0,D,9,10,4,1,11,10,3,5,0,1,0,0
24/10/2015,NaN,Sevilla,Getafe,5,0,H,2,0,H,22,6,13,0,18,15,7,3,1,1,0,1
25/10/2015,NaN,Ath Madrid,Valencia,2,1,H,2,0,H,16,6,8,1,26,10,9,2,4,4,0,0
25/10/2015,NaN,Barcelona,Eibar,3,1,H,1,1,D,14,7,5,5,14,18,6,2,3,5,1,0
25/10/2015,NaN,Las Palmas,Villarreal,0,0,D,0,0,D,6,5,2,0,12,14,6,6,1,2,0,0
25/10/2015,NaN,Levante,Sociedad,0,4,A,0,2,A,13,13,3,6,24,15,10,3,4,3,1,0
26/10/2015,NaN,Ath Bilbao,Sp Gijon,3,0,H,2,0,H,20,6,6,0,8,15,9,3,1,3,0,0
30/10/2015,NaN,La Coruna,Ath Madrid,1,1,D,0,1,A,7,12,3,3,4,9,1,5,2,0,0,0
31/10/2015,NaN,Getafe,Barcelona,0,2,A,0,1,A,6,14,0,6,10,3,3,5,3,0,0,0
31/10/2015,NaN,Real Madrid,Las Palmas,3,1,H,3,1,H,17,8,11,5,12,9,6,3,0,3,0,0
31/10/2015,NaN,Sociedad,Celta,2,3,A,2,1,H,20,16,5,8,9,12,8,7,2,5,0,0
31/10/2015,NaN,Valencia,Levante,3,0,H,0,0,D,13,10,6,5,19,21,5,5,2,3,0,0
31/10/2015,NaN,Villarreal,Sevilla,2,1,H,1,0,H,11,6,5,3,17,14,7,5,5,3,0,0
01/11/2015,NaN,Betis,Ath Bilbao,1,3,A,0,2,A,11,23,3,9,9,13,7,9,2,4,0,0
01/11/2015,NaN,Eibar,Vallecano,1,0,H,1,0,H,12,6,1,2,17,11,2,6,2,3,0,0
01/11/2015,NaN,Espanol,Granada,1,1,D,0,0,D,10,9,4,5,16,19,5,6,1,6,1,0
01/11/2015,NaN,Sp Gijon,Malaga,1,0,H,1,0,H,8,13,6,5,11,8,7,5,1,3,0,0
06/11/2015,NaN,Las Palmas,Sociedad,2,0,H,1,0,H,8,11,4,6,17,14,0,8,1,4,0,0
07/11/2015,NaN,Celta,Valencia,1,5,A,1,2,A,17,9,3,5,16,27,15,5,1,3,0,0
07/11/2015,NaN,Eibar,Getafe,3,1,H,2,1,H,16,10,7,4,13,9,5,7,3,1,0,1
07/11/2015,NaN,Levante,La Coruna,1,1,D,0,1,A,15,9,5,5,13,10,9,5,4,2,0,0
07/11/2015,NaN,Malaga,Betis,0,1,A,0,0,D,12,7,5,2,16,12,6,3,2,5,0,0
07/11/2015,NaN,Vallecano,Granada,2,1,H,2,0,H,7,8,2,2,15,14,4,1,2,3,1,0
08/11/2015,NaN,Ath Bilbao,Espanol,2,1,H,1,0,H,8,5,2,1,17,25,4,5,2,6,0,0
08/11/2015,NaN,Ath Madrid,Sp Gijon,1,0,H,0,0,D,15,9,3,2,14,15,5,1,4,3,0,0
08/11/2015,NaN,Barcelona,Villarreal,3,0,H,0,0,D,20,5,9,2,12,19,7,2,5,3,0,0
08/11/2015,NaN,Sevilla,Real Madrid,3,2,H,1,1,D,14,28,5,10,13,11,4,6,1,1,0,0
21/11/2015,NaN,Espanol,Malaga,2,0,H,2,0,H,7,14,3,5,20,16,3,8,3,2,0,0
21/11/2015,NaN,La Coruna,Celta,2,0,H,1,0,H,5,6,2,4,16,13,2,10,6,3,0,0
21/11/2015,NaN,Real Madrid,Barcelona,0,4,A,0,2,A,13,18,7,7,13,10,10,4,3,2,1,0
21/11/2015,NaN,Sociedad,Sevilla,2,0,H,0,0,D,14,12,7,5,6,14,7,5,2,1,0,0
21/11/2015,NaN,Valencia,Las Palmas,1,1,D,1,0,H,9,18,3,7,22,12,1,8,3,3,0,0
22/11/2015,NaN,Betis,Ath Madrid,0,1,A,0,1,A,6,11,3,4,12,8,2,6,1,4,0,0
22/11/2015,NaN,Granada,Ath Bilbao,2,0,H,1,0,H,8,11,1,6,21,15,2,7,6,3,0,0
22/11/2015,NaN,Sp Gijon,Levante,0,3,A,0,3,A,13,13,2,6,15,15,5,3,4,5,0,0
22/11/2015,NaN,Villarreal,Eibar,1,1,D,0,1,A,12,17,5,7,8,13,12,6,3,2,0,1
23/11/2015,NaN,Getafe,Vallecano,1,1,D,0,0,D,15,8,8,4,20,15,5,7,5,4,0,0
27/11/2015,NaN,Levante,Betis,0,1,A,0,1,A,14,11,1,5,12,15,7,4,6,4,1,1
28/11/2015,NaN,Ath Madrid,Espanol,1,0,H,1,0,H,21,5,6,0,16,26,6,2,0,4,0,0
28/11/2015,NaN,Barcelona,Sociedad,4,0,H,2,0,H,11,10,6,2,11,14,6,4,0,5,0,0
28/11/2015,NaN,Celta,Sp Gijon,2,1,H,1,0,H,6,9,4,2,14,9,3,5,3,0,0,0
28/11/2015,NaN,Las Palmas,La Coruna,0,2,A,0,1,A,8,10,5,5,14,13,6,4,4,3,0,0
28/11/2015,NaN,Malaga,Granada,2,2,D,1,0,H,12,11,7,4,15,20,7,4,2,6,1,0
29/11/2015,NaN,Eibar,Real Madrid,0,2,A,0,1,A,8,17,3,6,20,7,6,5,3,4,0,0
29/11/2015,NaN,Getafe,Villarreal,2,0,H,1,0,H,11,7,5,0,11,15,6,6,4,2,0,0
29/11/2015,NaN,Sevilla,Valencia,1,0,H,0,0,D,15,0,5,0,26,20,17,0,3,2,0,2
29/11/2015,NaN,Vallecano,Ath Bilbao,0,3,A,0,2,A,15,10,3,4,16,14,6,2,4,0,0,1
05/12/2015,NaN,Betis,Celta,1,1,D,0,1,A,27,5,6,1,9,16,8,0,5,5,0,1
05/12/2015,NaN,Granada,Ath Madrid,0,2,A,0,1,A,18,11,3,4,7,8,6,8,2,1,0,0
05/12/2015,NaN,La Coruna,Sevilla,1,1,D,1,0,H,8,8,4,2,10,9,6,2,2,3,0,0
05/12/2015,NaN,Real Madrid,Getafe,4,1,H,4,0,H,16,7,8,3,9,12,3,4,1,0,0,0
05/12/2015,NaN,Valencia,Barcelona,1,1,D,0,0,D,10,16,3,5,13,15,0,6,3,1,0,0
06/12/2015,NaN,Ath Bilbao,Malaga,0,0,D,0,0,D,11,7,2,2,7,21,6,1,2,3,1,0
06/12/2015,NaN,Sociedad,Eibar,2,1,H,1,1,D,10,5,7,1,12,16,4,3,3,3,0,0
06/12/2015,NaN,Sp Gijon,Las Palmas,3,1,H,1,1,D,21,12,9,7,9,10,8,4,2,1,0,1
06/12/2015,NaN,Villarreal,Vallecano,2,1,H,0,1,A,14,8,5,4,16,14,5,4,1,4,0,0
07/12/2015,NaN,Espanol,Levante,1,1,D,0,1,A,9,12,1,5,13,14,2,6,4,5,0,0
11/12/2015,NaN,Getafe,Sociedad,1,1,D,0,0,D,9,10,5,6,15,12,5,5,3,3,0,0
12/12/2015,NaN,Barcelona,La Coruna,2,2,D,1,0,H,17,13,7,4,4,11,6,2,0,2,0,0
12/12/2015,NaN,Celta,Espanol,1,0,H,1,0,H,16,6,3,2,13,23,4,9,3,2,1,0
12/12/2015,NaN,Las Palmas,Betis,1,0,H,0,0,D,16,8,4,2,10,9,2,2,3,0,0,0
12/12/2015,NaN,Levante,Granada,1,2,A,0,0,D,7,8,5,3,25,27,2,1,2,2,0,0
12/12/2015,NaN,Sevilla,Sp Gijon,2,0,H,0,0,D,18,4,7,1,13,10,3,1,3,2,0,1
13/12/2015,NaN,Ath Madrid,Ath Bilbao,2,1,H,1,1,D,8,10,4,5,13,10,3,6,1,1,0,0
13/12/2015,NaN,Eibar,Valencia,1,1,D,1,0,H,14,6,5,1,20,14,9,2,4,4,1,1
13/12/2015,NaN,Vallecano,Malaga,1,2,A,1,0,H,13,15,3,5,13,17,6,7,1,2,0,0
13/12/2015,NaN,Villarreal,Real Madrid,1,0,H,1,0,H,7,20,3,1,11,9,3,9,2,2,0,0
19/12/2015,NaN,Betis,Sevilla,0,0,D,0,0,D,12,8,0,2,23,19,8,8,7,5,0,0
19/12/2015,NaN,Espanol,Las Palmas,1,0,H,0,0,D,12,9,2,4,29,21,7,5,4,4,0,0
19/12/2015,NaN,La Coruna,Eibar,2,0,H,1,0,H,13,13,3,1,10,11,9,8,0,2,1,0
19/12/2015,NaN,Valencia,Getafe,2,2,D,2,2,D,12,9,7,3,13,20,5,1,2,6,0,0
20/12/2015,NaN,Ath Bilbao,Levante,2,0,H,0,0,D,18,6,7,1,15,17,10,3,0,5,0,0
20/12/2015,NaN,Granada,Celta,0,2,A,0,2,A,11,10,1,4,17,11,9,3,4,2,0,0
20/12/2015,NaN,Malaga,Ath Madrid,1,0,H,0,0,D,17,6,4,3,9,13,4,1,3,4,0,1
20/12/2015,NaN,Real Madrid,Vallecano,10,2,H,4,2,H,30,9,15,4,12,12,10,4,1,2,0,2
20/12/2015,NaN,Sociedad,Villarreal,0,2,A,0,1,A,16,7,2,5,12,21,9,1,2,1,0,0
30/12/2015,NaN,Barcelona,Betis,4,0,H,2,0,H,16,11,7,4,16,20,2,3,1,3,0,0
30/12/2015,NaN,Celta,Ath Bilbao,0,1,A,0,0,D,7,13,3,5,11,11,3,3,3,4,0,0
30/12/2015,NaN,Eibar,Sp Gijon,2,0,H,0,0,D,16,6,5,0,16,17,5,7,3,3,0,0
30/12/2015,NaN,Getafe,La Coruna,0,0,D,0,0,D,15,10,5,3,9,8,9,2,3,1,0,0
30/12/2015,NaN,Las Palmas,Granada,4,1,H,1,0,H,7,11,4,4,5,21,4,4,2,5,0,1
30/12/2015,NaN,Levante,Malaga,0,1,A,0,0,D,7,9,1,5,20,12,6,5,7,5,0,0
30/12/2015,NaN,Real Madrid,Sociedad,3,1,H,1,0,H,23,13,13,2,12,9,13,2,1,4,0,0
30/12/2015,NaN,Sevilla,Espanol,2,0,H,2,0,H,15,12,10,1,15,16,6,6,3,3,0,0
30/12/2015,NaN,Vallecano,Ath Madrid,0,2,A,0,0,D,10,17,3,6,12,15,3,8,3,3,0,0
31/12/2015,NaN,Villarreal,Valencia,1,0,H,0,0,D,9,6,3,2,21,19,3,6,1,3,0,0
02/01/2016,NaN,Ath Madrid,Levante,1,0,H,0,0,D,16,9,2,1,12,14,13,1,0,4,0,0
02/01/2016,NaN,Espanol,Barcelona,0,0,D,0,0,D,4,10,1,2,22,10,6,10,5,3,0,0
02/01/2016,NaN,Malaga,Celta,2,0,H,2,0,H,14,8,4,1,22,11,5,2,4,2,0,1
03/01/2016,NaN,Ath Bilbao,Las Palmas,2,2,D,1,0,H,16,11,5,5,24,13,5,5,3,4,0,0
03/01/2016,NaN,Betis,Eibar,0,4,A,0,2,A,9,6,5,5,16,14,6,2,4,3,0,0
03/01/2016,NaN,Granada,Sevilla,2,1,H,2,1,H,9,14,4,7,17,13,2,9,2,2,0,1
03/01/2016,NaN,La Coruna,Villarreal,1,2,A,0,1,A,11,6,4,4,13,11,9,3,3,3,0,0
03/01/2016,NaN,Valencia,Real Madrid,2,2,D,1,1,D,11,17,4,4,18,17,4,7,1,1,0,1
03/01/2016,NaN,Vallecano,Sociedad,2,2,D,1,1,D,12,15,5,7,15,11,7,7,3,3,0,0
04/01/2016,NaN,Sp Gijon,Getafe,1,2,A,1,0,H,17,11,4,2,13,14,4,2,3,3,0,0
09/01/2016,NaN,Barcelona,Granada,4,0,H,2,0,H,17,8,8,4,14,19,7,0,1,4,0,0
09/01/2016,NaN,Getafe,Betis,1,0,H,0,0,D,8,11,3,2,19,11,8,4,1,3,0,0
09/01/2016,NaN,Levante,Vallecano,2,1,H,0,0,D,10,10,4,4,16,15,5,5,5,1,0,0
09/01/2016,NaN,Real Madrid,La Coruna,5,0,H,2,0,H,23,18,9,4,9,8,5,9,0,3,0,0
09/01/2016,NaN,Sevilla,Ath Bilbao,2,0,H,1,0,H,4,11,4,3,14,13,6,8,2,3,0,0
10/01/2016,NaN,Celta,Ath Madrid,0,2,A,0,0,D,6,10,1,3,14,14,4,4,2,1,0,0
10/01/2016,NaN,Eibar,Espanol,2,1,H,1,1,D,20,7,6,4,13,15,8,2,3,2,0,0
10/01/2016,NaN,Las Palmas,Malaga,1,1,D,0,0,D,5,11,3,3,21,11,2,5,5,4,0,0
10/01/2016,NaN,Sociedad,Valencia,2,0,H,0,0,D,24,10,7,3,16,13,5,6,3,4,0,0
10/01/2016,NaN,Villarreal,Sp Gijon,2,0,H,1,0,H,7,12,4,2,10,12,3,9,4,2,0,0
16/01/2016,NaN,Celta,Levante,4,3,H,2,0,H,14,17,6,7,14,16,6,2,1,4,0,0
16/01/2016,NaN,Sevilla,Malaga,2,1,H,2,0,H,8,14,4,3,21,21,6,4,2,2,1,1
16/01/2016,NaN,Sociedad,La Coruna,1,1,D,0,1,A,16,7,6,4,9,11,9,4,1,3,0,0
16/01/2016,NaN,Villarreal,Betis,0,0,D,0,0,D,9,15,2,2,12,11,7,11,2,1,0,0
17/01/2016,NaN,Barcelona,Ath Bilbao,6,0,H,2,0,H,20,9,8,3,6,7,6,2,2,2,0,1
17/01/2016,NaN,Getafe,Espanol,3,1,H,2,1,H,18,13,4,6,12,13,3,7,2,2,0,0
17/01/2016,NaN,Las Palmas,Ath Madrid,0,3,A,0,1,A,11,11,3,5,7,21,3,4,0,2,0,0
17/01/2016,NaN,Real Madrid,Sp Gijon,5,1,H,5,0,H,17,9,10,2,10,15,4,4,1,1,0,0
17/01/2016,NaN,Valencia,Vallecano,2,2,D,0,1,A,13,18,5,8,17,20,7,9,1,3,0,0
18/01/2016,NaN,Eibar,Granada,5,1,H,2,0,H,12,4,7,1,11,17,3,2,1,4,0,0
22/01/2016,NaN,Sp Gijon,Sociedad,5,1,H,3,1,H,11,9,7,3,13,12,6,2,2,2,0,0
23/01/2016,NaN,Espanol,Villarreal,2,2,D,2,1,H,11,14,5,5,12,15,3,9,3,1,1,0
23/01/2016,NaN,Granada,Getafe,3,2,H,2,0,H,20,9,9,2,12,16,5,3,3,3,0,0
23/01/2016,NaN,Malaga,Barcelona,1,2,A,1,1,D,15,12,9,6,16,9,4,3,3,3,0,0
23/01/2016,NaN,Vallecano,Celta,3,0,H,3,0,H,26,3,10,1,20,13,7,1,3,5,0,0
24/01/2016,NaN,Ath Bilbao,Eibar,5,2,H,3,1,H,10,9,5,2,13,14,7,2,2,2,0,0
24/01/2016,NaN,Ath Madrid,Sevilla,0,0,D,0,0,D,21,7,3,1,13,13,8,5,4,3,0,1
24/01/2016,NaN,Betis,Real Madrid,1,1,D,1,0,H,4,18,2,8,17,13,1,9,3,2,0,0
24/01/2016,NaN,La Coruna,Valencia,1,1,D,1,0,H,10,10,2,3,13,9,8,6,3,3,0,0
25/01/2016,NaN,Levante,Las Palmas,3,2,H,1,0,H,12,13,8,4,22,11,2,4,2,4,1,0
30/01/2016,NaN,Barcelona,Ath Madrid,2,1,H,2,1,H,10,7,4,4,7,18,8,6,0,3,0,2
30/01/2016,NaN,Eibar,Malaga,1,2,A,0,1,A,11,7,3,4,9,15,1,2,1,3,0,0
30/01/2016,NaN,Getafe,Ath Bilbao,0,1,A,0,1,A,11,13,3,3,13,18,7,5,2,5,1,0
30/01/2016,NaN,Sociedad,Betis,2,1,H,2,0,H,11,8,4,1,13,9,3,4,1,4,0,0
30/01/2016,NaN,Villarreal,Granada,1,0,H,0,0,D,12,7,6,2,10,11,8,0,4,3,0,0
31/01/2016,NaN,Las Palmas,Celta,2,1,H,1,1,D,13,5,5,2,13,18,7,3,6,2,0,1
31/01/2016,NaN,Real Madrid,Espanol,6,0,H,4,0,H,18,15,7,5,20,20,3,1,1,5,0,0
31/01/2016,NaN,Sevilla,Levante,3,1,H,1,0,H,14,22,8,4,8,8,5,9,1,1,0,0
31/01/2016,NaN,Valencia,Sp Gijon,0,1,A,0,0,D,16,7,3,3,15,21,6,3,0,2,0,0
01/02/2016,NaN,La Coruna,Vallecano,2,2,D,1,2,A,17,7,5,3,6,15,5,4,0,0,0,0
05/02/2016,NaN,Malaga,Getafe,3,0,H,3,0,H,8,6,4,2,10,10,4,6,3,3,0,0
06/02/2016,NaN,Ath Bilbao,Villarreal,0,0,D,0,0,D,10,2,1,2,19,20,5,3,4,4,1,1
06/02/2016,NaN,Ath Madrid,Eibar,3,1,H,0,0,D,13,6,4,2,15,18,5,2,2,3,0,0
06/02/2016,NaN,Sp Gijon,La Coruna,1,1,D,1,1,D,11,5,2,4,10,13,4,3,2,2,0,0
06/02/2016,NaN,Vallecano,Las Palmas,2,0,H,1,0,H,18,9,8,4,16,15,5,5,3,1,0,0
07/02/2016,NaN,Betis,Valencia,1,0,H,0,0,D,6,7,2,2,17,19,4,5,4,5,0,1
07/02/2016,NaN,Celta,Sevilla,1,1,D,0,1,A,25,9,5,2,15,16,10,5,3,3,0,1
07/02/2016,NaN,Granada,Real Madrid,1,2,A,0,1,A,14,14,2,4,20,8,3,6,3,2,0,0
07/02/2016,NaN,Levante,Barcelona,0,2,A,0,1,A,11,11,3,4,15,10,2,5,4,3,0,0
08/02/2016,NaN,Espanol,Sociedad,0,5,A,0,2,A,5,12,1,6,13,11,4,5,1,2,0,0
12/02/2016,NaN,Sp Gijon,Vallecano,2,2,D,2,1,H,11,15,5,4,14,12,3,7,3,4,0,0
13/02/2016,NaN,La Coruna,Betis,2,2,D,1,2,A,25,4,11,2,14,13,11,0,1,0,0,0
13/02/2016,NaN,Real Madrid,Ath Bilbao,4,2,H,3,1,H,19,10,9,3,6,8,5,2,1,2,1,0
13/02/2016,NaN,Valencia,Espanol,2,1,H,0,0,D,17,19,4,6,8,19,9,9,1,3,0,0
13/02/2016,NaN,Villarreal,Malaga,1,0,H,1,0,H,12,7,5,2,13,15,5,1,2,1,0,0
14/02/2016,NaN,Barcelona,Celta,6,1,H,1,1,D,19,10,11,4,10,16,1,1,0,4,0,0
14/02/2016,NaN,Eibar,Levante,2,0,H,1,0,H,15,8,6,3,15,12,8,2,3,2,0,0
14/02/2016,NaN,Getafe,Ath Madrid,0,1,A,0,1,A,11,6,0,3,9,9,5,4,2,3,0,0
14/02/2016,NaN,Sevilla,Las Palmas,2,0,H,0,0,D,9,11,5,3,15,11,8,3,1,3,0,0
14/02/2016,NaN,Sociedad,Granada,3,0,H,2,0,H,12,15,6,2,9,18,7,13,1,2,0,0
17/02/2016,NaN,Sp Gijon,Barcelona,1,3,A,1,2,A,6,17,2,8,11,7,1,4,2,1,0,0
19/02/2016,NaN,Levante,Getafe,3,0,H,2,0,H,12,14,6,6,12,13,6,8,2,2,0,0
20/02/2016,NaN,Betis,Sp Gijon,1,1,D,0,0,D,17,4,6,3,15,25,10,4,2,3,0,0
20/02/2016,NaN,Celta,Eibar,3,2,H,2,0,H,14,7,9,3,6,25,6,1,3,2,0,0
20/02/2016,NaN,Espanol,La Coruna,1,0,H,0,0,D,16,17,9,3,19,4,7,4,3,1,0,0
20/02/2016,NaN,Las Palmas,Barcelona,1,2,A,1,2,A,16,13,3,8,10,13,3,6,1,2,0,0
21/02/2016,NaN,Ath Bilbao,Sociedad,0,1,A,0,1,A,9,9,2,4,21,16,9,3,7,6,0,0
21/02/2016,NaN,Ath Madrid,Villarreal,0,0,D,0,0,D,12,5,3,0,11,13,10,2,2,2,0,0
21/02/2016,NaN,Granada,Valencia,1,2,A,0,0,D,15,10,4,6,18,18,6,3,2,3,0,0
21/02/2016,NaN,Malaga,Real Madrid,1,1,D,0,1,A,11,14,5,7,14,12,6,6,5,2,0,0
21/02/2016,NaN,Vallecano,Sevilla,2,2,D,1,2,A,13,14,4,7,14,23,3,17,6,2,0,0
26/02/2016,NaN,Eibar,Las Palmas,0,1,A,0,1,A,10,12,4,4,16,9,6,6,4,1,0,0
27/02/2016,NaN,Betis,Vallecano,2,2,D,2,0,H,20,11,4,4,16,15,8,8,2,3,0,0
27/02/2016,NaN,Getafe,Celta,0,1,A,0,0,D,14,9,2,3,11,14,4,5,3,4,0,0
27/02/2016,NaN,Real Madrid,Ath Madrid,0,1,A,0,0,D,15,9,3,5,15,13,2,5,3,4,0,0
27/02/2016,NaN,Sociedad,Malaga,1,1,D,0,0,D,11,8,3,3,17,14,8,3,4,5,0,0
27/02/2016,NaN,Sp Gijon,Espanol,2,4,A,1,1,D,13,12,5,7,14,14,5,2,5,2,1,0
28/02/2016,NaN,Barcelona,Sevilla,2,1,H,1,1,D,17,11,8,4,13,10,6,7,3,2,0,0
28/02/2016,NaN,La Coruna,Granada,0,1,A,0,1,A,13,10,2,3,12,12,6,6,2,3,1,0
28/02/2016,NaN,Valencia,Ath Bilbao,0,3,A,0,0,D,9,13,3,4,9,13,7,7,2,0,0,0
28/02/2016,NaN,Villarreal,Levante,3,0,H,2,0,H,9,7,3,1,15,12,3,4,0,2,0,1
01/03/2016,NaN,Ath Madrid,Sociedad,3,0,H,1,0,H,12,7,5,1,19,10,8,1,1,2,0,0
01/03/2016,NaN,Las Palmas,Getafe,4,0,H,2,0,H,11,10,5,2,20,12,2,6,5,2,0,1
02/03/2016,NaN,Ath Bilbao,La Coruna,4,1,H,2,0,H,12,7,6,4,5,14,1,2,1,3,0,0
02/03/2016,NaN,Celta,Villarreal,0,0,D,0,0,D,11,6,4,3,9,2,2,1,2,5,0,0
02/03/2016,NaN,Levante,Real Madrid,1,3,A,1,2,A,11,21,4,8,12,11,3,10,2,1,0,0
02/03/2016,NaN,Malaga,Valencia,1,2,A,1,1,D,10,11,1,2,19,16,4,5,6,5,0,0
02/03/2016,NaN,Sevilla,Eibar,1,0,H,1,0,H,14,11,4,6,12,13,12,6,1,2,0,1
03/03/2016,NaN,Espanol,Betis,0,3,A,0,2,A,16,9,3,6,20,13,5,0,4,2,0,0
03/03/2016,NaN,Granada,Sp Gijon,2,0,H,0,0,D,13,4,8,0,24,13,4,1,7,3,0,1
03/03/2016,NaN,Vallecano,Barcelona,1,5,A,0,2,A,8,20,4,8,17,9,3,5,0,2,2,0
05/03/2016,NaN,Getafe,Sevilla,1,1,D,0,0,D,13,7,3,4,12,14,10,9,5,2,0,0
05/03/2016,NaN,La Coruna,Malaga,3,3,D,1,1,D,14,5,7,2,11,13,10,4,4,2,0,1
05/03/2016,NaN,Real Madrid,Celta,7,1,H,1,0,H,20,8,12,3,13,12,10,5,2,3,0,0
05/03/2016,NaN,Villarreal,Las Palmas,0,1,A,0,1,A,13,10,2,3,9,8,6,2,1,2,0,0
06/03/2016,NaN,Betis,Granada,2,0,H,0,0,D,10,10,4,4,9,19,6,4,3,7,1,1
06/03/2016,NaN,Eibar,Barcelona,0,4,A,0,2,A,7,9,0,7,18,10,6,2,3,2,0,0
06/03/2016,NaN,Sociedad,Levante,1,1,D,1,1,D,15,10,3,3,12,16,10,3,3,3,0,0
06/03/2016,NaN,Sp Gijon,Ath Bilbao,0,2,A,0,1,A,5,10,1,6,17,14,3,0,1,1,0,1
06/03/2016,NaN,Valencia,Ath Madrid,1,3,A,1,1,D,10,21,3,5,13,11,6,7,1,1,1,0
07/03/2016,NaN,Espanol,Vallecano,2,1,H,1,0,H,9,7,8,1,16,15,8,3,3,4,1,0
11/03/2016,NaN,Malaga,Sp Gijon,1,0,H,1,0,H,13,9,3,4,8,13,3,4,2,4,0,0
12/03/2016,NaN,Ath Madrid,La Coruna,3,0,H,1,0,H,15,6,7,2,12,8,10,1,1,1,0,0
12/03/2016,NaN,Barcelona,Getafe,6,0,H,4,0,H,16,6,9,1,7,13,5,3,0,3,0,0
12/03/2016,NaN,Celta,Sociedad,1,0,H,1,0,H,7,15,1,6,21,9,5,3,3,2,0,0
12/03/2016,NaN,Vallecano,Eibar,1,1,D,1,1,D,12,7,3,1,17,18,8,0,5,1,0,1
13/03/2016,NaN,Ath Bilbao,Betis,3,1,H,2,0,H,18,3,9,1,12,9,5,6,1,0,0,0
13/03/2016,NaN,Las Palmas,Real Madrid,1,2,A,0,1,A,15,12,6,4,10,13,6,5,4,3,0,1
13/03/2016,NaN,Levante,Valencia,1,0,H,0,0,D,13,6,6,1,16,16,8,0,2,4,0,0
13/03/2016,NaN,Sevilla,Villarreal,4,2,H,1,2,A,14,13,4,6,10,12,5,8,1,1,1,0
14/03/2016,NaN,Granada,Espanol,1,1,D,1,0,H,8,10,1,2,12,20,2,8,5,3,1,0
18/03/2016,NaN,Getafe,Eibar,1,1,D,1,0,H,8,20,4,6,12,12,3,3,1,2,0,0
19/03/2016,NaN,Betis,Malaga,0,1,A,0,0,D,16,13,5,5,15,9,5,7,3,2,0,0
19/03/2016,NaN,Granada,Vallecano,2,2,D,1,1,D,11,22,2,6,8,9,6,12,1,5,1,0
19/03/2016,NaN,La Coruna,Levante,2,1,H,1,0,H,15,7,6,1,8,12,2,1,2,3,0,0
19/03/2016,NaN,Sociedad,Las Palmas,0,1,A,0,1,A,13,12,3,7,16,17,11,5,4,5,0,0
19/03/2016,NaN,Sp Gijon,Ath Madrid,2,1,H,0,1,A,12,4,3,1,14,11,7,2,5,2,0,0
20/03/2016,NaN,Espanol,Ath Bilbao,2,1,H,0,1,A,16,14,7,4,7,13,6,2,3,3,0,0
20/03/2016,NaN,Real Madrid,Sevilla,4,0,H,1,0,H,26,8,12,4,10,9,8,8,2,2,0,0
20/03/2016,NaN,Valencia,Celta,0,2,A,0,0,D,14,13,4,6,14,14,4,5,1,0,0,0
20/03/2016,NaN,Villarreal,Barcelona,2,2,D,0,2,A,15,15,6,6,17,9,4,4,8,4,0,0
01/04/2016,NaN,Vallecano,Getafe,2,0,H,1,0,H,16,14,7,3,10,10,9,6,4,5,1,0
02/04/2016,NaN,Ath Madrid,Betis,5,1,H,2,0,H,19,8,12,5,14,12,5,5,1,3,0,0
02/04/2016,NaN,Barcelona,Real Madrid,1,2,A,0,0,D,14,14,3,6,17,15,4,3,3,2,0,1
02/04/2016,NaN,Celta,La Coruna,1,1,D,1,1,D,9,7,2,3,15,8,11,0,4,2,0,1
02/04/2016,NaN,Las Palmas,Valencia,2,1,H,0,1,A,13,7,6,4,8,17,8,2,2,4,0,0
03/04/2016,NaN,Ath Bilbao,Granada,1,1,D,1,0,H,8,9,1,2,16,14,13,1,2,5,0,0
03/04/2016,NaN,Eibar,Villarreal,1,2,A,1,1,D,10,8,3,4,15,12,4,3,3,3,0,0
03/04/2016,NaN,Malaga,Espanol,1,1,D,1,1,D,11,5,5,1,14,15,5,1,2,4,0,0
03/04/2016,NaN,Sevilla,Sociedad,1,2,A,0,2,A,15,9,6,2,22,12,8,3,4,3,0,1
04/04/2016,NaN,Levante,Sp Gijon,0,0,D,0,0,D,16,11,4,1,17,12,4,6,4,4,1,0
08/04/2016,NaN,Granada,Malaga,0,0,D,0,0,D,9,9,1,2,14,10,5,5,1,3,0,0
09/04/2016,NaN,Betis,Levante,1,0,H,0,0,D,7,12,2,3,13,18,4,3,4,3,0,0
09/04/2016,NaN,Espanol,Ath Madrid,1,3,A,1,1,D,10,14,3,5,13,14,3,5,2,2,0,0
09/04/2016,NaN,Real Madrid,Eibar,4,0,H,4,0,H,13,9,6,2,9,13,6,7,1,3,0,0
09/04/2016,NaN,Sociedad,Barcelona,1,0,H,1,0,H,5,13,1,6,14,13,5,9,1,3,0,0
10/04/2016,NaN,Ath Bilbao,Vallecano,1,0,H,0,0,D,14,12,7,4,8,14,0,5,1,3,0,0
10/04/2016,NaN,Sp Gijon,Celta,0,1,A,0,0,D,9,17,2,5,8,11,7,7,2,5,0,0
10/04/2016,NaN,Valencia,Sevilla,2,1,H,1,0,H,23,7,9,4,15,18,10,3,2,2,0,0
10/04/2016,NaN,Villarreal,Getafe,2,0,H,1,0,H,13,16,3,3,9,12,8,5,2,2,0,0
11/04/2016,NaN,La Coruna,Las Palmas,1,3,A,0,0,D,19,13,5,6,8,9,7,4,1,1,0,0
15/04/2016,NaN,Levante,Espanol,2,1,H,1,1,D,12,10,4,2,10,12,4,6,5,0,0,0
16/04/2016,NaN,Celta,Betis,1,1,D,0,1,A,18,9,5,4,14,18,12,4,4,3,0,0
16/04/2016,NaN,Eibar,Sociedad,2,1,H,1,1,D,9,7,4,4,16,11,2,0,3,3,0,0
16/04/2016,NaN,Getafe,Real Madrid,1,5,A,0,2,A,12,21,5,11,10,10,5,6,4,1,0,0
16/04/2016,NaN,Las Palmas,Sp Gijon,1,1,D,1,0,H,10,12,4,2,11,21,3,10,2,5,0,0
17/04/2016,NaN,Ath Madrid,Granada,3,0,H,1,0,H,8,11,3,0,16,14,4,2,3,5,0,0
17/04/2016,NaN,Barcelona,Valencia,1,2,A,0,2,A,22,7,7,2,12,15,7,2,3,3,0,0
17/04/2016,NaN,Malaga,Ath Bilbao,0,1,A,0,0,D,17,6,7,3,13,14,8,2,3,5,0,0
17/04/2016,NaN,Sevilla,La Coruna,1,1,D,1,0,H,12,5,3,4,15,8,10,0,2,2,0,0
17/04/2016,NaN,Vallecano,Villarreal,2,1,H,1,1,D,14,6,6,2,14,15,4,3,2,3,0,0
19/04/2016,NaN,Betis,Las Palmas,1,0,H,0,0,D,20,3,6,0,14,12,6,3,2,1,0,1
19/04/2016,NaN,Espanol,Celta,1,1,D,1,1,D,8,3,3,1,15,13,2,2,1,1,0,0
20/04/2016,NaN,Ath Bilbao,Ath Madrid,0,1,A,0,1,A,12,8,6,2,9,6,6,4,0,0,0,0
20/04/2016,NaN,La Coruna,Barcelona,0,8,A,0,2,A,16,19,5,10,11,8,6,2,1,0,0,0
20/04/2016,NaN,Malaga,Vallecano,1,1,D,0,0,D,12,11,4,4,19,13,7,7,1,3,0,0
20/04/2016,NaN,Real Madrid,Villarreal,3,0,H,1,0,H,20,5,6,2,9,8,11,1,2,1,0,0
20/04/2016,NaN,Sp Gijon,Sevilla,2,1,H,1,1,D,14,18,2,8,7,15,5,7,2,1,0,0
20/04/2016,NaN,Valencia,Eibar,4,0,H,3,0,H,9,9,6,2,10,6,6,3,1,2,0,0
21/04/2016,NaN,Granada,Levante,5,1,H,3,0,H,13,15,6,5,16,11,3,4,6,5,0,1
21/04/2016,NaN,Sociedad,Getafe,1,2,A,1,1,D,14,7,5,3,10,17,8,2,2,4,0,0
22/04/2016,NaN,Las Palmas,Espanol,4,0,H,1,0,H,14,11,9,5,14,9,5,5,4,4,0,0
23/04/2016,NaN,Ath Madrid,Malaga,1,0,H,0,0,D,14,7,4,4,6,14,10,4,3,3,0,0
23/04/2016,NaN,Barcelona,Sp Gijon,6,0,H,1,0,H,24,5,10,3,11,11,6,1,0,2,0,1
23/04/2016,NaN,Eibar,La Coruna,1,1,D,1,0,H,9,9,2,1,14,8,11,7,0,1,0,0
23/04/2016,NaN,Vallecano,Real Madrid,2,3,A,2,1,H,11,16,6,6,15,9,4,6,6,1,0,0
24/04/2016,NaN,Getafe,Valencia,2,2,D,0,0,D,18,5,11,4,14,12,8,2,4,1,0,0
24/04/2016,NaN,Levante,Ath Bilbao,2,2,D,1,0,H,10,19,5,8,13,8,4,9,2,1,0,0
24/04/2016,NaN,Sevilla,Betis,2,0,H,0,0,D,13,8,3,2,25,13,8,5,5,4,0,0
24/04/2016,NaN,Villarreal,Sociedad,0,0,D,0,0,D,8,7,3,2,17,12,3,5,4,1,0,0
25/04/2016,NaN,Celta,Granada,2,1,H,1,0,H,15,11,4,3,13,15,4,4,2,2,0,0
29/04/2016,NaN,Sp Gijon,Eibar,2,0,H,1,0,H,3,12,3,6,16,17,1,5,2,2,0,0
30/04/2016,NaN,Ath Madrid,Vallecano,1,0,H,0,0,D,12,13,6,3,14,12,5,7,1,1,0,0
30/04/2016,NaN,Betis,Barcelona,0,2,A,0,0,D,2,11,1,4,9,11,2,4,3,3,1,0
30/04/2016,NaN,Granada,Las Palmas,3,2,H,2,2,D,14,12,5,6,11,9,4,3,3,2,0,0
30/04/2016,NaN,Sociedad,Real Madrid,0,1,A,0,0,D,11,18,4,6,15,17,6,6,4,4,0,0
01/05/2016,NaN,Ath Bilbao,Celta,2,1,H,1,1,D,10,5,2,2,12,19,7,2,1,5,0,1
01/05/2016,NaN,Espanol,Sevilla,1,0,H,0,0,D,11,7,7,0,20,15,4,2,3,3,0,0
01/05/2016,NaN,La Coruna,Getafe,0,2,A,0,1,A,15,11,5,5,7,19,8,5,1,6,1,0
01/05/2016,NaN,Valencia,Villarreal,0,2,A,0,2,A,7,8,1,3,15,11,9,3,0,2,0,0
02/05/2016,NaN,Malaga,Levante,3,1,H,1,1,D,21,11,11,5,18,10,13,7,2,4,0,0
08/05/2016,NaN,Barcelona,Espanol,5,0,H,1,0,H,13,4,7,1,13,25,8,0,2,7,0,0
08/05/2016,NaN,Celta,Malaga,1,0,H,1,0,H,12,13,3,5,11,10,4,3,0,2,0,0
08/05/2016,NaN,Eibar,Betis,1,1,D,0,1,A,21,6,10,3,15,9,8,2,1,3,0,0
08/05/2016,NaN,Getafe,Sp Gijon,1,1,D,0,0,D,19,9,9,3,15,13,7,3,3,1,0,1
08/05/2016,NaN,Las Palmas,Ath Bilbao,0,0,D,0,0,D,4,8,2,3,9,18,2,2,1,1,0,0
08/05/2016,NaN,Levante,Ath Madrid,2,1,H,1,1,D,12,17,5,5,8,11,4,5,1,1,0,0
08/05/2016,NaN,Real Madrid,Valencia,3,2,H,2,0,H,15,17,8,8,10,11,5,8,1,4,0,1
08/05/2016,NaN,Sevilla,Granada,1,4,A,0,1,A,12,10,6,6,18,11,5,4,4,1,0,0
08/05/2016,NaN,Sociedad,Vallecano,2,1,H,1,0,H,12,18,6,5,7,12,5,11,2,1,1,0
08/05/2016,NaN,Villarreal,La Coruna,0,2,A,0,1,A,11,8,4,4,14,4,8,5,3,1,0,0
13/05/2016,NaN,Valencia,Sociedad,0,1,A,0,0,D,8,14,0,7,17,12,4,6,2,2,0,0
14/05/2016,NaN,Ath Bilbao,Sevilla,3,1,H,2,0,H,13,8,6,4,13,11,7,6,1,2,1,2
14/05/2016,NaN,Ath Madrid,Celta,2,0,H,0,0,D,12,7,5,4,16,16,4,4,4,5,0,0
14/05/2016,NaN,Granada,Barcelona,0,3,A,0,2,A,8,12,2,10,12,10,5,6,5,2,0,0
14/05/2016,NaN,La Coruna,Real Madrid,0,2,A,0,2,A,10,16,2,5,6,9,4,8,1,3,0,0
15/05/2016,NaN,Betis,Getafe,2,1,H,0,0,D,7,14,4,5,8,27,3,2,1,8,0,1
15/05/2016,NaN,Espanol,Eibar,4,2,H,2,0,H,11,13,7,8,10,14,3,4,4,3,0,0
15/05/2016,NaN,Malaga,Las Palmas,4,1,H,2,1,H,14,12,8,7,16,10,3,6,1,1,0,0
15/05/2016,NaN,Sp Gijon,Villarreal,2,0,H,1,0,H,16,10,7,5,9,6,4,1,1,2,0,0
15/05/2016,NaN,Vallecano,Levante,3,1,H,2,0,H,21,8,9,2,12,8,9,3,1,3,0,0
19/08/2016,NaN,La Coruna,Eibar,2,1,H,0,0,D,11,12,6,6,14,17,1,8,3,3,0,0
19/08/2016,NaN,Malaga,Osasuna,1,1,D,0,0,D,14,8,4,3,11,22,5,3,2,3,0,0
20/08/2016,NaN,Barcelona,Betis,6,2,H,3,1,H,30,6,12,2,17,13,10,2,1,3,0,0
20/08/2016,NaN,Granada,Villarreal,1,1,D,0,0,D,7,12,1,3,17,11,7,3,2,3,0,0
20/08/2016,NaN,Sevilla,Espanol,6,4,H,3,3,D,16,10,11,7,8,15,8,2,2,2,0,0
21/08/2016,NaN,Ath Madrid,Alaves,1,1,D,0,0,D,27,2,6,1,7,15,20,2,0,4,0,0
21/08/2016,NaN,Sociedad,Real Madrid,0,3,A,0,2,A,8,18,0,8,22,11,4,7,2,3,0,0
21/08/2016,NaN,Sp Gijon,Ath Bilbao,2,1,H,0,0,D,12,13,4,4,18,15,2,5,3,3,0,0
22/08/2016,NaN,Celta,Leganes,0,1,A,0,0,D,10,15,2,6,5,13,8,4,4,1,0,1
22/08/2016,NaN,Valencia,Las Palmas,2,4,A,2,3,A,17,6,8,4,15,18,12,1,2,2,0,0
26/08/2016,NaN,Betis,La Coruna,0,0,D,0,0,D,15,12,5,1,20,15,13,2,0,2,0,0
26/08/2016,NaN,Espanol,Malaga,2,2,D,1,0,H,7,9,2,3,20,17,3,4,2,4,0,0
27/08/2016,NaN,Eibar,Valencia,1,0,H,0,0,D,13,13,6,3,13,11,6,10,2,2,0,0
27/08/2016,NaN,Leganes,Ath Madrid,0,0,D,0,0,D,6,10,1,3,19,5,1,8,3,1,0,0
27/08/2016,NaN,Osasuna,Sociedad,0,2,A,0,1,A,8,5,3,4,14,14,10,1,2,1,0,0
27/08/2016,NaN,Real Madrid,Celta,2,1,H,0,0,D,24,8,10,3,8,11,7,2,0,2,0,0
28/08/2016,NaN,Alaves,Sp Gijon,0,0,D,0,0,D,13,7,2,1,10,12,4,6,1,1,0,0
28/08/2016,NaN,Ath Bilbao,Barcelona,0,1,A,0,1,A,9,12,4,3,20,13,4,4,5,4,0,0
28/08/2016,NaN,Las Palmas,Granada,5,1,H,1,1,D,15,13,10,2,8,16,6,4,5,1,0,0
28/08/2016,NaN,Villarreal,Sevilla,0,0,D,0,0,D,12,6,5,0,16,12,5,1,1,3,0,0
09/09/2016,NaN,Sociedad,Espanol,1,1,D,0,0,D,9,4,3,1,10,10,11,1,2,2,0,1
10/09/2016,NaN,Barcelona,Alaves,1,2,A,0,1,A,16,5,2,4,12,12,13,0,1,1,0,0
10/09/2016,NaN,Celta,Ath Madrid,0,4,A,0,0,D,9,13,1,6,13,12,6,4,1,2,0,0
10/09/2016,NaN,Malaga,Villarreal,0,2,A,0,2,A,15,12,2,6,8,14,9,7,2,1,0,0
10/09/2016,NaN,Real Madrid,Osasuna,5,2,H,3,0,H,25,10,11,3,14,14,6,7,2,2,0,1
10/09/2016,NaN,Sevilla,Las Palmas,2,1,H,0,1,A,16,7,7,4,15,13,10,1,2,4,0,1
11/09/2016,NaN,Granada,Eibar,1,2,A,0,1,A,15,10,5,8,7,8,6,7,2,0,0,1
11/09/2016,NaN,La Coruna,Ath Bilbao,0,1,A,0,1,A,16,7,3,2,15,15,7,6,2,3,0,0
11/09/2016,NaN,Sp Gijon,Leganes,2,1,H,2,0,H,7,9,4,2,12,16,3,5,0,2,0,0
11/09/2016,NaN,Valencia,Betis,2,3,A,0,1,A,23,12,9,5,15,21,5,5,2,4,1,0
16/09/2016,NaN,Betis,Granada,2,2,D,1,2,A,23,15,7,8,13,17,7,3,4,3,1,1
17/09/2016,NaN,Ath Madrid,Sp Gijon,5,0,H,3,0,H,18,10,7,1,14,9,1,4,0,2,0,0
17/09/2016,NaN,Eibar,Sevilla,1,1,D,0,1,A,10,8,2,4,19,10,4,2,1,1,2,0
17/09/2016,NaN,Las Palmas,Malaga,1,0,H,1,0,H,6,10,2,2,11,18,2,2,3,1,0,0
17/09/2016,NaN,Leganes,Barcelona,1,5,A,0,3,A,15,10,6,7,28,7,2,5,4,2,0,0
18/09/2016,NaN,Ath Bilbao,Valencia,2,1,H,2,1,H,13,10,4,2,19,20,7,1,4,4,0,0
18/09/2016,NaN,Espanol,Real Madrid,0,2,A,0,1,A,11,13,2,7,19,8,4,5,4,2,0,0
18/09/2016,NaN,Osasuna,Celta,0,0,D,0,0,D,9,13,2,5,18,13,3,5,4,1,0,0
18/09/2016,NaN,Villarreal,Sociedad,2,1,H,2,1,H,9,15,4,2,13,16,3,6,2,3,0,1
19/09/2016,NaN,Alaves,La Coruna,0,0,D,0,0,D,9,16,1,1,16,8,4,5,3,4,0,0
20/09/2016,NaN,Malaga,Eibar,2,1,H,1,1,D,14,12,6,3,7,13,7,5,2,4,0,0
20/09/2016,NaN,Sevilla,Betis,1,0,H,0,0,D,12,8,3,3,24,17,6,2,5,4,0,0
21/09/2016,NaN,Barcelona,Ath Madrid,1,1,D,1,0,H,19,9,7,4,14,17,8,2,2,4,0,0
21/09/2016,NaN,Celta,Sp Gijon,2,1,H,0,0,D,16,4,5,1,16,8,8,0,2,3,0,0
21/09/2016,NaN,Granada,Ath Bilbao,1,2,A,1,1,D,13,13,2,8,8,9,6,3,1,0,0,0
21/09/2016,NaN,Real Madrid,Villarreal,1,1,D,0,1,A,22,8,6,3,9,9,17,3,4,1,0,0
21/09/2016,NaN,Sociedad,Las Palmas,4,1,H,3,0,H,17,8,7,3,3,7,7,4,1,2,0,1
22/09/2016,NaN,La Coruna,Leganes,1,2,A,1,0,H,12,8,5,2,20,18,7,1,0,3,0,0
22/09/2016,NaN,Osasuna,Espanol,1,2,A,0,1,A,17,10,11,2,16,14,7,1,2,1,0,0
22/09/2016,NaN,Valencia,Alaves,2,1,H,1,1,D,12,8,2,1,14,13,7,4,2,3,0,0
23/09/2016,NaN,Betis,Malaga,1,0,H,1,0,H,11,16,4,6,20,15,6,5,4,6,0,0
24/09/2016,NaN,Ath Bilbao,Sevilla,3,1,H,1,0,H,14,5,7,2,9,9,4,5,2,2,0,1
24/09/2016,NaN,Eibar,Sociedad,2,0,H,0,0,D,17,3,3,0,15,13,5,3,4,2,0,1
24/09/2016,NaN,Las Palmas,Real Madrid,2,2,D,1,1,D,8,27,6,11,7,19,0,5,3,2,0,0
24/09/2016,NaN,Sp Gijon,Barcelona,0,5,A,0,2,A,10,13,3,7,15,10,4,3,1,0,1,0
25/09/2016,NaN,Ath Madrid,La Coruna,1,0,H,0,0,D,21,8,5,1,13,19,10,0,1,2,0,1
25/09/2016,NaN,Espanol,Celta,0,2,A,0,0,D,10,12,2,4,15,13,4,7,2,3,0,0
25/09/2016,NaN,Leganes,Valencia,1,2,A,1,1,D,7,10,3,4,19,17,1,5,4,4,0,0
25/09/2016,NaN,Villarreal,Osasuna,3,1,H,3,1,H,12,11,5,3,7,16,5,5,0,2,0,0
26/09/2016,NaN,Alaves,Granada,3,1,H,0,0,D,16,13,6,3,15,19,5,6,3,3,0,0
30/09/2016,NaN,Sociedad,Betis,1,0,H,0,0,D,16,5,8,2,17,22,4,2,2,3,0,0
01/10/2016,NaN,Granada,Leganes,0,1,A,0,0,D,8,9,1,3,13,20,6,4,1,0,0,0
01/10/2016,NaN,La Coruna,Sp Gijon,2,1,H,1,0,H,21,7,6,2,17,26,11,4,0,4,0,0
01/10/2016,NaN,Osasuna,Las Palmas,2,2,D,2,0,H,5,17,3,5,17,7,1,12,3,4,0,0
01/10/2016,NaN,Sevilla,Alaves,2,1,H,0,0,D,20,6,12,1,10,13,9,2,2,6,0,0
02/10/2016,NaN,Celta,Barcelona,4,3,H,3,0,H,14,13,9,4,16,11,3,6,1,3,0,0
02/10/2016,NaN,Espanol,Villarreal,0,0,D,0,0,D,9,5,1,1,14,10,3,1,2,2,0,0
02/10/2016,NaN,Malaga,Ath Bilbao,2,1,H,0,1,A,15,7,3,1,19,11,7,2,7,3,1,1
02/10/2016,NaN,Real Madrid,Eibar,1,1,D,1,1,D,15,7,3,4,8,15,7,5,4,5,0,0
02/10/2016,NaN,Valencia,Ath Madrid,0,2,A,0,0,D,14,17,5,10,10,15,6,5,1,3,0,0
14/10/2016,NaN,Las Palmas,Espanol,0,0,D,0,0,D,13,5,8,2,13,21,8,4,2,3,0,0
15/10/2016,NaN,Ath Madrid,Granada,7,1,H,2,1,H,17,9,11,2,14,8,11,3,1,1,0,0
15/10/2016,NaN,Barcelona,La Coruna,4,0,H,3,0,H,25,7,8,0,5,15,8,2,1,2,0,1
15/10/2016,NaN,Betis,Real Madrid,1,6,A,0,4,A,13,22,2,9,14,8,2,5,4,1,0,0
15/10/2016,NaN,Leganes,Sevilla,2,3,A,0,1,A,19,5,6,4,17,20,5,2,2,5,0,0
16/10/2016,NaN,Alaves,Malaga,1,1,D,1,0,H,8,12,4,5,14,14,6,7,3,3,1,1
16/10/2016,NaN,Ath Bilbao,Sociedad,3,2,H,0,1,A,15,6,11,3,17,19,7,4,3,3,0,0
16/10/2016,NaN,Sp Gijon,Valencia,1,2,A,1,1,D,10,7,2,3,21,11,4,4,5,1,0,0
16/10/2016,NaN,Villarreal,Celta,5,0,H,3,0,H,11,4,5,1,19,12,3,5,1,4,0,1
17/10/2016,NaN,Eibar,Osasuna,2,3,A,2,2,D,13,8,5,4,15,12,5,0,1,2,0,0
21/10/2016,NaN,Osasuna,Betis,1,2,A,0,1,A,13,12,5,6,20,12,6,4,3,2,1,0
22/10/2016,NaN,Espanol,Eibar,3,3,D,0,3,A,11,8,5,3,11,12,7,6,1,6,1,0
22/10/2016,NaN,Granada,Sp Gijon,0,0,D,0,0,D,12,3,1,3,10,12,3,3,4,1,0,0
22/10/2016,NaN,Sociedad,Alaves,3,0,H,1,0,H,16,10,5,3,17,20,4,2,3,5,0,0
22/10/2016,NaN,Valencia,Barcelona,2,3,A,0,1,A,7,15,4,8,15,13,3,1,5,4,0,0
23/10/2016,NaN,Celta,La Coruna,4,1,H,1,1,D,9,11,7,1,17,15,5,4,3,5,0,0
23/10/2016,NaN,Malaga,Leganes,4,0,H,2,0,H,24,14,8,5,12,15,5,8,1,3,0,0
23/10/2016,NaN,Real Madrid,Ath Bilbao,2,1,H,1,1,D,24,10,8,3,10,17,6,4,2,3,0,0
23/10/2016,NaN,Sevilla,Ath Madrid,1,0,H,0,0,D,12,9,5,3,15,11,4,5,4,2,0,1
23/10/2016,NaN,Villarreal,Las Palmas,2,1,H,0,1,A,14,8,4,4,16,12,2,1,2,3,0,0
28/10/2016,NaN,Leganes,Sociedad,0,2,A,0,1,A,7,9,4,5,19,15,1,4,5,2,0,0
29/10/2016,NaN,Alaves,Real Madrid,1,4,A,1,2,A,8,15,3,5,15,6,4,3,5,1,0,0
29/10/2016,NaN,Ath Madrid,Malaga,4,2,H,3,1,H,16,6,7,3,10,10,6,2,2,4,1,1
29/10/2016,NaN,Barcelona,Granada,1,0,H,0,0,D,15,1,5,0,7,17,8,1,1,4,0,0
29/10/2016,NaN,Sp Gijon,Sevilla,1,1,D,1,1,D,9,20,5,6,17,9,3,4,6,2,0,0
30/10/2016,NaN,Ath Bilbao,Osasuna,1,1,D,1,1,D,18,7,4,3,10,11,9,2,2,1,0,0
30/10/2016,NaN,Betis,Espanol,0,1,A,0,0,D,13,10,5,5,15,15,8,3,3,3,0,0
30/10/2016,NaN,Eibar,Villarreal,2,1,H,0,1,A,13,6,9,1,16,16,3,7,2,3,0,0
30/10/2016,NaN,Las Palmas,Celta,3,3,D,0,3,A,17,9,8,6,13,22,8,1,2,6,0,1
31/10/2016,NaN,La Coruna,Valencia,1,1,D,1,0,H,16,10,4,3,14,21,5,6,1,5,0,0
04/11/2016,NaN,Malaga,Sp Gijon,3,2,H,1,1,D,22,7,7,4,12,20,9,2,5,4,0,1
05/11/2016,NaN,Granada,La Coruna,1,1,D,0,0,D,14,13,6,5,11,7,7,6,1,2,0,0
05/11/2016,NaN,Las Palmas,Eibar,1,0,H,0,0,D,16,13,6,5,10,20,7,4,1,4,0,0
05/11/2016,NaN,Osasuna,Alaves,0,1,A,0,0,D,10,12,4,3,18,10,3,4,5,2,0,0
05/11/2016,NaN,Sociedad,Ath Madrid,2,0,H,0,0,D,12,9,3,2,18,20,6,6,2,4,0,0
06/11/2016,NaN,Celta,Valencia,2,1,H,1,1,D,7,13,4,4,19,15,4,3,6,1,0,0
06/11/2016,NaN,Espanol,Ath Bilbao,0,0,D,0,0,D,6,4,3,0,13,11,5,3,1,2,0,0
06/11/2016,NaN,Real Madrid,Leganes,3,0,H,2,0,H,17,7,7,3,7,20,2,2,3,5,0,0
06/11/2016,NaN,Sevilla,Barcelona,1,2,A,1,1,D,15,14,4,7,18,12,3,5,4,6,0,0
06/11/2016,NaN,Villarreal,Betis,2,0,H,1,0,H,15,7,7,3,16,12,10,1,0,2,0,0
18/11/2016,NaN,Betis,Las Palmas,2,0,H,2,0,H,10,9,3,3,22,10,4,5,0,1,0,0
19/11/2016,NaN,Ath Madrid,Real Madrid,0,3,A,0,1,A,16,12,5,7,21,14,8,6,4,2,0,0
19/11/2016,NaN,Barcelona,Malaga,0,0,D,0,0,D,28,4,8,1,13,12,14,1,0,2,0,2
19/11/2016,NaN,Eibar,Celta,1,0,H,1,0,H,12,6,5,2,11,13,7,0,2,5,0,2
19/11/2016,NaN,La Coruna,Sevilla,2,3,A,2,1,H,4,20,3,7,15,12,3,14,3,2,0,0
20/11/2016,NaN,Alaves,Espanol,0,1,A,0,0,D,10,10,4,3,20,14,2,5,5,2,0,0
20/11/2016,NaN,Ath Bilbao,Villarreal,1,0,H,0,0,D,12,6,5,2,13,17,6,5,0,2,0,0
20/11/2016,NaN,Sp Gijon,Sociedad,1,3,A,1,1,D,4,20,1,9,17,9,3,5,2,1,0,0
20/11/2016,NaN,Valencia,Granada,1,1,D,0,1,A,14,9,7,5,7,18,11,2,1,5,0,0
21/11/2016,NaN,Leganes,Osasuna,2,0,H,1,0,H,15,5,5,2,13,17,3,2,2,3,0,0
25/11/2016,NaN,Eibar,Betis,3,1,H,2,0,H,16,7,9,2,11,7,5,1,0,1,0,1
26/11/2016,NaN,Espanol,Leganes,3,0,H,0,0,D,8,8,4,3,19,16,3,4,1,2,0,0
26/11/2016,NaN,Malaga,La Coruna,4,3,H,2,1,H,10,24,4,8,15,13,2,5,3,1,0,0
26/11/2016,NaN,Real Madrid,Sp Gijon,2,1,H,2,1,H,19,9,7,3,19,18,5,6,1,3,0,0
26/11/2016,NaN,Sevilla,Valencia,2,1,H,0,0,D,6,10,1,4,19,14,3,6,0,1,0,0
27/11/2016,NaN,Celta,Granada,3,1,H,2,0,H,16,7,6,1,4,15,5,0,0,3,0,0
27/11/2016,NaN,Osasuna,Ath Madrid,0,3,A,0,2,A,11,7,1,5,9,6,7,4,2,2,0,0
27/11/2016,NaN,Sociedad,Barcelona,1,1,D,0,0,D,17,10,6,2,16,11,8,6,2,4,0,0
27/11/2016,NaN,Villarreal,Alaves,0,2,A,0,2,A,23,10,10,7,11,19,12,1,2,3,0,0
28/11/2016,NaN,Las Palmas,Ath Bilbao,3,1,H,1,0,H,10,10,4,3,19,21,5,3,3,4,0,1
03/12/2016,NaN,Ath Madrid,Espanol,0,0,D,0,0,D,11,5,3,3,10,19,9,2,2,2,0,0
03/12/2016,NaN,Barcelona,Real Madrid,1,1,D,0,0,D,11,14,2,5,19,16,5,7,4,2,0,0
03/12/2016,NaN,Granada,Sevilla,2,1,H,1,0,H,11,17,6,6,18,16,4,8,5,2,0,0
03/12/2016,NaN,Leganes,Villarreal,0,0,D,0,0,D,11,9,4,3,21,16,2,4,6,3,0,0
04/12/2016,NaN,Alaves,Las Palmas,1,1,D,1,0,H,9,10,2,3,15,11,3,5,3,3,0,0
04/12/2016,NaN,Ath Bilbao,Eibar,3,1,H,1,0,H,12,10,5,4,9,16,2,2,1,4,0,0
04/12/2016,NaN,Betis,Celta,3,3,D,1,1,D,16,13,5,6,22,14,4,3,4,1,1,0
04/12/2016,NaN,Sp Gijon,Osasuna,3,1,H,1,0,H,9,15,5,2,17,13,2,5,3,1,0,0
04/12/2016,NaN,Valencia,Malaga,2,2,D,2,1,H,8,19,3,6,16,7,2,13,5,1,0,0
05/12/2016,NaN,La Coruna,Sociedad,5,1,H,3,0,H,15,14,10,3,15,10,8,6,1,4,0,0
09/12/2016,NaN,Malaga,Granada,1,1,D,1,0,H,16,8,7,2,16,14,6,2,3,5,0,0
10/12/2016,NaN,Las Palmas,Leganes,1,1,D,1,0,H,5,11,1,6,17,18,6,4,3,3,0,0
10/12/2016,NaN,Osasuna,Barcelona,0,3,A,0,0,D,4,17,1,6,18,6,2,5,3,0,0,0
10/12/2016,NaN,Real Madrid,La Coruna,3,2,H,0,0,D,17,4,5,2,16,17,10,3,3,4,0,0
10/12/2016,NaN,Sociedad,Valencia,3,2,H,2,1,H,14,9,6,3,17,20,8,4,4,4,0,1
11/12/2016,NaN,Betis,Ath Bilbao,1,0,H,1,0,H,6,14,1,4,14,12,3,7,3,2,0,0
11/12/2016,NaN,Celta,Sevilla,0,3,A,0,0,D,14,14,6,5,13,13,4,6,3,3,0,0
11/12/2016,NaN,Eibar,Alaves,0,0,D,0,0,D,8,3,1,3,14,7,7,2,1,1,0,0
11/12/2016,NaN,Espanol,Sp Gijon,2,1,H,0,0,D,12,13,6,5,13,10,4,3,1,2,0,0
12/12/2016,NaN,Villarreal,Ath Madrid,3,0,H,2,0,H,9,13,5,3,13,13,2,7,3,3,0,0
16/12/2016,NaN,Alaves,Betis,1,0,H,0,0,D,10,6,2,3,20,6,6,4,6,1,0,0
17/12/2016,NaN,Ath Madrid,Las Palmas,1,0,H,0,0,D,16,11,3,3,15,11,8,5,2,1,0,0
17/12/2016,NaN,Granada,Sociedad,0,2,A,0,0,D,10,18,4,6,9,11,5,9,0,1,0,0
17/12/2016,NaN,Sevilla,Malaga,4,1,H,4,0,H,9,16,5,3,17,12,3,6,2,3,1,0
17/12/2016,NaN,Sp Gijon,Villarreal,1,3,A,0,2,A,16,14,7,9,16,14,12,2,2,1,0,0
18/12/2016,NaN,Barcelona,Espanol,4,1,H,1,0,H,14,4,7,1,11,16,5,2,0,3,0,0
18/12/2016,NaN,La Coruna,Osasuna,2,0,H,2,0,H,8,13,4,3,8,16,5,1,1,3,0,0
18/12/2016,NaN,Leganes,Eibar,1,1,D,1,0,H,8,15,2,4,10,10,3,6,2,2,1,0
19/12/2016,NaN,Ath Bilbao,Celta,2,1,H,0,0,D,10,10,7,4,16,13,9,7,4,2,0,1
06/01/2017,NaN,Espanol,La Coruna,1,1,D,0,0,D,14,13,4,3,13,14,2,8,1,1,0,1
07/01/2017,NaN,Eibar,Ath Madrid,0,2,A,0,0,D,15,8,2,4,11,10,5,3,2,2,0,0
07/01/2017,NaN,Las Palmas,Sp Gijon,1,0,H,0,0,D,16,10,10,2,8,18,8,3,2,3,0,0
07/01/2017,NaN,Real Madrid,Granada,5,0,H,4,0,H,23,3,13,1,11,12,9,1,1,4,0,0
07/01/2017,NaN,Sociedad,Sevilla,0,4,A,0,2,A,11,11,5,10,15,18,7,4,2,3,0,0
08/01/2017,NaN,Ath Bilbao,Alaves,0,0,D,0,0,D,15,10,4,4,10,13,13,4,2,4,0,0
08/01/2017,NaN,Betis,Leganes,2,0,H,0,0,D,16,9,3,3,10,20,4,2,2,6,0,0
08/01/2017,NaN,Celta,Malaga,3,1,H,1,0,H,6,13,3,4,17,15,2,7,1,4,0,0
08/01/2017,NaN,Villarreal,Barcelona,1,1,D,0,0,D,6,20,3,7,16,13,2,4,1,2,1,0
09/01/2017,NaN,Osasuna,Valencia,3,3,D,1,2,A,22,7,4,3,19,13,7,3,2,5,0,0
14/01/2017,NaN,Ath Madrid,Betis,1,0,H,1,0,H,6,10,3,6,15,17,9,2,1,3,0,0
14/01/2017,NaN,Barcelona,Las Palmas,5,0,H,1,0,H,22,7,10,1,15,11,5,1,3,4,0,0
14/01/2017,NaN,La Coruna,Villarreal,0,0,D,0,0,D,13,4,3,1,14,8,10,0,0,1,0,0
14/01/2017,NaN,Leganes,Ath Bilbao,0,0,D,0,0,D,15,10,5,2,20,11,4,8,3,3,0,0
15/01/2017,NaN,Celta,Alaves,1,0,H,0,0,D,13,9,4,1,19,10,7,4,4,3,0,1
15/01/2017,NaN,Granada,Osasuna,1,1,D,0,1,A,8,13,4,3,13,23,3,5,2,4,2,0
15/01/2017,NaN,Sevilla,Real Madrid,2,1,H,0,0,D,9,10,4,3,13,10,6,1,3,1,0,0
15/01/2017,NaN,Sp Gijon,Eibar,2,3,A,1,3,A,10,18,4,7,13,16,2,4,4,0,0,0
15/01/2017,NaN,Valencia,Espanol,2,1,H,1,0,H,10,6,5,3,17,13,6,3,5,0,0,0
16/01/2017,NaN,Malaga,Sociedad,0,2,A,0,0,D,5,11,1,5,22,12,8,8,0,2,0,0
20/01/2017,NaN,Las Palmas,La Coruna,1,1,D,1,0,H,9,7,3,1,13,8,4,5,0,1,1,0
21/01/2017,NaN,Alaves,Leganes,2,2,D,1,1,D,8,13,3,4,9,20,4,3,3,2,0,0
21/01/2017,NaN,Espanol,Granada,3,1,H,2,1,H,17,7,8,4,19,17,10,5,0,3,0,0
21/01/2017,NaN,Real Madrid,Malaga,2,1,H,2,0,H,14,10,7,6,7,20,5,4,2,3,0,0
21/01/2017,NaN,Villarreal,Valencia,0,2,A,0,2,A,20,13,5,5,14,17,7,2,2,2,0,0
22/01/2017,NaN,Ath Bilbao,Ath Madrid,2,2,D,1,1,D,8,11,5,5,12,9,2,6,2,3,0,0
22/01/2017,NaN,Betis,Sp Gijon,0,0,D,0,0,D,16,7,4,1,14,20,9,5,2,2,0,0
22/01/2017,NaN,Eibar,Barcelona,0,4,A,0,1,A,14,14,6,7,12,4,8,5,3,1,0,0
22/01/2017,NaN,Osasuna,Sevilla,3,4,A,1,1,D,14,13,7,9,14,8,3,6,5,3,0,0
22/01/2017,NaN,Sociedad,Celta,1,0,H,0,0,D,17,11,6,5,13,12,4,3,2,2,0,0
27/01/2017,NaN,Osasuna,Malaga,1,1,D,0,0,D,14,14,2,5,9,16,4,6,1,0,0,0
28/01/2017,NaN,Alaves,Ath Madrid,0,0,D,0,0,D,19,8,4,2,19,18,7,2,3,2,0,0
28/01/2017,NaN,Eibar,La Coruna,3,1,H,2,1,H,12,20,6,7,14,7,9,10,0,2,0,0
28/01/2017,NaN,Leganes,Celta,0,2,A,0,1,A,6,3,0,3,20,14,8,0,1,1,0,0
28/01/2017,NaN,Villarreal,Granada,2,0,H,1,0,H,18,7,6,0,11,18,7,4,3,2,0,0
29/01/2017,NaN,Ath Bilbao,Sp Gijon,2,1,H,0,1,A,11,5,6,3,11,22,5,0,4,3,0,0
29/01/2017,NaN,Betis,Barcelona,1,1,D,0,0,D,17,10,7,4,17,12,8,2,2,3,0,0
29/01/2017,NaN,Espanol,Sevilla,3,1,H,2,1,H,16,12,8,5,18,14,7,4,2,2,0,1
29/01/2017,NaN,Real Madrid,Sociedad,3,0,H,1,0,H,7,9,4,3,16,11,0,3,2,1,0,1
30/01/2017,NaN,Las Palmas,Valencia,3,1,H,1,1,D,9,8,4,3,17,13,6,3,1,3,0,1
04/02/2017,NaN,Ath Madrid,Leganes,2,0,H,1,0,H,12,15,4,2,10,15,3,6,1,1,0,0
04/02/2017,NaN,Barcelona,Ath Bilbao,3,0,H,2,0,H,16,10,6,5,11,18,7,3,1,3,0,0
04/02/2017,NaN,Malaga,Espanol,0,1,A,0,1,A,19,4,5,3,9,18,17,2,1,4,0,0
04/02/2017,NaN,Valencia,Eibar,0,4,A,0,2,A,8,11,1,7,12,10,2,6,2,1,1,0
05/02/2017,NaN,Sevilla,Villarreal,0,0,D,0,0,D,14,11,4,4,14,16,9,0,2,2,0,0
05/02/2017,NaN,Sociedad,Osasuna,3,2,H,0,1,A,13,11,6,5,6,22,3,2,2,2,0,0
05/02/2017,NaN,Sp Gijon,Alaves,2,4,A,0,1,A,12,14,4,7,20,20,8,4,7,3,0,0
06/02/2017,NaN,Granada,Las Palmas,1,0,H,1,0,H,12,15,4,5,27,9,6,5,5,3,0,0
10/02/2017,NaN,Espanol,Sociedad,1,2,A,1,1,D,7,15,2,5,15,14,5,6,3,2,0,0
11/02/2017,NaN,Alaves,Barcelona,0,6,A,0,2,A,9,21,4,9,16,9,3,9,1,3,0,0
11/02/2017,NaN,Ath Bilbao,La Coruna,2,1,H,0,1,A,13,8,5,3,12,11,3,2,1,2,0,0
11/02/2017,NaN,Betis,Valencia,0,0,D,0,0,D,16,8,2,4,15,17,4,6,4,3,0,0
11/02/2017,NaN,Osasuna,Real Madrid,1,3,A,1,1,D,11,12,8,6,10,8,3,2,3,2,0,0
12/02/2017,NaN,Ath Madrid,Celta,3,2,H,1,1,D,16,14,5,6,11,13,3,3,1,2,0,0
12/02/2017,NaN,Las Palmas,Sevilla,0,1,A,0,0,D,15,12,7,3,15,16,1,4,2,4,0,0
12/02/2017,NaN,Leganes,Sp Gijon,0,2,A,0,0,D,9,4,3,2,16,16,4,3,3,6,0,1
12/02/2017,NaN,Villarreal,Malaga,1,1,D,0,1,A,12,11,5,5,14,12,9,9,0,5,1,0
13/02/2017,NaN,Eibar,Granada,4,0,H,2,0,H,25,13,9,3,11,14,7,8,2,2,0,0
17/02/2017,NaN,Granada,Betis,4,1,H,3,0,H,10,6,8,2,18,9,4,7,4,1,1,1
18/02/2017,NaN,La Coruna,Alaves,0,1,A,0,0,D,16,6,4,4,13,13,10,6,5,3,0,0
18/02/2017,NaN,Real Madrid,Espanol,2,0,H,1,0,H,12,3,3,1,12,13,13,2,3,4,0,0
18/02/2017,NaN,Sevilla,Eibar,2,0,H,1,0,H,11,11,5,3,13,11,5,2,2,3,0,0
18/02/2017,NaN,Sp Gijon,Ath Madrid,1,4,A,0,0,D,15,11,2,6,12,10,12,3,1,1,0,0
19/02/2017,NaN,Barcelona,Leganes,2,1,H,1,0,H,13,11,6,6,8,18,4,4,1,3,0,0
19/02/2017,NaN,Celta,Osasuna,3,0,H,1,0,H,11,8,4,3,14,18,3,5,1,0,0,0
19/02/2017,NaN,Sociedad,Villarreal,0,1,A,0,0,D,16,7,0,3,8,19,7,4,2,4,0,0
19/02/2017,NaN,Valencia,Ath Bilbao,2,0,H,2,0,H,15,15,5,5,17,11,3,1,0,1,0,0
20/02/2017,NaN,Malaga,Las Palmas,2,1,H,2,1,H,13,13,6,4,23,14,2,6,3,3,1,0
22/02/2017,NaN,Valencia,Real Madrid,2,1,H,2,1,H,8,22,5,5,12,18,3,11,5,2,0,0
24/02/2017,NaN,Las Palmas,Sociedad,0,1,A,0,0,D,18,9,7,2,14,19,6,1,2,2,0,0
25/02/2017,NaN,Alaves,Valencia,2,1,H,0,0,D,13,5,5,2,13,16,2,1,4,2,0,1
25/02/2017,NaN,Betis,Sevilla,1,2,A,1,0,H,15,13,4,4,19,17,4,4,3,3,0,0
25/02/2017,NaN,Eibar,Malaga,3,0,H,1,0,H,8,4,4,2,11,18,2,2,2,4,0,1
25/02/2017,NaN,Leganes,La Coruna,4,0,H,2,0,H,7,11,5,3,18,13,2,7,2,5,0,1
26/02/2017,NaN,Ath Bilbao,Granada,3,1,H,2,1,H,14,7,7,2,14,16,0,3,1,5,0,0
26/02/2017,NaN,Ath Madrid,Barcelona,1,2,A,0,0,D,12,15,4,6,28,14,6,5,4,2,0,0
26/02/2017,NaN,Espanol,Osasuna,3,0,H,1,0,H,18,4,6,1,11,10,10,2,1,4,0,1
26/02/2017,NaN,Sp Gijon,Celta,1,1,D,0,0,D,20,16,6,5,9,17,7,5,2,4,1,0
26/02/2017,NaN,Villarreal,Real Madrid,2,3,A,0,0,D,11,25,4,6,15,6,5,5,4,1,0,0
28/02/2017,NaN,Malaga,Betis,1,2,A,1,0,H,15,11,4,5,8,16,7,5,3,5,0,0
28/02/2017,NaN,Sociedad,Eibar,2,2,D,1,1,D,14,13,7,4,12,20,3,5,3,4,1,1
28/02/2017,NaN,Valencia,Leganes,1,0,H,1,0,H,16,3,6,0,12,26,7,3,3,2,0,1
01/03/2017,NaN,Barcelona,Sp Gijon,6,1,H,3,1,H,25,5,9,2,14,12,10,3,1,3,0,0
01/03/2017,NaN,Celta,Espanol,2,2,D,2,2,D,8,8,4,2,16,8,1,3,2,2,1,0
01/03/2017,NaN,Granada,Alaves,2,1,H,1,0,H,13,11,6,5,19,15,4,4,6,4,0,2
01/03/2017,NaN,Osasuna,Villarreal,1,4,A,0,2,A,17,12,3,6,10,13,8,2,3,3,0,0
01/03/2017,NaN,Real Madrid,Las Palmas,3,3,D,1,1,D,20,17,7,8,15,16,7,4,4,3,1,0
02/03/2017,NaN,La Coruna,Ath Madrid,1,1,D,1,0,H,13,10,2,4,14,10,7,2,2,1,0,0
02/03/2017,NaN,Sevilla,Ath Bilbao,1,0,H,1,0,H,14,14,4,4,16,10,6,9,6,2,0,0
03/03/2017,NaN,Betis,Sociedad,2,3,A,1,2,A,12,9,5,6,18,15,7,6,4,2,0,0
04/03/2017,NaN,Barcelona,Celta,5,0,H,2,0,H,19,7,9,2,10,16,10,1,1,3,0,0
04/03/2017,NaN,Eibar,Real Madrid,1,4,A,0,3,A,12,12,2,7,13,14,4,4,1,1,0,0
04/03/2017,NaN,Leganes,Granada,1,0,H,0,0,D,16,1,4,1,17,19,7,4,3,2,0,0
04/03/2017,NaN,Villarreal,Espanol,2,0,H,1,0,H,11,8,6,2,13,18,1,1,2,2,0,0
05/03/2017,NaN,Ath Bilbao,Malaga,1,0,H,0,0,D,15,8,3,2,13,18,8,2,3,5,0,0
05/03/2017,NaN,Ath Madrid,Valencia,3,0,H,1,0,H,18,6,8,2,17,9,6,2,1,2,0,0
05/03/2017,NaN,Las Palmas,Osasuna,5,2,H,1,2,A,16,10,8,4,7,21,5,1,4,4,0,0
05/03/2017,NaN,Sp Gijon,La Coruna,0,1,A,0,1,A,9,7,2,3,11,13,6,4,4,5,0,0
06/03/2017,NaN,Alaves,Sevilla,1,1,D,0,1,A,18,9,4,1,12,16,2,2,2,5,0,0
08/03/2017,NaN,La Coruna,Betis,1,1,D,0,0,D,15,5,5,3,22,17,6,4,4,7,0,0
10/03/2017,NaN,Espanol,Las Palmas,4,3,H,2,1,H,12,12,6,5,18,12,2,5,2,4,0,0
11/03/2017,NaN,Granada,Ath Madrid,0,1,A,0,0,D,12,15,2,6,14,15,4,9,3,3,1,0
11/03/2017,NaN,Malaga,Alaves,1,2,A,0,1,A,15,4,9,2,17,13,5,3,2,1,0,1
11/03/2017,NaN,Sevilla,Leganes,1,1,D,1,1,D,12,12,4,4,20,20,4,1,2,3,0,0
11/03/2017,NaN,Valencia,Sp Gijon,1,1,D,0,0,D,20,10,7,4,15,20,7,9,3,5,0,0
12/03/2017,NaN,Celta,Villarreal,0,1,A,0,1,A,12,8,1,4,8,11,4,3,4,5,0,0
12/03/2017,NaN,La Coruna,Barcelona,2,1,H,1,0,H,14,16,9,5,7,8,4,8,2,0,0,0
12/03/2017,NaN,Real Madrid,Betis,2,1,H,1,1,D,14,9,4,4,8,21,8,4,1,0,0,1
12/03/2017,NaN,Sociedad,Ath Bilbao,0,2,A,0,1,A,16,9,4,5,15,22,8,3,3,6,0,0
13/03/2017,NaN,Osasuna,Eibar,1,1,D,0,0,D,10,14,6,7,15,14,6,6,4,4,0,0
17/03/2017,NaN,Las Palmas,Villarreal,1,0,H,1,0,H,19,8,10,3,14,14,8,5,2,2,0,1
18/03/2017,NaN,Alaves,Sociedad,1,0,H,1,0,H,10,10,5,2,14,13,5,8,3,3,0,1
18/03/2017,NaN,Ath Bilbao,Real Madrid,1,2,A,0,1,A,12,9,5,4,1,4,5,5,1,4,0,0
18/03/2017,NaN,Betis,Osasuna,2,0,H,2,0,H,9,13,5,5,12,15,5,0,0,3,0,0
18/03/2017,NaN,Eibar,Espanol,1,1,D,1,0,H,16,4,4,1,12,13,6,2,2,4,0,0
19/03/2017,NaN,Ath Madrid,Sevilla,3,1,H,1,0,H,15,9,8,2,16,14,2,2,4,3,0,0
19/03/2017,NaN,Barcelona,Valencia,4,2,H,2,2,D,28,6,12,5,4,12,6,3,3,4,0,1
19/03/2017,NaN,La Coruna,Celta,0,1,A,0,0,D,9,9,2,2,21,12,3,1,4,4,0,0
19/03/2017,NaN,Leganes,Malaga,0,0,D,0,0,D,14,8,2,1,11,16,6,7,4,2,0,0
19/03/2017,NaN,Sp Gijon,Granada,3,1,H,0,0,D,15,12,11,5,12,14,6,3,2,4,0,0
31/03/2017,NaN,Espanol,Betis,2,1,H,0,0,D,8,10,5,3,16,14,4,4,3,2,0,0
01/04/2017,NaN,Malaga,Ath Madrid,0,2,A,0,1,A,21,7,5,6,9,11,6,0,2,2,0,0
01/04/2017,NaN,Osasuna,Ath Bilbao,1,2,A,0,2,A,8,9,6,4,19,9,6,3,4,2,0,0
01/04/2017,NaN,Sociedad,Leganes,1,1,D,0,1,A,14,6,5,3,10,16,7,0,2,3,0,0
01/04/2017,NaN,Villarreal,Eibar,2,3,A,1,0,H,15,14,7,4,9,10,11,5,4,3,0,0
02/04/2017,NaN,Granada,Barcelona,1,4,A,0,1,A,7,26,5,13,15,10,1,9,1,3,1,0
02/04/2017,NaN,Real Madrid,Alaves,3,0,H,1,0,H,18,12,6,3,12,16,3,3,0,2,0,0
02/04/2017,NaN,Sevilla,Sp Gijon,0,0,D,0,0,D,18,8,6,2,17,13,9,5,3,4,0,0
02/04/2017,NaN,Valencia,La Coruna,3,0,H,2,0,H,14,13,8,5,17,13,3,6,3,1,0,0
03/04/2017,NaN,Celta,Las Palmas,3,1,H,2,0,H,13,12,6,5,15,10,4,6,3,3,0,0
04/04/2017,NaN,Ath Bilbao,Espanol,2,0,H,2,0,H,13,5,5,2,19,16,5,1,1,3,0,0
04/04/2017,NaN,Ath Madrid,Sociedad,1,0,H,1,0,H,20,10,8,1,18,13,6,4,0,4,0,0
04/04/2017,NaN,Betis,Villarreal,0,1,A,0,0,D,15,6,3,2,12,15,5,2,2,2,0,0
05/04/2017,NaN,Alaves,Osasuna,0,1,A,0,0,D,15,7,3,6,20,12,5,1,5,1,0,0
05/04/2017,NaN,Barcelona,Sevilla,3,0,H,3,0,H,15,7,7,3,16,13,4,4,4,2,0,1
05/04/2017,NaN,La Coruna,Granada,0,0,D,0,0,D,12,10,3,2,14,10,6,3,1,4,0,0
05/04/2017,NaN,Leganes,Real Madrid,2,4,A,2,3,A,14,18,3,8,14,16,4,4,2,1,0,0
05/04/2017,NaN,Sp Gijon,Malaga,0,1,A,0,1,A,14,11,5,3,12,18,7,1,2,5,0,0
06/04/2017,NaN,Eibar,Las Palmas,3,1,H,2,0,H,11,8,6,6,14,12,9,2,2,5,0,0
06/04/2017,NaN,Valencia,Celta,3,2,H,1,1,D,15,12,10,3,16,9,6,2,1,1,0,0
07/04/2017,NaN,Villarreal,Ath Bilbao,3,1,H,1,1,D,10,11,5,5,16,16,4,5,6,3,1,0
08/04/2017,NaN,Espanol,Alaves,1,0,H,0,0,D,15,9,6,0,11,13,5,3,3,3,0,0
08/04/2017,NaN,Malaga,Barcelona,2,0,H,1,0,H,8,11,4,3,26,20,2,3,4,3,0,1
08/04/2017,NaN,Real Madrid,Ath Madrid,1,1,D,0,0,D,20,10,6,4,12,13,6,2,2,3,0,0
08/04/2017,NaN,Sevilla,La Coruna,4,2,H,3,2,H,19,9,13,4,19,15,4,2,3,3,0,0
09/04/2017,NaN,Celta,Eibar,0,2,A,0,1,A,12,11,3,6,10,16,0,3,1,3,0,0
09/04/2017,NaN,Granada,Valencia,1,3,A,0,2,A,21,17,5,8,9,13,5,2,2,2,0,0
09/04/2017,NaN,Las Palmas,Betis,4,1,H,1,0,H,9,13,6,5,16,18,2,6,3,4,0,0
09/04/2017,NaN,Osasuna,Leganes,2,1,H,1,1,D,11,17,6,2,14,14,4,8,3,4,0,0
10/04/2017,NaN,Sociedad,Sp Gijon,3,1,H,2,0,H,20,10,7,3,20,19,7,4,1,5,0,0
14/04/2017,NaN,Ath Bilbao,Las Palmas,5,1,H,3,1,H,18,8,7,2,22,10,14,5,1,2,0,0
15/04/2017,NaN,Ath Madrid,Osasuna,3,0,H,1,0,H,19,3,8,0,11,14,5,2,1,5,0,0
15/04/2017,NaN,Barcelona,Sociedad,3,2,H,3,2,H,16,14,9,7,15,17,5,4,3,2,0,0
15/04/2017,NaN,La Coruna,Malaga,2,0,H,0,0,D,11,11,4,3,15,17,1,4,3,4,0,0
15/04/2017,NaN,Sp Gijon,Real Madrid,2,3,A,1,1,D,4,18,2,6,17,12,4,8,5,1,0,0
16/04/2017,NaN,Betis,Eibar,2,0,H,1,0,H,6,10,4,3,15,19,4,6,4,4,0,0
16/04/2017,NaN,Granada,Celta,0,3,A,0,1,A,17,15,4,4,17,9,8,1,5,2,0,0
16/04/2017,NaN,Leganes,Espanol,0,1,A,0,0,D,15,7,5,2,20,14,5,1,1,1,0,0
16/04/2017,NaN,Valencia,Sevilla,0,0,D,0,0,D,14,10,3,2,19,20,4,2,3,2,0,0
17/04/2017,NaN,Alaves,Villarreal,2,1,H,2,0,H,11,11,5,5,8,13,5,11,2,4,0,0
21/04/2017,NaN,Sevilla,Granada,2,0,H,1,0,H,28,9,12,2,18,11,7,2,1,2,0,0
22/04/2017,NaN,Espanol,Ath Madrid,0,1,A,0,0,D,10,13,2,3,13,10,5,3,3,2,0,0
22/04/2017,NaN,Malaga,Valencia,2,0,H,2,0,H,10,13,4,2,16,13,7,6,3,3,0,0
22/04/2017,NaN,Osasuna,Sp Gijon,2,2,D,1,0,H,7,12,1,4,25,10,1,5,3,4,0,0
22/04/2017,NaN,Villarreal,Leganes,2,1,H,0,0,D,11,8,5,4,9,19,3,8,1,3,0,0
23/04/2017,NaN,Celta,Betis,0,1,A,0,0,D,8,17,4,6,16,15,5,6,3,5,0,0
23/04/2017,NaN,Las Palmas,Alaves,1,1,D,1,0,H,14,12,3,5,16,14,3,9,4,1,1,0
23/04/2017,NaN,Real Madrid,Barcelona,2,3,A,1,1,D,22,16,14,9,13,8,7,4,2,2,1,0
23/04/2017,NaN,Sociedad,La Coruna,1,0,H,1,0,H,17,5,3,1,16,16,11,1,1,3,0,0
24/04/2017,NaN,Eibar,Ath Bilbao,0,1,A,0,0,D,7,9,2,3,15,9,5,5,4,2,1,0
25/04/2017,NaN,Ath Madrid,Villarreal,0,1,A,0,0,D,23,6,9,2,15,16,5,1,2,6,0,0
25/04/2017,NaN,Granada,Malaga,0,2,A,0,0,D,3,17,1,6,22,13,2,4,5,0,0,0
25/04/2017,NaN,Sp Gijon,Espanol,1,1,D,1,0,H,16,14,6,5,9,11,7,2,1,2,0,0
26/04/2017,NaN,Barcelona,Osasuna,7,1,H,2,0,H,19,3,9,2,3,7,10,1,0,0,0,0
26/04/2017,NaN,La Coruna,Real Madrid,2,6,A,1,3,A,19,22,7,11,12,5,4,5,3,1,0,0
26/04/2017,NaN,Leganes,Las Palmas,3,0,H,0,0,D,16,7,5,0,14,17,6,3,1,0,0,0
26/04/2017,NaN,Valencia,Sociedad,2,3,A,0,2,A,14,8,3,2,15,21,2,3,4,3,0,0
27/04/2017,NaN,Alaves,Eibar,0,0,D,0,0,D,14,6,4,4,13,14,3,2,4,2,0,1
27/04/2017,NaN,Ath Bilbao,Betis,2,1,H,0,0,D,18,9,9,3,10,17,11,1,1,3,0,0
27/04/2017,NaN,Sevilla,Celta,2,1,H,0,0,D,16,10,5,1,20,18,5,1,1,2,0,1
28/04/2017,NaN,Villarreal,Sp Gijon,3,1,H,1,0,H,18,14,6,7,9,10,4,7,2,1,0,0
29/04/2017,NaN,Espanol,Barcelona,0,3,A,0,0,D,6,15,3,9,19,18,4,5,3,0,0,0
29/04/2017,NaN,Las Palmas,Ath Madrid,0,5,A,0,3,A,15,8,3,7,6,13,7,1,4,4,1,0
29/04/2017,NaN,Real Madrid,Valencia,2,1,H,1,0,H,20,9,5,2,13,10,2,3,3,4,0,0
29/04/2017,NaN,Sociedad,Granada,2,1,H,1,0,H,13,5,5,3,14,16,7,1,0,3,0,0
30/04/2017,NaN,Betis,Alaves,1,4,A,1,0,H,11,9,3,5,14,16,4,0,1,5,0,0
30/04/2017,NaN,Celta,Ath Bilbao,0,3,A,0,1,A,5,22,0,12,8,11,0,11,1,1,0,0
30/04/2017,NaN,Eibar,Leganes,2,0,H,0,0,D,9,12,5,1,12,9,2,11,1,1,0,0
30/04/2017,NaN,Osasuna,La Coruna,2,2,D,1,1,D,16,15,5,5,9,11,7,7,2,3,0,0
01/05/2017,NaN,Malaga,Sevilla,4,2,H,1,1,D,11,9,5,4,14,18,1,3,3,5,0,0
05/05/2017,NaN,Sevilla,Sociedad,1,1,D,1,0,H,11,9,3,3,20,10,10,3,4,3,0,1
06/05/2017,NaN,Ath Madrid,Eibar,1,0,H,0,0,D,14,7,5,3,6,10,6,5,3,3,1,0
06/05/2017,NaN,Barcelona,Villarreal,4,1,H,2,1,H,20,8,8,4,10,13,4,3,2,4,0,0
06/05/2017,NaN,Granada,Real Madrid,0,4,A,0,4,A,13,16,3,8,14,8,6,3,1,0,0,0
06/05/2017,NaN,Sp Gijon,Las Palmas,1,0,H,0,0,D,16,8,3,2,19,15,5,4,4,3,0,0
07/05/2017,NaN,Alaves,Ath Bilbao,1,0,H,0,0,D,9,20,3,6,14,11,3,10,1,4,0,0
07/05/2017,NaN,La Coruna,Espanol,1,2,A,0,2,A,21,9,5,3,10,14,12,4,1,2,0,0
07/05/2017,NaN,Malaga,Celta,3,0,H,1,0,H,14,5,8,2,13,18,2,1,2,4,0,0
07/05/2017,NaN,Valencia,Osasuna,4,1,H,2,0,H,19,9,8,4,15,11,9,2,3,2,0,0
08/05/2017,NaN,Leganes,Betis,4,0,H,2,0,H,6,13,4,3,18,13,2,2,3,0,0,0
13/05/2017,NaN,Espanol,Valencia,0,1,A,0,0,D,15,9,3,3,19,14,7,2,0,4,0,0
13/05/2017,NaN,Osasuna,Granada,2,1,H,1,1,D,19,9,7,3,11,9,8,3,1,3,0,0
14/05/2017,NaN,Alaves,Celta,3,1,H,3,0,H,11,15,4,4,11,13,4,4,1,3,0,0
14/05/2017,NaN,Ath Bilbao,Leganes,1,1,D,1,0,H,15,5,6,2,12,8,10,1,2,7,0,0
14/05/2017,NaN,Betis,Ath Madrid,1,1,D,0,0,D,13,5,5,2,7,16,3,5,4,4,0,0
14/05/2017,NaN,Eibar,Sp Gijon,0,1,A,0,1,A,10,11,2,4,9,10,5,6,2,2,0,0
14/05/2017,NaN,Las Palmas,Barcelona,1,4,A,0,2,A,11,11,5,5,13,15,3,6,0,1,0,0
14/05/2017,NaN,Real Madrid,Sevilla,4,1,H,2,0,H,14,11,7,6,14,19,4,5,4,2,0,0
14/05/2017,NaN,Sociedad,Malaga,2,2,D,1,1,D,15,9,5,4,10,16,9,3,1,2,0,0
14/05/2017,NaN,Villarreal,La Coruna,0,0,D,0,0,D,21,3,4,1,15,21,11,3,2,4,0,0
17/05/2017,NaN,Celta,Real Madrid,1,4,A,0,1,A,17,13,6,8,17,9,4,6,4,2,1,0
19/05/2017,NaN,Granada,Espanol,1,2,A,1,2,A,16,5,7,3,12,9,3,3,0,3,0,0
20/05/2017,NaN,La Coruna,Las Palmas,3,0,H,3,0,H,9,13,5,4,25,14,0,9,4,2,0,1
20/05/2017,NaN,Leganes,Alaves,1,1,D,0,0,D,15,17,4,5,9,14,8,4,0,1,0,0
20/05/2017,NaN,Sevilla,Osasuna,5,0,H,3,0,H,17,5,7,2,11,8,1,1,3,1,0,0
20/05/2017,NaN,Sp Gijon,Betis,2,2,D,1,1,D,11,21,5,9,15,14,2,3,0,2,0,0
21/05/2017,NaN,Ath Madrid,Ath Bilbao,3,1,H,2,0,H,12,16,4,1,13,11,2,5,2,0,0,0
21/05/2017,NaN,Barcelona,Eibar,4,2,H,0,1,A,18,6,11,4,3,16,10,4,1,2,0,1
21/05/2017,NaN,Celta,Sociedad,2,2,D,0,0,D,13,18,5,8,8,17,3,7,2,1,0,0
21/05/2017,NaN,Malaga,Real Madrid,0,2,A,0,1,A,22,16,6,8,6,9,9,7,2,0,0,0
21/05/2017,NaN,Valencia,Villarreal,1,3,A,0,1,A,16,14,5,6,15,10,9,0,2,2,0,0
18/08/2017,NaN,Leganes,Alaves,1,0,H,1,0,H,16,6,9,3,14,18,4,2,0,1,0,0
18/08/2017,NaN,Valencia,Las Palmas,1,0,H,1,0,H,22,5,6,4,25,13,5,2,3,3,0,1
19/08/2017,NaN,Celta,Sociedad,2,3,A,1,1,D,16,13,5,6,12,11,5,4,3,1,0,0
19/08/2017,NaN,Girona,Ath Madrid,2,2,D,2,0,H,13,9,6,3,15,15,6,0,2,4,0,1
19/08/2017,NaN,Sevilla,Espanol,1,1,D,1,1,D,9,9,4,6,14,12,7,3,2,4,1,0
20/08/2017,NaN,Ath Bilbao,Getafe,0,0,D,0,0,D,12,8,2,2,16,15,7,6,1,3,0,1
20/08/2017,NaN,Barcelona,Betis,2,0,H,2,0,H,15,3,2,0,16,15,8,0,2,1,0,0
20/08/2017,NaN,La Coruna,Real Madrid,0,3,A,0,2,A,12,16,6,8,16,12,4,4,5,1,0,1
21/08/2017,NaN,Levante,Villarreal,1,0,H,0,0,D,14,9,3,1,18,14,11,6,1,3,0,0
21/08/2017,NaN,Malaga,Eibar,0,1,A,0,0,D,10,13,4,6,16,15,3,7,2,3,0,0
25/08/2017,NaN,Betis,Celta,2,1,H,1,1,D,10,9,3,2,13,9,4,6,2,2,0,0
25/08/2017,NaN,Sociedad,Villarreal,3,0,H,3,0,H,15,6,9,1,12,22,10,4,2,2,0,0
26/08/2017,NaN,Alaves,Barcelona,0,2,A,0,0,D,11,23,2,11,12,10,1,14,2,3,0,0
26/08/2017,NaN,Girona,Malaga,1,0,H,1,0,H,15,7,4,2,11,15,2,3,3,4,0,0
26/08/2017,NaN,Las Palmas,Ath Madrid,1,5,A,0,2,A,10,8,4,6,10,9,4,2,4,1,0,0
26/08/2017,NaN,Levante,La Coruna,2,2,D,1,2,A,24,11,5,4,11,12,6,5,0,2,1,0
27/08/2017,NaN,Eibar,Ath Bilbao,0,1,A,0,1,A,14,10,5,4,14,11,4,3,1,1,1,0
27/08/2017,NaN,Espanol,Leganes,0,1,A,0,1,A,17,12,2,8,10,14,9,1,3,3,0,0
27/08/2017,NaN,Getafe,Sevilla,0,1,A,0,0,D,15,6,3,3,20,10,7,5,0,1,0,0
27/08/2017,NaN,Real Madrid,Valencia,2,2,D,1,1,D,22,7,6,3,12,12,13,4,3,5,0,0
08/09/2017,NaN,Leganes,Getafe,1,2,A,0,1,A,11,11,7,3,14,20,2,4,1,2,0,0
09/09/2017,NaN,Barcelona,Espanol,5,0,H,2,0,H,20,9,9,1,11,18,8,7,1,5,0,0
09/09/2017,NaN,Real Madrid,Levante,1,1,D,1,1,D,18,5,10,2,9,16,13,3,2,3,1,0
09/09/2017,NaN,Sevilla,Eibar,3,0,H,0,0,D,12,7,6,2,14,18,6,5,1,1,0,0
09/09/2017,NaN,Valencia,Ath Madrid,0,0,D,0,0,D,11,13,0,4,16,14,4,3,1,0,0,0
10/09/2017,NaN,Ath Bilbao,Girona,2,0,H,1,0,H,7,11,4,7,19,18,6,4,4,6,0,0
10/09/2017,NaN,Celta,Alaves,1,0,H,1,0,H,20,5,3,3,17,17,9,4,4,4,0,0
10/09/2017,NaN,La Coruna,Sociedad,2,4,A,1,2,A,11,15,4,4,18,14,5,7,1,3,0,0
10/09/2017,NaN,Villarreal,Betis,3,1,H,1,1,D,14,8,7,3,9,9,4,3,3,0,0,0
11/09/2017,NaN,Malaga,Las Palmas,1,3,A,0,1,A,14,10,6,8,22,11,3,2,4,2,0,0
15/09/2017,NaN,Eibar,Leganes,1,0,H,0,0,D,10,5,4,2,15,20,8,1,2,5,0,0
16/09/2017,NaN,Ath Madrid,Malaga,1,0,H,0,0,D,17,9,4,4,9,15,8,4,2,2,0,0
16/09/2017,NaN,Betis,La Coruna,2,1,H,1,1,D,17,11,7,3,13,19,6,4,2,3,0,0
16/09/2017,NaN,Getafe,Barcelona,1,2,A,1,0,H,13,7,4,5,15,14,3,4,2,4,0,0
16/09/2017,NaN,Levante,Valencia,1,1,D,1,1,D,9,13,2,5,21,11,1,3,2,1,0,0
17/09/2017,NaN,Alaves,Villarreal,0,3,A,0,1,A,16,16,2,6,12,25,2,3,2,2,0,0
17/09/2017,NaN,Girona,Sevilla,0,1,A,0,0,D,13,13,0,8,14,19,8,1,2,5,0,0
17/09/2017,NaN,Las Palmas,Ath Bilbao,1,0,H,0,0,D,12,11,3,5,12,19,7,6,2,3,0,0
17/09/2017,NaN,Sociedad,Real Madrid,1,3,A,1,2,A,10,18,5,6,12,15,4,6,3,2,0,0
18/09/2017,NaN,Espanol,Celta,2,1,H,2,0,H,9,11,3,1,12,14,3,5,1,4,0,0
19/09/2017,NaN,Barcelona,Eibar,6,1,H,2,0,H,11,13,10,4,4,9,7,7,0,2,0,0
19/09/2017,NaN,Valencia,Malaga,5,0,H,1,0,H,16,11,11,2,9,10,4,9,0,1,0,0
20/09/2017,NaN,Ath Bilbao,Ath Madrid,1,2,A,0,0,D,12,16,7,9,12,12,6,0,0,2,0,0
20/09/2017,NaN,La Coruna,Alaves,1,0,H,1,0,H,15,8,3,3,16,19,5,2,0,2,0,0
20/09/2017,NaN,Leganes,Girona,0,0,D,0,0,D,12,10,1,0,19,20,6,3,2,3,0,0
20/09/2017,NaN,Real Madrid,Betis,0,1,A,0,0,D,27,12,7,4,13,11,12,3,0,3,0,0
20/09/2017,NaN,Sevilla,Las Palmas,1,0,H,0,0,D,14,6,9,0,21,8,12,0,2,2,0,0
21/09/2017,NaN,Celta,Getafe,1,1,D,1,0,H,8,10,4,3,9,21,3,2,2,4,0,0
21/09/2017,NaN,Levante,Sociedad,3,0,H,1,0,H,13,13,9,3,13,11,3,6,2,0,0,1
21/09/2017,NaN,Villarreal,Espanol,0,0,D,0,0,D,14,10,5,3,17,10,5,5,5,2,0,0
23/09/2017,NaN,Alaves,Real Madrid,1,2,A,1,2,A,8,21,3,7,19,19,5,13,5,2,0,0
23/09/2017,NaN,Ath Madrid,Sevilla,2,0,H,0,0,D,13,11,4,0,11,17,7,6,4,3,0,0
23/09/2017,NaN,Girona,Barcelona,0,3,A,0,1,A,13,9,2,5,21,5,9,3,3,0,0,0
23/09/2017,NaN,Malaga,Ath Bilbao,3,3,D,1,1,D,15,8,7,7,16,8,5,1,7,2,1,0
24/09/2017,NaN,Eibar,Celta,0,4,A,0,3,A,9,10,0,6,14,5,4,4,2,1,0,0
24/09/2017,NaN,Espanol,La Coruna,4,1,H,2,0,H,17,21,5,6,16,7,4,6,1,2,0,0
24/09/2017,NaN,Getafe,Villarreal,4,0,H,0,0,D,17,6,8,1,11,16,7,4,1,4,0,0
24/09/2017,NaN,Las Palmas,Leganes,0,2,A,0,0,D,8,9,3,3,10,15,3,2,1,3,0,0
24/09/2017,NaN,Sociedad,Valencia,2,3,A,1,1,D,18,13,6,4,11,13,7,6,3,7,1,1
25/09/2017,NaN,Betis,Levante,4,0,H,0,0,D,14,8,6,1,9,5,6,3,1,0,0,0
29/09/2017,NaN,Celta,Girona,3,3,D,2,2,D,16,10,9,6,9,17,5,6,2,5,0,0
30/09/2017,NaN,La Coruna,Getafe,2,1,H,0,0,D,15,10,9,3,16,22,8,5,6,3,0,0
30/09/2017,NaN,Leganes,Ath Madrid,0,0,D,0,0,D,7,11,3,2,13,13,2,6,2,1,0,0
30/09/2017,NaN,Levante,Alaves,0,2,A,0,1,A,13,8,0,3,11,18,8,4,2,4,0,0
30/09/2017,NaN,Sevilla,Malaga,2,0,H,0,0,D,12,11,5,4,11,12,4,6,2,1,0,0
01/10/2017,NaN,Barcelona,Las Palmas,3,0,H,0,0,D,22,10,10,1,10,11,8,3,5,1,0,0
01/10/2017,NaN,Real Madrid,Espanol,2,0,H,1,0,H,22,8,8,3,8,10,10,3,2,2,0,0
01/10/2017,NaN,Sociedad,Betis,4,4,D,2,2,D,17,10,6,6,9,18,12,5,3,3,0,0
01/10/2017,NaN,Valencia,Ath Bilbao,3,2,H,2,0,H,10,16,6,6,18,16,2,8,3,4,0,0
01/10/2017,NaN,Villarreal,Eibar,3,0,H,1,0,H,12,8,6,1,15,9,6,3,2,1,0,0
13/10/2017,NaN,Espanol,Levante,0,0,D,0,0,D,20,13,6,3,9,13,9,4,2,3,0,0
14/10/2017,NaN,Alaves,Sociedad,0,2,A,0,0,D,8,13,0,6,11,7,4,9,1,1,0,0
14/10/2017,NaN,Ath Bilbao,Sevilla,1,0,H,1,0,H,15,14,2,6,18,9,6,6,5,5,0,0
14/10/2017,NaN,Ath Madrid,Barcelona,1,1,D,1,0,H,5,15,4,7,12,10,2,1,3,2,0,0
14/10/2017,NaN,Getafe,Real Madrid,1,2,A,0,1,A,8,16,3,6,23,8,4,7,2,3,0,0
15/10/2017,NaN,Betis,Valencia,3,6,A,0,2,A,13,13,6,9,11,11,7,5,1,4,0,0
15/10/2017,NaN,Eibar,La Coruna,0,0,D,0,0,D,15,11,6,3,9,10,10,1,2,2,0,0
15/10/2017,NaN,Girona,Villarreal,1,2,A,1,2,A,14,5,3,2,12,20,8,1,3,4,0,0
15/10/2017,NaN,Malaga,Leganes,0,2,A,0,0,D,13,19,5,9,21,21,4,2,4,3,1,0
16/10/2017,NaN,Las Palmas,Celta,2,5,A,0,2,A,24,14,11,7,13,12,14,3,2,1,0,1
21/10/2017,NaN,Barcelona,Malaga,2,0,H,1,0,H,12,13,4,5,10,11,4,3,1,4,0,0
21/10/2017,NaN,Betis,Alaves,2,0,H,1,0,H,12,7,5,3,18,9,6,5,2,2,0,0
21/10/2017,NaN,Levante,Getafe,1,1,D,0,0,D,5,9,1,5,18,16,3,2,1,3,0,0
21/10/2017,NaN,Valencia,Sevilla,4,0,H,1,0,H,18,18,8,5,15,21,7,10,2,4,0,0
22/10/2017,NaN,Celta,Ath Madrid,0,1,A,0,1,A,19,4,8,2,13,19,4,4,3,5,0,0
22/10/2017,NaN,Leganes,Ath Bilbao,1,0,H,0,0,D,15,7,4,1,16,15,4,3,3,4,0,0
22/10/2017,NaN,Real Madrid,Eibar,3,0,H,2,0,H,15,9,7,2,9,7,5,2,1,1,0,0
22/10/2017,NaN,Villarreal,Las Palmas,4,0,H,0,0,D,25,16,9,5,14,9,9,6,1,5,0,0
23/10/2017,NaN,La Coruna,Girona,1,2,A,0,1,A,15,13,6,6,9,16,9,7,3,8,0,0
23/10/2017,NaN,Sociedad,Espanol,1,1,D,0,1,A,19,4,5,1,12,15,10,1,4,4,1,0
28/10/2017,NaN,Alaves,Valencia,1,2,A,0,1,A,16,7,6,2,19,18,6,4,5,1,0,0
28/10/2017,NaN,Ath Bilbao,Barcelona,0,2,A,0,1,A,17,17,5,5,15,12,6,4,1,4,0,0
28/10/2017,NaN,Ath Madrid,Villarreal,1,1,D,0,0,D,18,12,6,4,13,20,11,6,0,4,0,0
28/10/2017,NaN,Sevilla,Leganes,2,1,H,1,0,H,9,10,5,1,16,19,5,6,0,3,0,0
29/10/2017,NaN,Eibar,Levante,2,2,D,0,2,A,16,3,6,2,8,16,6,2,1,3,0,0
29/10/2017,NaN,Getafe,Sociedad,2,1,H,0,1,A,10,15,5,4,19,16,8,7,3,2,0,0
29/10/2017,NaN,Girona,Real Madrid,2,1,H,0,1,A,15,15,4,6,21,11,2,7,2,1,0,0
29/10/2017,NaN,Malaga,Celta,2,1,H,1,0,H,15,10,4,2,20,12,4,1,2,3,0,0
30/10/2017,NaN,Espanol,Betis,1,0,H,0,0,D,10,9,4,4,10,17,5,3,2,5,0,0
30/10/2017,NaN,Las Palmas,La Coruna,1,3,A,1,1,D,13,15,5,5,11,15,8,5,1,1,0,0
03/11/2017,NaN,Betis,Getafe,2,2,D,0,2,A,15,9,4,2,10,14,4,6,2,6,0,0
04/11/2017,NaN,Alaves,Espanol,1,0,H,1,0,H,17,9,6,3,29,9,3,8,7,2,0,1
04/11/2017,NaN,Barcelona,Sevilla,2,1,H,1,0,H,18,8,6,3,10,12,3,3,1,0,0,0
04/11/2017,NaN,La Coruna,Ath Madrid,0,1,A,0,0,D,14,11,1,3,17,10,4,4,4,2,0,0
04/11/2017,NaN,Valencia,Leganes,3,0,H,1,0,H,13,13,7,6,11,13,4,7,1,2,0,0
05/11/2017,NaN,Celta,Ath Bilbao,3,1,H,3,1,H,11,14,5,5,13,17,3,6,2,3,0,0
05/11/2017,NaN,Levante,Girona,1,2,A,0,0,D,7,10,4,5,10,16,7,2,3,4,0,0
05/11/2017,NaN,Real Madrid,Las Palmas,3,0,H,1,0,H,27,2,9,1,9,9,9,2,2,1,0,0
05/11/2017,NaN,Sociedad,Eibar,3,1,H,2,0,H,10,9,6,5,10,17,3,6,0,3,0,0
05/11/2017,NaN,Villarreal,Malaga,2,0,H,0,0,D,14,10,3,2,18,12,6,4,2,4,0,0
17/11/2017,NaN,Girona,Sociedad,1,1,D,0,1,A,14,14,4,5,28,10,3,6,4,2,0,0
18/11/2017,NaN,Ath Madrid,Real Madrid,0,0,D,0,0,D,7,14,1,3,21,6,7,9,6,2,0,0
18/11/2017,NaN,Getafe,Alaves,4,1,H,2,0,H,13,11,8,5,18,14,4,5,3,3,0,0
18/11/2017,NaN,Leganes,Barcelona,0,3,A,0,1,A,18,11,7,7,25,10,6,3,1,2,0,0
18/11/2017,NaN,Sevilla,Celta,2,1,H,1,1,D,12,11,5,5,20,17,1,2,3,2,0,0
19/11/2017,NaN,Ath Bilbao,Villarreal,1,1,D,0,1,A,15,7,3,4,10,16,9,7,1,3,0,0
19/11/2017,NaN,Espanol,Valencia,0,2,A,0,0,D,12,7,4,3,11,17,3,4,0,4,0,0
19/11/2017,NaN,Las Palmas,Levante,0,2,A,0,0,D,10,11,5,6,9,22,3,5,1,4,0,0
19/11/2017,NaN,Malaga,La Coruna,3,2,H,1,1,D,14,12,5,4,16,15,5,4,4,5,0,0
20/11/2017,NaN,Eibar,Betis,5,0,H,2,0,H,17,4,7,0,10,9,5,2,2,2,0,1
24/11/2017,NaN,Celta,Leganes,1,0,H,1,0,H,14,9,7,2,13,16,3,4,2,3,0,0
25/11/2017,NaN,Alaves,Eibar,1,2,A,0,1,A,6,11,2,6,18,19,2,5,7,3,1,1
25/11/2017,NaN,Betis,Girona,2,2,D,0,1,A,12,13,6,7,9,16,3,5,2,1,0,0
25/11/2017,NaN,Levante,Ath Madrid,0,5,A,0,2,A,17,16,2,11,11,14,2,3,2,1,0,0
25/11/2017,NaN,Real Madrid,Malaga,3,2,H,2,1,H,16,9,9,3,15,13,6,0,1,2,0,0
26/11/2017,NaN,La Coruna,Ath Bilbao,2,2,D,1,1,D,14,10,4,3,11,14,5,2,4,1,0,0
26/11/2017,NaN,Sociedad,Las Palmas,2,2,D,1,1,D,16,8,3,7,22,14,11,3,4,3,1,0
26/11/2017,NaN,Valencia,Barcelona,1,1,D,0,0,D,8,12,1,8,12,11,3,9,4,0,0,0
26/11/2017,NaN,Villarreal,Sevilla,2,3,A,1,0,H,19,15,4,4,9,17,6,6,4,3,1,0
27/11/2017,NaN,Espanol,Getafe,1,0,H,0,0,D,10,7,5,4,12,18,6,4,3,6,0,0
01/12/2017,NaN,Malaga,Levante,0,0,D,0,0,D,18,3,2,3,12,15,7,2,1,3,0,0
02/12/2017,NaN,Ath Bilbao,Real Madrid,0,0,D,0,0,D,11,19,4,4,20,13,3,5,2,5,0,1
02/12/2017,NaN,Ath Madrid,Sociedad,2,1,H,0,1,A,16,10,10,2,12,10,5,6,1,2,0,0
02/12/2017,NaN,Barcelona,Celta,2,2,D,1,1,D,21,10,7,5,11,12,4,1,3,6,0,0
02/12/2017,NaN,Sevilla,La Coruna,2,0,H,1,0,H,10,11,6,3,12,16,6,7,1,3,0,0
03/12/2017,NaN,Eibar,Espanol,3,1,H,2,0,H,10,6,5,3,13,16,3,2,3,3,0,0
03/12/2017,NaN,Getafe,Valencia,1,0,H,0,0,D,11,13,3,6,18,11,5,12,8,4,1,0
03/12/2017,NaN,Las Palmas,Betis,1,0,H,1,0,H,21,8,7,2,12,21,6,4,1,7,0,1
03/12/2017,NaN,Leganes,Villarreal,3,1,H,0,0,D,12,12,5,4,11,17,5,6,2,4,0,0
04/12/2017,NaN,Girona,Alaves,2,3,A,0,0,D,11,9,3,4,8,13,6,5,1,2,0,0
08/12/2017,NaN,Alaves,Las Palmas,2,0,H,1,0,H,22,6,9,1,23,12,8,3,2,0,0,0
09/12/2017,NaN,Getafe,Eibar,0,0,D,0,0,D,6,7,3,2,14,13,9,7,1,4,0,0
09/12/2017,NaN,La Coruna,Leganes,1,0,H,1,0,H,15,3,4,0,16,21,6,1,4,4,0,0
09/12/2017,NaN,Real Madrid,Sevilla,5,0,H,5,0,H,20,11,8,3,12,11,9,3,0,2,0,0
09/12/2017,NaN,Valencia,Celta,2,1,H,1,0,H,13,13,7,5,16,12,10,2,2,5,0,0
10/12/2017,NaN,Betis,Ath Madrid,0,1,A,0,1,A,9,4,4,2,15,19,3,2,4,3,0,0
10/12/2017,NaN,Levante,Ath Bilbao,1,2,A,0,1,A,12,14,3,3,11,13,8,6,3,3,0,0
10/12/2017,NaN,Sociedad,Malaga,0,2,A,0,1,A,18,9,2,5,10,12,5,0,1,1,0,0
10/12/2017,NaN,Villarreal,Barcelona,0,2,A,0,0,D,9,16,5,6,18,13,2,4,2,1,1,0
11/12/2017,NaN,Espanol,Girona,0,1,A,0,1,A,8,12,3,5,9,17,8,6,1,3,0,0
15/12/2017,NaN,Sevilla,Levante,0,0,D,0,0,D,16,10,6,2,22,14,8,5,2,3,0,0
16/12/2017,NaN,Ath Bilbao,Sociedad,0,0,D,0,0,D,7,10,1,2,14,9,6,6,3,0,0,0
16/12/2017,NaN,Ath Madrid,Alaves,1,0,H,0,0,D,10,11,4,0,14,16,4,4,3,4,0,0
16/12/2017,NaN,Eibar,Valencia,2,1,H,0,0,D,15,7,3,3,13,13,5,6,1,4,0,0
17/12/2017,NaN,Barcelona,La Coruna,4,0,H,2,0,H,23,10,11,3,12,10,6,3,0,1,0,0
17/12/2017,NaN,Celta,Villarreal,0,1,A,0,1,A,10,8,3,5,11,19,2,2,1,3,0,0
17/12/2017,NaN,Girona,Getafe,1,0,H,1,0,H,9,7,2,0,20,25,1,7,2,6,0,0
17/12/2017,NaN,Las Palmas,Espanol,2,2,D,0,2,A,14,8,5,3,6,25,9,2,3,3,0,0
18/12/2017,NaN,Malaga,Betis,0,2,A,0,1,A,18,10,2,4,15,15,3,4,2,2,1,0
19/12/2017,NaN,Levante,Leganes,0,0,D,0,0,D,10,10,3,2,21,17,6,5,6,6,1,1
20/12/2017,NaN,Getafe,Las Palmas,2,0,H,2,0,H,13,17,7,6,23,11,3,1,3,1,0,0
20/12/2017,NaN,Sociedad,Sevilla,3,1,H,1,1,D,14,9,5,4,9,18,4,5,1,5,0,0
21/12/2017,NaN,Alaves,Malaga,1,0,H,0,0,D,10,10,5,3,14,18,4,4,3,4,0,0
21/12/2017,NaN,Eibar,Girona,4,1,H,2,1,H,16,6,6,1,14,18,3,2,1,2,0,0
22/12/2017,NaN,Betis,Ath Bilbao,0,2,A,0,1,A,16,19,6,7,7,6,6,9,1,2,1,0
22/12/2017,NaN,Espanol,Ath Madrid,1,0,H,0,0,D,7,9,4,1,18,22,2,3,2,5,0,0
23/12/2017,NaN,La Coruna,Celta,1,3,A,0,2,A,15,7,4,3,20,16,3,1,2,2,0,0
23/12/2017,NaN,Real Madrid,Barcelona,0,3,A,0,0,D,14,18,5,11,14,10,7,7,2,2,1,0
23/12/2017,NaN,Valencia,Villarreal,0,1,A,0,1,A,22,9,3,2,11,21,14,1,7,5,1,1
06/01/2018,NaN,Ath Madrid,Getafe,2,0,H,1,0,H,9,10,5,5,11,16,5,0,7,3,1,0
06/01/2018,NaN,Las Palmas,Eibar,1,2,A,1,0,H,4,14,2,5,13,17,4,3,3,3,0,0
06/01/2018,NaN,Sevilla,Betis,3,5,A,2,2,D,14,9,3,5,16,18,12,0,3,6,0,0
06/01/2018,NaN,Valencia,Girona,2,1,H,1,1,D,17,11,7,5,16,14,9,7,5,5,0,0
07/01/2018,NaN,Ath Bilbao,Alaves,2,0,H,1,0,H,14,8,8,1,23,20,4,1,2,4,0,0
07/01/2018,NaN,Barcelona,Levante,3,0,H,2,0,H,16,9,8,2,10,22,3,6,0,4,0,0
07/01/2018,NaN,Celta,Real Madrid,2,2,D,1,2,A,10,19,5,8,10,15,3,7,2,2,0,0
07/01/2018,NaN,Leganes,Sociedad,1,0,H,0,0,D,8,9,4,5,14,11,5,6,0,1,0,0
07/01/2018,NaN,Villarreal,La Coruna,1,1,D,1,0,H,11,13,5,3,19,12,7,5,4,3,0,0
08/01/2018,NaN,Malaga,Espanol,0,1,A,0,1,A,17,6,2,3,18,11,6,5,2,3,0,0
12/01/2018,NaN,Getafe,Malaga,1,0,H,0,0,D,7,9,3,2,19,16,5,2,3,1,0,0
13/01/2018,NaN,Eibar,Ath Madrid,0,1,A,0,1,A,11,7,4,3,12,9,9,1,2,1,0,0
13/01/2018,NaN,Girona,Las Palmas,6,0,H,1,0,H,15,3,8,1,25,20,5,2,2,5,0,0
13/01/2018,NaN,La Coruna,Valencia,1,2,A,0,1,A,12,12,2,5,13,8,8,10,2,1,0,0
13/01/2018,NaN,Real Madrid,Villarreal,0,1,A,0,0,D,28,10,7,4,11,12,11,0,2,1,0,0
14/01/2018,NaN,Alaves,Sevilla,1,0,H,0,0,D,12,14,3,1,18,12,5,4,5,2,1,0
14/01/2018,NaN,Espanol,Ath Bilbao,1,1,D,1,1,D,11,8,3,3,14,16,4,2,2,4,0,0
14/01/2018,NaN,Levante,Celta,0,1,A,0,1,A,15,3,5,2,19,7,6,2,4,3,0,0
14/01/2018,NaN,Sociedad,Barcelona,2,4,A,2,1,H,15,11,6,5,15,13,7,3,2,2,0,0
15/01/2018,NaN,Betis,Leganes,3,2,H,2,1,H,16,10,9,6,12,15,1,1,2,3,0,0
19/01/2018,NaN,Getafe,Ath Bilbao,2,2,D,1,1,D,17,7,6,6,17,12,6,2,5,1,0,0
20/01/2018,NaN,Ath Madrid,Girona,1,1,D,1,0,H,9,6,4,3,13,15,2,1,4,3,0,0
20/01/2018,NaN,Espanol,Sevilla,0,3,A,0,2,A,9,12,0,7,18,14,8,2,4,2,0,0
20/01/2018,NaN,Las Palmas,Valencia,2,1,H,1,1,D,20,14,6,8,18,16,3,6,2,9,0,2
20/01/2018,NaN,Villarreal,Levante,2,1,H,1,0,H,18,16,6,4,14,16,6,4,2,2,0,0
21/01/2018,NaN,Alaves,Leganes,2,2,D,0,0,D,14,8,6,4,13,14,4,6,3,3,1,0
21/01/2018,NaN,Betis,Barcelona,0,5,A,0,0,D,7,14,2,10,12,9,4,2,2,2,0,0
21/01/2018,NaN,Real Madrid,La Coruna,7,1,H,2,1,H,24,5,13,2,7,11,6,1,0,2,0,0
21/01/2018,NaN,Sociedad,Celta,1,2,A,1,1,D,16,10,2,3,10,7,8,3,1,2,0,0
22/01/2018,NaN,Eibar,Malaga,1,1,D,0,1,A,15,10,4,4,11,11,8,3,1,3,0,1
26/01/2018,NaN,Ath Bilbao,Eibar,1,1,D,0,0,D,7,14,1,2,15,14,3,7,0,0,0,0
27/01/2018,NaN,La Coruna,Levante,2,2,D,2,0,H,8,15,2,4,13,14,4,7,7,5,1,0
27/01/2018,NaN,Malaga,Girona,0,0,D,0,0,D,7,11,1,2,18,7,5,4,2,1,1,0
27/01/2018,NaN,Valencia,Real Madrid,1,4,A,0,2,A,11,13,4,7,20,22,4,4,2,3,0,0
27/01/2018,NaN,Villarreal,Sociedad,4,2,H,4,1,H,11,24,7,6,16,6,2,9,1,1,0,0
28/01/2018,NaN,Ath Madrid,Las Palmas,3,0,H,0,0,D,18,9,7,1,17,11,4,1,1,2,0,0
28/01/2018,NaN,Barcelona,Alaves,2,1,H,0,1,A,18,7,12,4,6,18,8,1,0,2,0,0
28/01/2018,NaN,Leganes,Espanol,3,2,H,1,0,H,11,12,6,4,20,19,1,7,2,4,0,0
28/01/2018,NaN,Sevilla,Getafe,1,1,D,0,0,D,15,7,1,2,12,15,3,4,3,3,0,0
29/01/2018,NaN,Celta,Betis,3,2,H,1,0,H,13,7,5,3,13,8,7,2,1,5,0,0
02/02/2018,NaN,Sociedad,La Coruna,5,0,H,1,0,H,19,4,8,1,11,11,9,5,0,1,0,0
03/02/2018,NaN,Alaves,Celta,2,1,H,2,0,H,9,16,3,4,13,11,2,1,3,2,0,0
03/02/2018,NaN,Betis,Villarreal,2,1,H,1,0,H,13,12,4,3,11,12,2,6,1,2,0,1
03/02/2018,NaN,Eibar,Sevilla,5,1,H,3,1,H,17,11,7,3,11,20,5,3,0,3,0,0
03/02/2018,NaN,Levante,Real Madrid,2,2,D,1,1,D,12,23,4,9,14,7,4,6,3,3,0,0
04/02/2018,NaN,Ath Madrid,Valencia,1,0,H,0,0,D,14,9,4,0,18,4,9,1,1,1,0,0
04/02/2018,NaN,Espanol,Barcelona,1,1,D,0,0,D,7,12,2,2,15,12,0,7,5,3,0,0
04/02/2018,NaN,Getafe,Leganes,0,0,D,0,0,D,11,2,1,1,17,20,5,2,2,6,0,0
04/02/2018,NaN,Girona,Ath Bilbao,2,0,H,1,0,H,8,9,3,0,13,14,2,4,1,1,0,0
05/02/2018,NaN,Las Palmas,Malaga,1,0,H,0,0,D,11,9,4,3,11,17,4,2,2,3,0,0
09/02/2018,NaN,Ath Bilbao,Las Palmas,0,0,D,0,0,D,11,8,5,2,20,29,5,2,4,4,0,0
10/02/2018,NaN,Leganes,Eibar,0,1,A,0,0,D,2,19,0,6,14,6,1,10,4,2,1,0
10/02/2018,NaN,Malaga,Ath Madrid,0,1,A,0,1,A,13,5,3,1,22,19,3,3,3,2,0,0
10/02/2018,NaN,Real Madrid,Sociedad,5,2,H,4,0,H,18,8,9,3,11,10,5,3,2,1,0,0
10/02/2018,NaN,Villarreal,Alaves,1,2,A,0,1,A,27,5,6,4,15,15,13,2,4,4,0,0
11/02/2018,NaN,Barcelona,Getafe,0,0,D,0,0,D,12,10,6,1,7,13,9,3,2,3,0,0
11/02/2018,NaN,Celta,Espanol,2,2,D,1,1,D,18,3,7,2,9,16,9,1,3,4,0,0
11/02/2018,NaN,Sevilla,Girona,1,0,H,0,0,D,13,14,4,6,13,19,7,2,2,2,0,0
11/02/2018,NaN,Valencia,Levante,3,1,H,1,1,D,18,5,8,1,10,19,7,9,3,4,0,0
12/02/2018,NaN,La Coruna,Betis,0,1,A,0,0,D,16,10,2,4,19,7,8,1,2,0,0,0
16/02/2018,NaN,Girona,Leganes,3,0,H,2,0,H,10,10,5,5,12,10,4,4,3,5,0,0
17/02/2018,NaN,Alaves,La Coruna,1,0,H,0,0,D,14,5,3,0,17,14,9,3,2,3,0,0
17/02/2018,NaN,Eibar,Barcelona,0,2,A,0,1,A,13,10,3,6,13,6,6,0,3,1,1,0
17/02/2018,NaN,Las Palmas,Sevilla,1,2,A,0,1,A,11,12,3,6,15,18,7,5,2,5,0,0
17/02/2018,NaN,Malaga,Valencia,1,2,A,1,0,H,9,10,3,3,19,18,7,2,2,4,1,0
18/02/2018,NaN,Ath Madrid,Ath Bilbao,2,0,H,0,0,D,14,4,4,0,6,12,5,2,3,2,0,0
18/02/2018,NaN,Betis,Real Madrid,3,5,A,2,1,H,20,12,5,9,7,15,7,5,3,5,0,0
18/02/2018,NaN,Espanol,Villarreal,1,1,D,0,1,A,15,8,3,3,7,19,2,5,1,7,0,0
18/02/2018,NaN,Sociedad,Levante,3,0,H,2,0,H,13,9,3,1,12,13,2,4,0,2,0,0
19/02/2018,NaN,Getafe,Celta,3,0,H,1,0,H,9,4,5,1,21,15,5,5,4,3,0,0
21/02/2018,NaN,Leganes,Real Madrid,1,3,A,1,2,A,7,13,3,7,18,7,6,5,3,1,0,0
23/02/2018,NaN,La Coruna,Espanol,0,0,D,0,0,D,17,9,4,1,9,10,4,2,5,1,0,0
24/02/2018,NaN,Barcelona,Girona,6,1,H,4,1,H,21,10,14,4,11,11,5,3,1,1,0,0
24/02/2018,NaN,Celta,Eibar,2,0,H,0,0,D,8,15,3,2,11,16,3,9,2,3,0,0
24/02/2018,NaN,Leganes,Las Palmas,0,0,D,0,0,D,11,4,2,1,22,17,6,5,4,5,0,0
24/02/2018,NaN,Real Madrid,Alaves,4,0,H,1,0,H,25,11,10,5,9,14,9,5,1,2,0,0
25/02/2018,NaN,Ath Bilbao,Malaga,2,1,H,2,1,H,8,8,6,4,12,18,6,4,3,3,0,1
25/02/2018,NaN,Sevilla,Ath Madrid,2,5,A,0,2,A,10,13,5,8,10,24,5,4,3,3,0,0
25/02/2018,NaN,Valencia,Sociedad,2,1,H,1,0,H,7,9,4,3,12,9,4,4,2,3,0,0
25/02/2018,NaN,Villarreal,Getafe,1,0,H,1,0,H,10,3,4,2,14,21,2,8,5,3,0,0
26/02/2018,NaN,Levante,Betis,0,2,A,0,0,D,12,15,2,6,17,8,5,5,5,2,0,0
27/02/2018,NaN,Espanol,Real Madrid,1,0,H,0,0,D,16,12,7,5,15,10,3,8,1,1,0,0
27/02/2018,NaN,Girona,Celta,1,0,H,1,0,H,11,10,2,2,9,10,6,4,3,2,0,0
28/02/2018,NaN,Ath Bilbao,Valencia,1,1,D,0,1,A,11,6,4,4,16,16,6,1,1,2,0,0
28/02/2018,NaN,Ath Madrid,Leganes,4,0,H,2,0,H,15,9,8,3,10,10,5,1,1,3,0,0
28/02/2018,NaN,Eibar,Villarreal,1,0,H,1,0,H,13,11,1,3,18,8,6,4,4,2,0,0
28/02/2018,NaN,Getafe,La Coruna,3,0,H,2,0,H,14,9,5,1,6,9,10,6,2,4,0,0
28/02/2018,NaN,Malaga,Sevilla,0,1,A,0,1,A,8,6,0,4,19,14,9,4,2,2,0,0
01/03/2018,NaN,Alaves,Levante,1,0,H,0,0,D,15,6,5,1,14,17,5,3,4,4,1,1
01/03/2018,NaN,Betis,Sociedad,0,0,D,0,0,D,8,13,4,5,11,7,4,10,2,0,0,0
01/03/2018,NaN,Las Palmas,Barcelona,1,1,D,0,1,A,12,10,1,4,18,13,6,6,6,3,0,0
03/03/2018,NaN,La Coruna,Eibar,1,1,D,1,1,D,7,16,2,3,6,8,2,9,1,2,1,0
03/03/2018,NaN,Leganes,Malaga,2,0,H,0,0,D,10,4,3,1,11,14,6,1,1,1,0,0
03/03/2018,NaN,Real Madrid,Getafe,3,1,H,2,0,H,14,4,6,4,13,18,8,0,1,3,0,1
03/03/2018,NaN,Sevilla,Ath Bilbao,2,0,H,2,0,H,18,10,8,3,14,13,8,4,2,3,0,0
03/03/2018,NaN,Villarreal,Girona,0,2,A,0,1,A,14,4,5,3,14,18,7,2,4,1,0,0
04/03/2018,NaN,Barcelona,Ath Madrid,1,0,H,1,0,H,16,6,5,1,16,20,12,1,2,2,0,0
04/03/2018,NaN,Levante,Espanol,1,1,D,0,0,D,13,15,4,3,14,13,2,1,0,3,0,0
04/03/2018,NaN,Sociedad,Alaves,2,1,H,2,1,H,14,3,5,1,10,13,8,4,0,1,0,0
04/03/2018,NaN,Valencia,Betis,2,0,H,1,0,H,12,9,6,4,14,11,7,0,1,4,0,0
05/03/2018,NaN,Celta,Las Palmas,2,1,H,0,0,D,14,10,6,3,13,15,10,7,1,2,0,0
09/03/2018,NaN,Girona,La Coruna,2,0,H,1,0,H,9,8,6,4,17,16,2,2,1,4,0,0
10/03/2018,NaN,Eibar,Real Madrid,1,2,A,0,1,A,12,12,3,6,12,7,8,6,1,1,0,0
10/03/2018,NaN,Getafe,Levante,0,1,A,0,0,D,11,12,4,4,14,16,4,7,5,7,0,1
10/03/2018,NaN,Malaga,Barcelona,0,2,A,0,2,A,6,20,2,9,15,9,2,5,1,1,1,0
10/03/2018,NaN,Sevilla,Valencia,0,2,A,0,1,A,21,10,5,5,15,15,7,3,4,2,0,0
11/03/2018,NaN,Ath Bilbao,Leganes,2,0,H,2,0,H,13,12,5,1,12,14,3,6,2,5,0,0
11/03/2018,NaN,Ath Madrid,Celta,3,0,H,1,0,H,7,8,3,2,14,10,6,4,1,2,0,0
11/03/2018,NaN,Espanol,Sociedad,2,1,H,0,1,A,18,11,7,5,18,14,6,4,0,2,0,0
11/03/2018,NaN,Las Palmas,Villarreal,0,2,A,0,0,D,9,11,3,4,15,17,7,3,1,1,1,0
12/03/2018,NaN,Alaves,Betis,1,3,A,0,2,A,9,10,1,4,18,17,6,2,2,3,0,0
16/03/2018,NaN,Levante,Eibar,2,1,H,1,0,H,6,13,3,4,11,11,4,5,4,3,0,0
17/03/2018,NaN,Betis,Espanol,3,0,H,1,0,H,9,4,4,1,15,11,3,5,1,3,0,0
17/03/2018,NaN,La Coruna,Las Palmas,1,1,D,1,1,D,13,8,3,1,24,12,9,2,3,3,0,0
17/03/2018,NaN,Sociedad,Getafe,1,2,A,1,1,D,8,9,2,5,13,21,7,1,3,7,0,0
17/03/2018,NaN,Valencia,Alaves,3,1,H,2,0,H,24,16,10,4,8,14,9,2,1,1,0,0
18/03/2018,NaN,Barcelona,Ath Bilbao,2,0,H,2,0,H,18,10,9,3,7,14,6,5,2,2,0,0
18/03/2018,NaN,Celta,Malaga,0,0,D,0,0,D,9,5,3,0,16,24,4,5,3,2,0,0
18/03/2018,NaN,Leganes,Sevilla,2,1,H,1,0,H,12,10,6,4,13,11,5,4,2,4,0,1
18/03/2018,NaN,Real Madrid,Girona,6,3,H,1,1,D,20,10,14,6,13,13,6,7,1,2,0,0
18/03/2018,NaN,Villarreal,Ath Madrid,2,1,H,0,1,A,17,8,5,2,13,16,5,4,5,3,0,1
31/03/2018,NaN,Ath Bilbao,Celta,1,1,D,0,0,D,11,13,2,3,10,10,4,5,3,1,0,0
31/03/2018,NaN,Girona,Levante,1,1,D,0,0,D,12,15,5,6,13,12,5,7,1,3,0,0
31/03/2018,NaN,Las Palmas,Real Madrid,0,3,A,0,2,A,17,17,3,7,11,17,3,3,3,0,0,0
31/03/2018,NaN,Sevilla,Barcelona,2,2,D,1,0,H,21,20,6,9,11,7,5,9,2,0,0,0
01/04/2018,NaN,Ath Madrid,La Coruna,1,0,H,1,0,H,15,10,3,2,14,15,9,7,2,3,0,0
01/04/2018,NaN,Eibar,Sociedad,0,0,D,0,0,D,15,7,3,0,14,10,8,1,4,2,0,0
01/04/2018,NaN,Espanol,Alaves,0,0,D,0,0,D,12,13,3,4,18,12,6,5,3,2,0,0
01/04/2018,NaN,Leganes,Valencia,0,1,A,0,0,D,8,3,1,1,14,17,5,2,3,4,0,0
01/04/2018,NaN,Malaga,Villarreal,1,0,H,1,0,H,13,11,3,1,17,13,3,6,2,3,0,0
02/04/2018,NaN,Getafe,Betis,0,1,A,0,0,D,8,7,4,4,21,9,4,0,4,2,0,0
06/04/2018,NaN,La Coruna,Malaga,3,2,H,1,1,D,14,11,6,4,16,14,7,6,4,3,0,0
07/04/2018,NaN,Alaves,Getafe,2,0,H,0,0,D,11,5,2,1,17,22,1,3,2,3,0,0
07/04/2018,NaN,Barcelona,Leganes,3,1,H,2,0,H,12,11,6,1,14,12,5,3,2,4,0,0
07/04/2018,NaN,Betis,Eibar,2,0,H,1,0,H,13,5,4,2,10,11,7,8,2,2,0,0
07/04/2018,NaN,Celta,Sevilla,4,0,H,1,0,H,12,16,6,6,8,12,3,10,1,2,0,0
08/04/2018,NaN,Levante,Las Palmas,2,1,H,1,0,H,11,17,4,5,19,10,4,5,6,3,2,0
08/04/2018,NaN,Real Madrid,Ath Madrid,1,1,D,0,0,D,30,9,8,5,12,17,11,2,2,3,0,0
08/04/2018,NaN,Sociedad,Girona,5,0,H,2,0,H,13,8,7,1,8,20,4,5,2,2,0,0
08/04/2018,NaN,Valencia,Espanol,1,0,H,1,0,H,14,21,6,6,17,10,4,3,3,2,0,0
09/04/2018,NaN,Villarreal,Ath Bilbao,1,3,A,0,1,A,7,17,2,13,17,11,3,6,5,5,1,0
13/04/2018,NaN,Girona,Betis,0,1,A,0,1,A,9,10,4,2,23,18,6,4,7,5,0,0
14/04/2018,NaN,Ath Bilbao,La Coruna,2,3,A,0,2,A,13,5,4,3,5,9,11,6,2,1,0,0
14/04/2018,NaN,Barcelona,Valencia,2,1,H,1,0,H,12,17,7,6,9,11,6,5,2,2,0,0
14/04/2018,NaN,Las Palmas,Sociedad,0,1,A,0,1,A,7,20,0,11,6,16,4,6,0,0,0,0
14/04/2018,NaN,Leganes,Celta,1,0,H,0,0,D,19,5,7,2,22,17,8,3,3,3,0,0
14/04/2018,NaN,Sevilla,Villarreal,2,2,D,0,1,A,18,7,4,4,11,23,10,2,5,3,1,1
15/04/2018,NaN,Ath Madrid,Levante,3,0,H,1,0,H,13,11,5,3,9,13,8,3,2,1,0,0
15/04/2018,NaN,Eibar,Alaves,0,1,A,0,1,A,21,2,4,1,11,18,12,1,2,1,0,0
15/04/2018,NaN,Getafe,Espanol,1,0,H,0,0,D,13,5,4,0,19,13,4,3,6,2,1,0
15/04/2018,NaN,Malaga,Real Madrid,1,2,A,0,1,A,13,16,3,6,12,9,4,7,4,0,0,0
17/04/2018,NaN,Celta,Barcelona,2,2,D,1,1,D,18,14,8,6,9,7,6,4,3,0,0,1
17/04/2018,NaN,La Coruna,Sevilla,0,0,D,0,0,D,22,24,6,7,8,8,7,9,0,2,0,0
17/04/2018,NaN,Villarreal,Leganes,2,1,H,1,0,H,17,6,6,1,14,14,10,4,1,1,0,0
18/04/2018,NaN,Espanol,Eibar,0,1,A,0,1,A,10,5,4,1,17,17,3,6,3,2,0,0
18/04/2018,NaN,Real Madrid,Ath Bilbao,1,1,D,0,1,A,29,6,10,2,6,19,16,2,2,4,0,0
18/04/2018,NaN,Valencia,Getafe,1,2,A,0,1,A,10,8,3,3,10,14,7,5,1,7,1,0
19/04/2018,NaN,Alaves,Girona,1,2,A,0,0,D,11,14,5,5,15,12,3,6,4,4,0,0
19/04/2018,NaN,Betis,Las Palmas,1,0,H,0,0,D,17,1,8,0,18,17,6,3,3,5,0,1
19/04/2018,NaN,Levante,Malaga,1,0,H,0,0,D,11,10,2,2,9,17,4,3,1,1,0,0
19/04/2018,NaN,Sociedad,Ath Madrid,3,0,H,1,0,H,12,9,4,2,13,13,6,6,1,0,0,0
20/04/2018,NaN,Leganes,La Coruna,0,0,D,0,0,D,13,12,0,3,12,13,9,4,0,2,0,0
21/04/2018,NaN,Celta,Valencia,1,1,D,0,0,D,10,17,3,7,14,19,4,3,1,2,0,0
21/04/2018,NaN,Eibar,Getafe,0,1,A,0,1,A,12,7,2,4,15,16,8,3,4,1,0,0
22/04/2018,NaN,Ath Madrid,Betis,0,0,D,0,0,D,10,10,2,4,17,14,8,3,2,5,0,0
22/04/2018,NaN,Girona,Espanol,0,2,A,0,1,A,20,5,6,4,18,18,10,0,1,2,0,0
22/04/2018,NaN,Las Palmas,Alaves,0,4,A,0,0,D,12,10,1,7,14,19,3,3,2,2,0,0
22/04/2018,NaN,Malaga,Sociedad,2,0,H,2,0,H,4,14,3,2,16,0,5,3,4,1,0,0
23/04/2018,NaN,Ath Bilbao,Levante,1,3,A,1,2,A,18,11,5,7,13,14,2,9,3,3,0,0
27/04/2018,NaN,Levante,Sevilla,2,1,H,1,1,D,15,22,5,4,4,15,4,8,1,1,0,0
28/04/2018,NaN,Espanol,Las Palmas,1,1,D,0,1,A,16,13,7,2,18,22,6,7,2,4,0,0
28/04/2018,NaN,Real Madrid,Leganes,2,1,H,2,0,H,12,16,5,6,16,15,3,2,0,1,0,1
28/04/2018,NaN,Sociedad,Ath Bilbao,3,1,H,2,0,H,17,9,4,3,16,16,3,7,3,6,1,0
28/04/2018,NaN,Villarreal,Celta,4,1,H,3,1,H,13,15,7,4,14,8,5,7,2,0,0,0
29/04/2018,NaN,Alaves,Ath Madrid,0,1,A,0,0,D,7,14,3,6,14,12,3,4,4,6,0,1
29/04/2018,NaN,Getafe,Girona,1,1,D,1,1,D,10,15,2,2,19,21,4,4,6,4,1,0
29/04/2018,NaN,La Coruna,Barcelona,2,4,A,1,2,A,17,21,5,9,9,9,6,7,1,1,0,0
29/04/2018,NaN,Valencia,Eibar,0,0,D,0,0,D,16,8,5,2,12,19,8,2,2,3,0,0
30/04/2018,NaN,Betis,Malaga,2,1,H,1,1,D,12,9,3,3,9,17,6,4,1,4,0,0
04/05/2018,NaN,Sevilla,Sociedad,1,0,H,0,0,D,16,11,6,1,17,13,6,4,4,2,0,0
05/05/2018,NaN,Ath Bilbao,Betis,2,0,H,0,0,D,14,6,5,3,13,12,4,5,0,2,0,0
05/05/2018,NaN,Celta,La Coruna,1,1,D,1,0,H,13,11,4,2,6,11,4,10,4,2,0,0
05/05/2018,NaN,Girona,Eibar,1,4,A,0,2,A,16,15,5,6,12,13,6,5,2,5,0,0
05/05/2018,NaN,Villarreal,Valencia,1,0,H,0,0,D,13,6,5,2,18,18,7,3,5,3,0,0
06/05/2018,NaN,Ath Madrid,Espanol,0,2,A,0,0,D,9,14,3,6,9,13,6,3,1,3,0,0
06/05/2018,NaN,Barcelona,Real Madrid,2,2,D,1,1,D,11,17,4,5,8,20,6,5,3,5,1,0
06/05/2018,NaN,Las Palmas,Getafe,0,1,A,0,0,D,21,8,4,1,8,28,9,4,0,2,0,0
06/05/2018,NaN,Malaga,Alaves,0,3,A,0,1,A,16,13,4,7,15,13,6,7,2,1,0,0
07/05/2018,NaN,Leganes,Levante,0,3,A,0,0,D,13,10,2,3,15,11,6,5,5,1,1,0
09/05/2018,NaN,Barcelona,Villarreal,5,1,H,3,0,H,12,20,6,7,6,15,4,4,0,3,0,0
09/05/2018,NaN,Sevilla,Real Madrid,3,2,H,2,0,H,14,14,6,4,21,9,2,3,3,1,0,0
12/05/2018,NaN,Alaves,Ath Bilbao,3,1,H,1,0,H,4,13,3,4,15,13,0,8,2,5,0,0
12/05/2018,NaN,Betis,Sevilla,2,2,D,1,0,H,9,13,5,5,10,19,4,5,1,4,0,0
12/05/2018,NaN,Eibar,Las Palmas,1,0,H,1,0,H,10,8,5,2,13,12,3,11,3,1,0,0
12/05/2018,NaN,Getafe,Ath Madrid,0,1,A,0,1,A,11,5,4,3,13,17,8,2,3,2,0,0
12/05/2018,NaN,Girona,Valencia,0,1,A,0,0,D,16,10,4,4,16,11,6,2,2,3,0,0
12/05/2018,NaN,La Coruna,Villarreal,2,4,A,0,3,A,16,11,7,7,14,5,11,0,3,0,0,0
12/05/2018,NaN,Real Madrid,Celta,6,0,H,3,0,H,15,5,10,1,5,10,4,2,0,1,0,0
12/05/2018,NaN,Sociedad,Leganes,3,2,H,2,1,H,11,9,6,3,8,12,5,1,1,2,0,0
13/05/2018,NaN,Espanol,Malaga,4,1,H,3,1,H,19,9,7,3,13,19,5,3,0,2,0,0
13/05/2018,NaN,Levante,Barcelona,5,4,H,2,1,H,12,18,7,7,18,12,3,8,6,6,0,0
19/05/2018,NaN,Celta,Levante,4,2,H,2,1,H,20,7,9,3,9,15,5,3,1,3,0,1
19/05/2018,NaN,Las Palmas,Girona,1,2,A,1,2,A,13,12,7,6,7,19,4,3,1,2,0,0
19/05/2018,NaN,Leganes,Betis,3,2,H,1,1,D,8,16,3,8,9,9,6,4,2,0,1,0
19/05/2018,NaN,Malaga,Getafe,0,1,A,0,0,D,6,11,2,3,19,12,2,9,4,1,0,0
19/05/2018,NaN,Sevilla,Alaves,1,0,H,1,0,H,20,10,8,4,15,12,8,3,2,2,0,0
19/05/2018,NaN,Villarreal,Real Madrid,2,2,D,0,2,A,14,15,5,7,13,10,4,5,4,3,0,0
20/05/2018,NaN,Ath Bilbao,Espanol,0,1,A,0,1,A,12,11,3,4,4,11,7,7,0,1,0,0
20/05/2018,NaN,Ath Madrid,Eibar,2,2,D,1,1,D,8,14,4,3,14,14,2,2,6,2,1,0
20/05/2018,NaN,Barcelona,Sociedad,1,0,H,0,0,D,12,13,4,2,13,13,3,8,3,2,0,0
20/05/2018,NaN,Valencia,La Coruna,2,1,H,1,0,H,22,12,5,7,8,11,8,4,0,0,0,0
17/08/2018,NaN,Betis,Levante,0,3,A,0,1,A,22,6,8,4,10,10,5,3,0,2,0,0
17/08/2018,NaN,Girona,Valladolid,0,0,D,0,0,D,13,2,1,1,21,20,3,2,1,1,0,0
18/08/2018,NaN,Barcelona,Alaves,3,0,H,0,0,D,25,3,9,0,6,13,7,1,0,2,0,0
18/08/2018,NaN,Celta,Espanol,1,1,D,0,1,A,12,14,2,5,13,14,8,7,3,2,0,0
18/08/2018,NaN,Villarreal,Sociedad,1,2,A,1,1,D,16,8,7,4,16,10,4,6,2,3,0,0
19/08/2018,NaN,Eibar,Huesca,1,2,A,0,2,A,18,8,6,6,12,13,7,0,1,1,0,0
19/08/2018,NaN,Real Madrid,Getafe,2,0,H,1,0,H,10,4,3,1,11,27,3,0,1,7,0,0
19/08/2018,NaN,Vallecano,Sevilla,1,4,A,0,3,A,13,17,2,8,6,15,2,6,1,0,0,0
20/08/2018,NaN,Ath Bilbao,Leganes,2,1,H,1,1,D,17,12,5,2,12,13,6,2,4,5,0,0
20/08/2018,NaN,Valencia,Ath Madrid,1,1,D,0,1,A,13,9,4,3,10,15,4,10,2,3,0,0
24/08/2018,NaN,Getafe,Eibar,2,0,H,1,0,H,7,9,4,0,14,11,5,5,2,1,0,0
24/08/2018,NaN,Leganes,Sociedad,2,2,D,0,2,A,18,7,5,6,12,9,5,0,1,2,0,0
25/08/2018,NaN,Alaves,Betis,0,0,D,0,0,D,16,13,4,5,17,15,5,6,3,1,0,0
25/08/2018,NaN,Ath Madrid,Vallecano,1,0,H,0,0,D,9,13,2,3,7,8,8,5,1,1,0,0
25/08/2018,NaN,Valladolid,Barcelona,0,1,A,0,0,D,7,10,4,5,13,11,6,10,1,1,0,0
26/08/2018,NaN,Espanol,Valencia,2,0,H,0,0,D,19,16,9,4,16,12,6,10,1,1,0,0
26/08/2018,NaN,Girona,Real Madrid,1,4,A,1,1,D,10,20,5,8,13,11,4,7,2,3,0,0
26/08/2018,NaN,Sevilla,Villarreal,0,0,D,0,0,D,19,14,2,6,13,14,4,5,3,2,0,0
27/08/2018,NaN,Ath Bilbao,Huesca,2,2,D,0,0,D,14,9,4,4,17,17,3,2,2,2,0,0
27/08/2018,NaN,Levante,Celta,1,2,A,0,2,A,15,21,6,9,14,8,7,7,2,3,0,0
31/08/2018,NaN,Eibar,Sociedad,2,1,H,1,1,D,8,7,2,2,18,15,4,2,3,2,0,0
31/08/2018,NaN,Getafe,Valladolid,0,0,D,0,0,D,12,7,3,4,22,14,6,7,3,1,0,0
31/08/2018,NaN,Villarreal,Girona,0,1,A,0,0,D,13,14,3,6,15,11,7,2,3,2,0,0
01/09/2018,NaN,Celta,Ath Madrid,2,0,H,0,0,D,10,9,4,0,12,14,2,8,4,5,0,1
01/09/2018,NaN,Real Madrid,Leganes,4,1,H,1,1,D,17,8,8,3,11,11,8,1,1,1,0,0
02/09/2018,NaN,Alaves,Espanol,2,1,H,0,1,A,8,11,5,7,19,13,0,12,4,3,0,0
02/09/2018,NaN,Barcelona,Huesca,8,2,H,3,2,H,31,7,15,3,6,12,9,4,1,2,0,0
02/09/2018,NaN,Betis,Sevilla,1,0,H,0,0,D,11,8,3,2,15,17,5,8,3,6,0,1
02/09/2018,NaN,Levante,Valencia,2,2,D,2,1,H,13,18,4,5,14,10,3,5,4,2,1,0
14/09/2018,NaN,Huesca,Vallecano,0,1,A,0,1,A,14,14,4,2,16,18,6,3,2,1,0,0
15/09/2018,NaN,Ath Bilbao,Real Madrid,1,1,D,1,0,H,11,16,3,6,18,6,1,2,6,2,0,0
15/09/2018,NaN,Ath Madrid,Eibar,1,1,D,0,0,D,18,12,9,3,5,21,14,3,2,2,0,0
15/09/2018,NaN,Sociedad,Barcelona,1,2,A,1,0,H,8,12,5,6,18,8,1,6,1,1,0,0
15/09/2018,NaN,Valencia,Betis,0,0,D,0,0,D,12,11,2,6,22,9,5,4,6,3,0,0
16/09/2018,NaN,Espanol,Levante,1,0,H,0,0,D,22,16,9,4,17,13,5,4,1,2,0,0
16/09/2018,NaN,Leganes,Villarreal,0,1,A,0,0,D,16,9,3,3,16,9,6,1,4,3,0,0
16/09/2018,NaN,Sevilla,Getafe,0,2,A,0,2,A,15,10,1,5,10,22,7,1,3,6,0,0
16/09/2018,NaN,Valladolid,Alaves,0,1,A,0,0,D,15,10,5,4,9,12,7,2,3,2,0,0
17/09/2018,NaN,Girona,Celta,3,2,H,2,1,H,11,20,6,7,15,11,3,1,1,3,0,1
21/09/2018,NaN,Huesca,Sociedad,0,1,A,0,0,D,13,7,3,1,16,12,7,5,5,3,0,2
22/09/2018,NaN,Celta,Valladolid,3,3,D,2,1,H,12,14,5,4,9,11,7,8,2,2,0,0
22/09/2018,NaN,Eibar,Leganes,1,0,H,0,0,D,14,4,3,2,16,17,5,2,1,1,0,0
22/09/2018,NaN,Getafe,Ath Madrid,0,2,A,0,1,A,11,7,2,4,12,15,1,5,1,2,1,0
22/09/2018,NaN,Real Madrid,Espanol,1,0,H,1,0,H,19,10,5,3,5,16,8,3,2,2,0,0
22/09/2018,NaN,Vallecano,Alaves,1,5,A,1,2,A,13,11,4,7,14,12,8,4,1,2,1,0
23/09/2018,NaN,Barcelona,Girona,2,2,D,1,1,D,22,7,11,6,9,16,8,2,3,5,1,0
23/09/2018,NaN,Betis,Ath Bilbao,2,2,D,0,2,A,15,7,3,4,13,20,6,1,2,7,0,1
23/09/2018,NaN,Levante,Sevilla,2,6,A,1,4,A,19,20,10,9,5,18,8,4,1,1,0,0
23/09/2018,NaN,Villarreal,Valencia,0,0,D,0,0,D,11,12,1,2,12,12,8,6,4,1,0,1
25/09/2018,NaN,Ath Madrid,Huesca,3,0,H,3,0,H,17,8,5,1,1,14,4,3,0,2,0,0
25/09/2018,NaN,Espanol,Eibar,1,0,H,0,0,D,9,8,5,1,8,8,4,3,2,2,0,0
25/09/2018,NaN,Sociedad,Vallecano,2,2,D,1,2,A,16,11,6,6,12,18,8,5,4,3,0,0
26/09/2018,NaN,Ath Bilbao,Villarreal,0,3,A,0,0,D,12,19,2,6,3,14,6,4,1,1,0,0
26/09/2018,NaN,Leganes,Barcelona,2,1,H,0,1,A,10,9,6,5,15,11,4,5,4,2,0,0
26/09/2018,NaN,Sevilla,Real Madrid,3,0,H,3,0,H,16,21,7,3,16,12,5,6,3,4,0,0
26/09/2018,NaN,Valencia,Celta,1,1,D,1,0,H,14,9,5,3,18,7,0,2,1,3,0,0
27/09/2018,NaN,Alaves,Getafe,1,1,D,0,0,D,15,13,2,5,8,22,5,7,4,2,0,0
27/09/2018,NaN,Girona,Betis,0,1,A,0,0,D,8,14,2,6,17,14,5,1,1,3,0,0
27/09/2018,NaN,Valladolid,Levante,2,1,H,0,0,D,20,9,6,4,17,10,8,6,1,4,0,1
28/09/2018,NaN,Vallecano,Espanol,2,2,D,1,2,A,11,12,5,5,13,16,5,3,3,3,0,0
29/09/2018,NaN,Barcelona,Ath Bilbao,1,1,D,0,1,A,20,8,8,2,9,18,4,3,3,3,0,0
29/09/2018,NaN,Eibar,Sevilla,1,3,A,0,0,D,15,7,2,5,16,9,6,3,2,3,0,0
29/09/2018,NaN,Real Madrid,Ath Madrid,0,0,D,0,0,D,15,8,6,3,7,17,8,6,3,4,0,0
29/09/2018,NaN,Sociedad,Valencia,0,1,A,0,1,A,10,9,5,2,13,18,3,0,3,5,0,0
30/09/2018,NaN,Betis,Leganes,1,0,H,0,0,D,17,11,4,5,7,10,7,1,0,4,0,0
30/09/2018,NaN,Huesca,Girona,1,1,D,0,1,A,13,14,6,4,14,14,5,5,4,2,0,0
30/09/2018,NaN,Levante,Alaves,2,1,H,2,1,H,14,14,4,2,22,19,9,4,7,1,0,0
30/09/2018,NaN,Villarreal,Valladolid,0,1,A,0,0,D,27,9,7,3,17,12,7,2,3,3,0,0
01/10/2018,NaN,Celta,Getafe,1,1,D,1,0,H,8,12,2,4,13,15,3,9,2,2,0,0
05/10/2018,NaN,Ath Bilbao,Sociedad,1,3,A,1,1,D,13,6,5,3,15,19,11,0,6,5,0,0
06/10/2018,NaN,Alaves,Real Madrid,1,0,H,0,0,D,8,13,4,6,20,10,4,3,1,0,0,0
06/10/2018,NaN,Getafe,Levante,0,1,A,0,0,D,15,12,4,3,17,18,10,2,4,5,1,0
06/10/2018,NaN,Girona,Eibar,2,3,A,2,2,D,10,12,3,4,9,17,4,9,3,6,0,0
06/10/2018,NaN,Leganes,Vallecano,1,0,H,1,0,H,13,6,4,2,12,12,6,4,1,4,0,1
07/10/2018,NaN,Ath Madrid,Betis,1,0,H,0,0,D,13,5,5,0,16,10,6,4,5,3,0,0
07/10/2018,NaN,Espanol,Villarreal,3,1,H,1,1,D,28,13,12,6,13,8,10,3,3,2,0,0
07/10/2018,NaN,Sevilla,Celta,2,1,H,1,0,H,12,13,3,5,14,9,8,8,3,4,0,1
07/10/2018,NaN,Valencia,Barcelona,1,1,D,1,1,D,10,10,3,5,11,6,5,2,2,2,0,0
07/10/2018,NaN,Valladolid,Huesca,1,0,H,1,0,H,9,11,3,1,9,13,6,2,1,2,0,0
19/10/2018,NaN,Celta,Alaves,0,1,A,0,0,D,19,9,9,2,9,12,6,2,2,3,0,0
20/10/2018,NaN,Barcelona,Sevilla,4,2,H,2,0,H,23,19,9,7,10,16,5,7,0,1,0,0
20/10/2018,NaN,Real Madrid,Levante,1,2,A,0,2,A,34,6,12,2,10,19,15,1,1,2,0,0
20/10/2018,NaN,Valencia,Leganes,1,1,D,0,0,D,18,7,4,5,9,13,10,1,1,2,0,0
20/10/2018,NaN,Villarreal,Ath Madrid,1,1,D,0,0,D,18,15,6,4,16,9,8,7,3,1,0,0
21/10/2018,NaN,Betis,Valladolid,0,1,A,0,1,A,20,6,4,2,7,10,9,6,0,4,0,0
21/10/2018,NaN,Eibar,Ath Bilbao,1,1,D,1,1,D,18,6,6,3,7,13,8,2,2,3,0,0
21/10/2018,NaN,Huesca,Espanol,0,2,A,0,1,A,10,6,2,2,21,14,6,4,3,3,0,0
21/10/2018,NaN,Vallecano,Getafe,1,2,A,0,0,D,10,5,3,2,14,25,6,2,5,5,1,0
22/10/2018,NaN,Sociedad,Girona,0,0,D,0,0,D,14,12,8,2,14,15,7,6,3,1,0,0
24/10/2018,NaN,Vallecano,Ath Bilbao,1,1,D,1,0,H,11,12,3,4,14,9,5,4,1,1,0,0
26/10/2018,NaN,Valladolid,Espanol,1,1,D,0,1,A,15,11,2,4,16,16,5,2,4,2,0,0
27/10/2018,NaN,Ath Bilbao,Valencia,0,0,D,0,0,D,13,11,2,3,25,22,5,2,2,5,0,0
27/10/2018,NaN,Ath Madrid,Sociedad,2,0,H,1,0,H,14,7,4,0,10,7,10,1,2,1,0,0
27/10/2018,NaN,Celta,Eibar,4,0,H,2,0,H,10,17,6,5,9,8,2,8,0,0,0,0
27/10/2018,NaN,Girona,Vallecano,2,1,H,2,0,H,14,14,6,5,11,16,4,7,1,3,1,0
27/10/2018,NaN,Levante,Leganes,2,0,H,1,0,H,9,21,4,6,12,14,3,2,2,2,0,0
28/10/2018,NaN,Alaves,Villarreal,2,1,H,0,1,A,19,9,6,2,9,11,8,4,1,1,0,0
28/10/2018,NaN,Barcelona,Real Madrid,5,1,H,2,0,H,13,15,8,4,17,14,4,2,2,2,0,0
28/10/2018,NaN,Getafe,Betis,2,0,H,0,0,D,16,7,7,3,9,14,5,4,1,2,0,0
28/10/2018,NaN,Sevilla,Huesca,2,1,H,0,0,D,15,11,4,2,9,14,4,2,2,3,0,0
03/11/2018,NaN,Leganes,Ath Madrid,1,1,D,0,0,D,8,9,3,4,18,12,4,7,4,2,0,0
03/11/2018,NaN,Real Madrid,Valladolid,2,0,H,0,0,D,16,12,7,2,14,7,8,6,1,0,0,0
03/11/2018,NaN,Valencia,Girona,0,1,A,0,0,D,27,5,9,3,14,13,11,2,4,4,0,0
03/11/2018,NaN,Vallecano,Barcelona,2,3,A,1,1,D,11,9,5,5,23,11,3,1,4,2,0,0
04/11/2018,NaN,Betis,Celta,3,3,D,1,0,H,14,14,6,7,12,11,4,4,4,2,0,0
04/11/2018,NaN,Eibar,Alaves,2,1,H,0,1,A,23,9,8,3,11,7,13,1,4,0,1,1
04/11/2018,NaN,Huesca,Getafe,1,1,D,0,0,D,18,8,7,2,18,13,10,2,5,3,0,0
04/11/2018,NaN,Sociedad,Sevilla,0,0,D,0,0,D,10,8,1,1,8,17,7,7,1,3,0,0
04/11/2018,NaN,Villarreal,Levante,1,1,D,0,0,D,23,13,4,2,14,10,5,4,3,3,0,0
05/11/2018,NaN,Espanol,Ath Bilbao,1,0,H,1,0,H,8,10,3,2,15,13,2,1,1,3,0,0
09/11/2018,NaN,Levante,Sociedad,1,3,A,1,0,H,17,15,2,4,17,12,6,4,6,1,0,0
10/11/2018,NaN,Ath Madrid,Ath Bilbao,3,2,H,0,1,A,9,6,3,5,8,15,12,2,5,4,0,1
10/11/2018,NaN,Getafe,Valencia,0,1,A,0,0,D,17,7,3,3,23,8,6,4,3,3,1,0
10/11/2018,NaN,Girona,Leganes,0,0,D,0,0,D,5,10,0,1,13,13,0,6,1,4,0,0
10/11/2018,NaN,Valladolid,Eibar,0,0,D,0,0,D,9,16,1,6,16,15,4,4,2,4,0,1
11/11/2018,NaN,Alaves,Huesca,2,1,H,1,1,D,13,9,5,2,20,13,5,4,3,4,0,0
11/11/2018,NaN,Barcelona,Betis,3,4,A,0,2,A,20,15,5,8,13,11,10,5,4,2,1,0
11/11/2018,NaN,Celta,Real Madrid,2,4,A,0,1,A,15,14,4,5,19,13,5,1,4,2,1,0
11/11/2018,NaN,Sevilla,Espanol,2,1,H,0,1,A,23,15,10,7,18,10,6,3,4,2,0,0
11/11/2018,NaN,Vallecano,Villarreal,2,2,D,1,1,D,15,11,7,5,7,12,8,4,1,3,0,1
23/11/2018,NaN,Leganes,Alaves,1,0,H,1,0,H,13,7,6,2,10,13,5,3,2,4,0,0
24/11/2018,NaN,Ath Madrid,Barcelona,1,1,D,0,0,D,3,8,1,2,19,12,2,8,5,3,0,0
24/11/2018,NaN,Eibar,Real Madrid,3,0,H,1,0,H,14,9,8,3,17,8,5,4,2,1,0,0
24/11/2018,NaN,Huesca,Levante,2,2,D,1,1,D,32,5,12,3,11,8,7,2,4,3,1,0
24/11/2018,NaN,Valencia,Vallecano,3,0,H,1,0,H,13,13,10,3,15,14,6,5,2,4,0,1
25/11/2018,NaN,Ath Bilbao,Getafe,1,1,D,0,0,D,8,15,4,2,10,12,2,2,5,4,0,0
25/11/2018,NaN,Espanol,Girona,1,3,A,0,2,A,18,16,10,11,16,14,8,3,3,4,0,0
25/11/2018,NaN,Sevilla,Valladolid,1,0,H,1,0,H,17,13,9,5,15,15,8,6,3,3,0,0
25/11/2018,NaN,Villarreal,Betis,2,1,H,0,0,D,13,13,8,6,15,13,5,4,2,1,0,0
26/11/2018,NaN,Sociedad,Celta,2,1,H,1,0,H,15,6,8,2,12,14,6,2,2,2,0,0
30/11/2018,NaN,Vallecano,Eibar,1,0,H,0,0,D,5,13,2,5,15,12,1,4,5,3,0,0
01/12/2018,NaN,Celta,Huesca,2,0,H,1,0,H,12,8,5,3,14,14,4,4,2,3,0,0
01/12/2018,NaN,Getafe,Espanol,3,0,H,0,0,D,14,8,5,2,17,16,7,4,3,2,0,0
01/12/2018,NaN,Real Madrid,Valencia,2,0,H,1,0,H,13,7,3,2,11,10,2,2,1,3,0,0
01/12/2018,NaN,Valladolid,Leganes,2,4,A,0,2,A,20,14,6,5,5,13,6,5,0,3,0,0
02/12/2018,NaN,Alaves,Sevilla,1,1,D,1,0,H,11,14,3,3,21,14,2,5,3,3,0,0
02/12/2018,NaN,Barcelona,Villarreal,2,0,H,1,0,H,16,12,7,2,9,17,11,1,2,4,0,0
02/12/2018,NaN,Betis,Sociedad,1,0,H,1,0,H,6,6,4,4,18,18,6,4,4,2,0,0
02/12/2018,NaN,Girona,Ath Madrid,1,1,D,1,0,H,13,17,3,3,8,16,2,9,0,5,0,0
03/12/2018,NaN,Levante,Ath Bilbao,3,0,H,1,0,H,17,12,7,3,11,15,2,6,3,5,0,1
07/12/2018,NaN,Leganes,Getafe,1,1,D,0,1,A,17,6,5,2,12,13,7,2,1,2,1,0
08/12/2018,NaN,Ath Madrid,Alaves,3,0,H,1,0,H,12,13,5,3,20,15,5,5,5,4,0,0
08/12/2018,NaN,Espanol,Barcelona,0,4,A,0,3,A,15,17,3,9,16,10,11,4,1,0,0,0
08/12/2018,NaN,Valencia,Sevilla,1,1,D,0,0,D,16,11,6,3,13,17,6,4,0,4,0,0
08/12/2018,NaN,Villarreal,Celta,2,3,A,0,1,A,13,14,3,7,12,10,6,1,3,3,0,0
09/12/2018,NaN,Betis,Vallecano,2,0,H,0,0,D,8,12,3,3,13,20,2,9,2,3,0,0
09/12/2018,NaN,Eibar,Levante,4,4,D,1,2,A,32,14,7,5,11,7,12,3,2,2,0,0
09/12/2018,NaN,Huesca,Real Madrid,0,1,A,0,1,A,11,5,4,4,12,10,11,6,2,2,0,0
09/12/2018,NaN,Sociedad,Valladolid,1,2,A,0,1,A,23,10,5,6,9,16,11,6,2,2,0,0
10/12/2018,NaN,Ath Bilbao,Girona,1,0,H,0,0,D,25,3,10,1,17,15,11,0,3,1,0,0
14/12/2018,NaN,Celta,Leganes,0,0,D,0,0,D,15,5,2,2,11,11,10,0,3,3,0,0
15/12/2018,NaN,Eibar,Valencia,1,1,D,0,1,A,18,11,6,4,11,15,4,2,0,1,0,0
15/12/2018,NaN,Getafe,Sociedad,1,0,H,1,0,H,9,9,2,4,24,14,2,3,3,4,0,0
15/12/2018,NaN,Real Madrid,Vallecano,1,0,H,1,0,H,9,11,4,3,15,18,4,4,0,3,0,0
15/12/2018,NaN,Valladolid,Ath Madrid,2,3,A,0,2,A,8,14,2,5,16,13,9,3,4,1,0,0
16/12/2018,NaN,Espanol,Betis,1,3,A,1,1,D,10,12,3,5,23,10,0,4,3,4,0,0
16/12/2018,NaN,Huesca,Villarreal,2,2,D,1,0,H,30,10,13,5,12,11,13,2,4,5,0,1
16/12/2018,NaN,Levante,Barcelona,0,5,A,0,2,A,20,16,6,9,12,9,15,3,2,3,1,0
16/12/2018,NaN,Sevilla,Girona,2,0,H,0,0,D,17,8,5,2,18,12,5,3,2,1,0,0
17/12/2018,NaN,Alaves,Ath Bilbao,0,0,D,0,0,D,11,6,2,3,16,13,5,3,2,2,0,0
21/12/2018,NaN,Girona,Getafe,1,1,D,0,0,D,12,5,4,2,9,13,4,1,1,2,0,0
21/12/2018,NaN,Sociedad,Alaves,0,1,A,0,1,A,18,9,4,3,14,11,10,1,2,4,0,0
22/12/2018,NaN,Ath Bilbao,Valladolid,1,1,D,1,0,H,8,5,3,2,25,12,3,1,3,2,0,0
22/12/2018,NaN,Ath Madrid,Espanol,1,0,H,0,0,D,8,18,5,4,16,13,5,9,1,1,0,0
22/12/2018,NaN,Barcelona,Celta,2,0,H,2,0,H,9,11,5,1,14,15,4,6,0,1,0,0
22/12/2018,NaN,Betis,Eibar,1,1,D,1,0,H,4,15,2,4,11,13,4,11,2,4,0,0
23/12/2018,NaN,Leganes,Sevilla,1,1,D,1,0,H,13,8,4,2,14,9,3,6,3,3,0,1
23/12/2018,NaN,Valencia,Huesca,2,1,H,1,0,H,19,11,8,4,14,15,12,5,7,4,0,0
23/12/2018,NaN,Vallecano,Levante,2,1,H,1,0,H,18,12,8,7,13,10,3,5,2,2,0,0
03/01/2019,NaN,Villarreal,Real Madrid,2,2,D,1,2,A,12,14,4,7,12,13,6,4,2,2,0,0
04/01/2019,NaN,Espanol,Leganes,1,0,H,1,0,H,12,10,1,2,10,17,3,6,2,5,0,1
04/01/2019,NaN,Levante,Girona,2,2,D,0,1,A,19,9,8,2,18,16,8,2,3,1,1,0
05/01/2019,NaN,Alaves,Valencia,2,1,H,2,1,H,14,14,5,2,10,13,2,6,3,3,0,0
05/01/2019,NaN,Huesca,Betis,2,1,H,0,0,D,11,7,6,1,21,7,4,6,3,2,0,0
05/01/2019,NaN,Valladolid,Vallecano,0,1,A,0,1,A,12,9,5,5,16,23,9,5,0,3,0,0
06/01/2019,NaN,Eibar,Villarreal,0,0,D,0,0,D,24,7,6,4,12,17,13,1,0,2,0,0
06/01/2019,NaN,Getafe,Barcelona,1,2,A,1,2,A,10,12,2,8,23,12,4,4,4,3,0,0
06/01/2019,NaN,Real Madrid,Sociedad,0,2,A,0,1,A,28,12,8,4,13,13,10,4,5,1,1,0
06/01/2019,NaN,Sevilla,Ath Madrid,1,1,D,1,1,D,15,12,5,7,15,11,4,5,5,7,0,0
07/01/2019,NaN,Celta,Ath Bilbao,1,2,A,1,1,D,17,8,3,4,16,21,3,2,2,5,0,0
11/01/2019,NaN,Vallecano,Celta,4,2,H,2,2,D,11,13,8,4,12,8,7,5,4,1,0,0
12/01/2019,NaN,Girona,Alaves,1,1,D,1,0,H,9,15,4,4,21,14,6,3,4,2,0,0
12/01/2019,NaN,Leganes,Huesca,1,0,H,0,0,D,14,9,7,3,11,9,4,4,3,3,0,0
12/01/2019,NaN,Valencia,Valladolid,1,1,D,0,0,D,17,6,5,1,15,18,7,0,2,5,0,0
12/01/2019,NaN,Villarreal,Getafe,1,2,A,0,0,D,17,9,6,4,14,13,6,1,5,3,0,0
13/01/2019,NaN,Ath Bilbao,Sevilla,2,0,H,1,0,H,10,10,3,4,14,14,7,6,4,3,0,0
13/01/2019,NaN,Ath Madrid,Levante,1,0,H,0,0,D,19,7,5,2,9,17,5,2,0,3,0,0
13/01/2019,NaN,Barcelona,Eibar,3,0,H,1,0,H,7,15,6,2,10,12,2,3,2,1,0,0
13/01/2019,NaN,Betis,Real Madrid,1,2,A,0,1,A,9,14,2,5,9,13,6,5,2,3,0,0
14/01/2019,NaN,Sociedad,Espanol,3,2,H,2,2,D,9,21,4,2,15,12,7,3,7,4,1,0
18/01/2019,NaN,Getafe,Alaves,4,0,H,1,0,H,12,6,5,0,17,18,4,2,0,4,0,0
19/01/2019,NaN,Celta,Valencia,1,2,A,1,0,H,12,13,4,8,18,12,4,6,4,3,0,0
19/01/2019,NaN,Huesca,Ath Madrid,0,3,A,0,1,A,14,15,3,8,15,13,6,5,2,2,0,0
19/01/2019,NaN,Real Madrid,Sevilla,2,0,H,0,0,D,23,4,6,1,9,14,7,4,2,3,0,0
20/01/2019,NaN,Barcelona,Leganes,3,1,H,1,0,H,15,5,7,2,12,18,5,1,3,3,0,0
20/01/2019,NaN,Betis,Girona,3,2,H,1,2,A,12,8,5,5,9,12,7,2,2,4,0,0
20/01/2019,NaN,Levante,Valladolid,2,0,H,1,0,H,13,13,4,3,12,18,3,2,6,5,0,0
20/01/2019,NaN,Vallecano,Sociedad,2,2,D,2,1,H,11,10,4,4,14,10,2,9,2,1,0,0
20/01/2019,NaN,Villarreal,Ath Bilbao,1,1,D,0,1,A,3,9,1,2,17,13,1,3,4,1,0,0
21/01/2019,NaN,Eibar,Espanol,3,0,H,1,0,H,16,6,9,0,16,10,6,2,2,5,0,0
26/01/2019,NaN,Ath Madrid,Getafe,2,0,H,2,0,H,10,6,6,2,11,26,3,6,2,7,0,2
26/01/2019,NaN,Leganes,Eibar,2,2,D,0,2,A,9,5,3,2,15,14,4,5,2,3,0,0
26/01/2019,NaN,Sevilla,Levante,5,0,H,0,0,D,23,7,9,0,15,13,5,8,2,1,0,0
26/01/2019,NaN,Valencia,Villarreal,3,0,H,1,0,H,18,14,9,5,13,8,7,4,1,3,0,0
27/01/2019,NaN,Ath Bilbao,Betis,1,0,H,1,0,H,11,8,2,2,20,6,6,4,4,2,1,0
27/01/2019,NaN,Espanol,Real Madrid,2,4,A,1,3,A,13,16,6,9,15,17,1,6,3,4,0,1
27/01/2019,NaN,Girona,Barcelona,0,2,A,0,1,A,13,15,5,7,18,12,3,8,5,3,1,0
27/01/2019,NaN,Sociedad,Huesca,0,0,D,0,0,D,8,8,1,1,9,22,5,2,0,3,0,0
27/01/2019,NaN,Valladolid,Celta,2,1,H,0,1,A,19,8,7,3,15,19,7,5,2,5,0,1
28/01/2019,NaN,Alaves,Vallecano,0,1,A,0,0,D,16,14,1,3,14,19,7,4,2,5,0,0
01/02/2019,NaN,Huesca,Valladolid,4,0,H,1,0,H,11,9,7,4,17,11,7,7,6,2,0,0
02/02/2019,NaN,Barcelona,Valencia,2,2,D,1,2,A,20,14,8,7,8,5,9,1,3,0,0,0
02/02/2019,NaN,Celta,Sevilla,1,0,H,0,0,D,10,13,4,2,13,12,4,9,4,4,0,0
02/02/2019,NaN,Levante,Getafe,0,0,D,0,0,D,8,9,4,2,7,15,5,5,4,3,0,0
02/02/2019,NaN,Sociedad,Ath Bilbao,2,1,H,2,0,H,6,8,2,5,17,13,3,3,1,1,0,0
03/02/2019,NaN,Betis,Ath Madrid,1,0,H,0,0,D,7,13,3,1,7,21,1,7,4,3,0,0
03/02/2019,NaN,Eibar,Girona,3,0,H,1,0,H,17,6,5,2,12,9,8,5,2,1,0,0
03/02/2019,NaN,Real Madrid,Alaves,3,0,H,1,0,H,22,8,8,1,10,12,7,2,0,3,0,0
03/02/2019,NaN,Villarreal,Espanol,2,2,D,1,0,H,14,17,5,2,22,16,3,2,4,5,0,0
04/02/2019,NaN,Vallecano,Leganes,1,2,A,0,1,A,15,13,6,4,19,10,5,6,6,4,0,1
08/02/2019,NaN,Valladolid,Villarreal,0,0,D,0,0,D,9,7,3,3,13,18,8,3,3,2,0,0
09/02/2019,NaN,Ath Madrid,Real Madrid,1,3,A,1,2,A,11,11,2,4,21,16,3,4,7,3,1,0
09/02/2019,NaN,Espanol,Vallecano,2,1,H,0,1,A,15,9,5,3,11,19,6,2,0,2,0,0
09/02/2019,NaN,Getafe,Celta,3,1,H,1,1,D,12,13,6,3,16,13,4,3,3,3,0,1
09/02/2019,NaN,Girona,Huesca,0,2,A,0,2,A,13,6,7,6,9,18,13,2,3,1,1,0
10/02/2019,NaN,Ath Bilbao,Barcelona,0,0,D,0,0,D,13,10,5,2,23,10,6,4,4,2,1,0
10/02/2019,NaN,Leganes,Betis,3,0,H,2,0,H,16,3,4,1,22,11,4,4,4,2,0,1
10/02/2019,NaN,Sevilla,Eibar,2,2,D,0,1,A,13,8,4,4,11,7,9,7,4,2,1,0
10/02/2019,NaN,Valencia,Sociedad,0,0,D,0,0,D,10,8,4,1,11,18,7,5,2,4,0,0
11/02/2019,NaN,Alaves,Levante,2,0,H,1,0,H,16,8,4,0,14,18,3,10,3,2,0,0
15/02/2019,NaN,Eibar,Getafe,2,2,D,0,1,A,11,7,6,4,12,12,3,3,2,2,0,0
16/02/2019,NaN,Barcelona,Valladolid,1,0,H,1,0,H,20,10,8,0,12,18,3,5,1,3,0,0
16/02/2019,NaN,Celta,Levante,1,4,A,0,2,A,14,14,7,8,12,17,5,7,1,1,1,0
16/02/2019,NaN,Sociedad,Leganes,3,0,H,0,0,D,15,8,6,3,10,16,4,1,4,2,0,0
16/02/2019,NaN,Vallecano,Ath Madrid,0,1,A,0,0,D,12,4,6,3,10,14,4,6,0,1,0,0
17/02/2019,NaN,Betis,Alaves,1,1,D,1,1,D,19,6,10,3,10,12,6,3,4,1,0,0
17/02/2019,NaN,Real Madrid,Girona,1,2,A,1,0,H,19,14,7,6,13,18,7,0,3,2,1,0
17/02/2019,NaN,Valencia,Espanol,0,0,D,0,0,D,21,6,1,1,12,10,10,2,2,4,0,1
17/02/2019,NaN,Villarreal,Sevilla,3,0,H,2,0,H,12,21,6,5,7,12,6,4,4,1,0,0
18/02/2019,NaN,Huesca,Ath Bilbao,0,1,A,0,1,A,12,9,2,4,16,11,3,5,5,1,0,0
22/02/2019,NaN,Espanol,Huesca,1,1,D,1,0,H,13,13,2,4,9,16,7,4,2,4,0,0
23/02/2019,NaN,Alaves,Celta,0,0,D,0,0,D,17,8,4,2,15,9,3,4,2,2,0,0
23/02/2019,NaN,Ath Bilbao,Eibar,1,0,H,1,0,H,9,7,4,2,10,17,10,2,3,4,0,0
23/02/2019,NaN,Getafe,Vallecano,2,1,H,1,0,H,11,7,2,2,12,13,2,2,2,1,0,0
23/02/2019,NaN,Sevilla,Barcelona,2,4,A,2,1,H,13,17,4,8,15,11,3,8,6,1,0,0
24/02/2019,NaN,Ath Madrid,Villarreal,2,0,H,1,0,H,15,14,7,3,9,10,6,7,0,3,0,0
24/02/2019,NaN,Leganes,Valencia,1,1,D,0,1,A,17,6,6,1,14,10,4,2,5,3,0,0
24/02/2019,NaN,Levante,Real Madrid,1,2,A,0,1,A,11,19,2,5,17,11,4,6,5,3,1,1
24/02/2019,NaN,Valladolid,Betis,0,2,A,0,1,A,10,6,2,3,10,9,13,4,1,2,0,0
25/02/2019,NaN,Girona,Sociedad,0,0,D,0,0,D,10,7,3,1,26,15,3,5,4,1,0,0
01/03/2019,NaN,Vallecano,Girona,0,2,A,0,1,A,9,12,3,4,17,23,7,1,3,4,1,0
02/03/2019,NaN,Espanol,Valladolid,3,1,H,1,1,D,15,14,6,3,17,8,5,3,2,2,0,0
02/03/2019,NaN,Huesca,Sevilla,2,1,H,1,0,H,7,12,3,5,15,16,3,12,5,4,0,0
02/03/2019,NaN,Real Madrid,Barcelona,0,1,A,0,1,A,17,10,3,4,16,13,8,6,3,2,0,0
02/03/2019,NaN,Villarreal,Alaves,1,2,A,0,0,D,9,10,2,2,15,12,8,2,2,3,0,0
03/03/2019,NaN,Betis,Getafe,1,2,A,0,2,A,6,11,2,5,14,14,4,4,2,2,0,0
03/03/2019,NaN,Eibar,Celta,1,0,H,0,0,D,15,3,4,1,14,16,7,0,1,1,0,0
03/03/2019,NaN,Sociedad,Ath Madrid,0,2,A,0,2,A,19,8,3,3,12,17,7,3,1,4,0,1
03/03/2019,NaN,Valencia,Ath Bilbao,2,0,H,0,0,D,11,4,3,1,12,13,6,2,0,3,0,0
04/03/2019,NaN,Leganes,Levante,1,0,H,1,0,H,14,15,3,4,15,10,2,2,6,4,0,0
08/03/2019,NaN,Ath Bilbao,Espanol,1,1,D,0,1,A,15,5,6,2,13,20,7,0,3,5,0,0
09/03/2019,NaN,Alaves,Eibar,1,1,D,0,0,D,16,20,3,3,10,18,3,5,1,1,0,0
09/03/2019,NaN,Ath Madrid,Leganes,1,0,H,0,0,D,13,3,4,2,9,7,4,4,2,2,0,0
09/03/2019,NaN,Barcelona,Vallecano,3,1,H,1,1,D,12,8,6,1,12,17,10,4,1,2,0,0
09/03/2019,NaN,Getafe,Huesca,2,1,H,0,1,A,14,8,6,1,14,17,13,1,0,4,0,0
10/03/2019,NaN,Celta,Betis,0,1,A,0,0,D,7,14,1,4,17,16,4,4,3,0,0,0
10/03/2019,NaN,Girona,Valencia,2,3,A,1,1,D,18,11,8,6,13,10,6,1,1,4,0,1
10/03/2019,NaN,Levante,Villarreal,0,2,A,0,0,D,11,13,3,5,8,21,8,2,3,5,0,0
10/03/2019,NaN,Sevilla,Sociedad,5,2,H,1,1,D,22,9,11,2,12,13,7,2,2,2,0,0
10/03/2019,NaN,Valladolid,Real Madrid,1,4,A,1,1,D,10,15,2,6,14,12,5,12,1,6,0,1
15/03/2019,NaN,Sociedad,Levante,1,1,D,1,0,H,22,8,7,3,10,12,5,3,2,2,0,0
16/03/2019,NaN,Ath Bilbao,Ath Madrid,2,0,H,0,0,D,9,9,5,2,12,4,1,7,3,1,0,0
16/03/2019,NaN,Huesca,Alaves,1,3,A,1,1,D,7,12,2,5,21,23,2,2,1,3,0,0
16/03/2019,NaN,Leganes,Girona,0,2,A,0,2,A,12,8,3,4,20,6,6,2,8,1,0,0
16/03/2019,NaN,Real Madrid,Celta,2,0,H,0,0,D,22,6,7,1,15,8,9,2,1,0,0,0
17/03/2019,NaN,Betis,Barcelona,1,4,A,0,2,A,13,16,3,9,10,11,3,7,1,2,0,0
17/03/2019,NaN,Eibar,Valladolid,1,2,A,0,0,D,15,8,3,3,16,14,5,0,4,2,0,0
17/03/2019,NaN,Espanol,Sevilla,0,1,A,0,0,D,13,12,3,3,11,14,6,5,3,4,1,1
17/03/2019,NaN,Valencia,Getafe,0,0,D,0,0,D,8,9,2,1,13,22,3,5,3,4,0,0
17/03/2019,NaN,Villarreal,Vallecano,3,1,H,0,1,A,12,7,4,3,16,7,5,5,3,3,0,0
29/03/2019,NaN,Girona,Ath Bilbao,1,2,A,1,0,H,6,8,2,5,18,18,3,3,2,4,0,0
30/03/2019,NaN,Alaves,Ath Madrid,0,4,A,0,2,A,14,11,4,7,10,8,9,2,2,2,0,0
30/03/2019,NaN,Barcelona,Espanol,2,0,H,0,0,D,13,4,3,2,15,14,5,2,0,4,0,0
30/03/2019,NaN,Celta,Villarreal,3,2,H,0,2,A,15,14,6,5,7,8,10,7,1,3,0,0
30/03/2019,NaN,Getafe,Leganes,0,2,A,0,0,D,9,7,2,3,15,25,3,4,5,2,0,0
31/03/2019,NaN,Levante,Eibar,2,2,D,2,1,H,7,17,2,3,9,12,6,7,2,1,0,0
31/03/2019,NaN,Real Madrid,Huesca,3,2,H,1,1,D,16,16,8,3,9,18,4,6,1,3,0,0
31/03/2019,NaN,Sevilla,Valencia,0,1,A,0,1,A,17,4,5,2,18,9,5,3,3,1,0,0
31/03/2019,NaN,Valladolid,Sociedad,1,1,D,1,0,H,10,10,4,1,18,8,7,5,4,1,0,0
31/03/2019,NaN,Vallecano,Betis,1,1,D,1,0,H,20,7,5,2,22,9,6,3,5,3,1,0
02/04/2019,NaN,Ath Madrid,Girona,2,0,H,0,0,D,17,12,7,4,10,9,4,3,1,0,0,0
02/04/2019,NaN,Espanol,Getafe,1,1,D,0,0,D,9,13,3,3,14,14,5,4,4,3,0,0
02/04/2019,NaN,Villarreal,Barcelona,4,4,D,1,2,A,16,15,9,9,10,10,5,3,4,7,1,0
03/04/2019,NaN,Ath Bilbao,Levante,3,2,H,2,0,H,14,11,7,6,13,14,2,9,3,7,0,1
03/04/2019,NaN,Eibar,Vallecano,2,1,H,0,1,A,12,13,6,2,14,9,2,6,2,2,0,0
03/04/2019,NaN,Huesca,Celta,3,3,D,0,1,A,23,11,7,5,9,12,5,0,2,3,0,0
03/04/2019,NaN,Valencia,Real Madrid,2,1,H,1,0,H,11,15,4,5,9,13,6,6,2,2,0,0
04/04/2019,NaN,Leganes,Valladolid,1,0,H,0,0,D,18,8,2,1,13,11,3,4,2,2,0,0
04/04/2019,NaN,Sevilla,Alaves,2,0,H,1,0,H,18,5,5,2,13,19,11,1,3,4,0,0
04/04/2019,NaN,Sociedad,Betis,2,1,H,1,0,H,15,11,7,6,12,13,3,6,2,3,0,0
06/04/2019,NaN,Barcelona,Ath Madrid,2,0,H,0,0,D,21,9,10,2,14,12,5,1,3,4,0,1
06/04/2019,NaN,Girona,Espanol,1,2,A,0,0,D,14,9,5,2,23,20,1,4,5,2,0,0
06/04/2019,NaN,Real Madrid,Eibar,2,1,H,0,1,A,13,3,7,1,9,15,5,4,0,1,0,0
06/04/2019,NaN,Vallecano,Valencia,2,0,H,1,0,H,15,12,5,3,17,10,4,7,2,3,0,0
07/04/2019,NaN,Alaves,Leganes,1,1,D,1,0,H,6,9,1,5,17,15,3,3,6,4,0,0
07/04/2019,NaN,Betis,Villarreal,2,1,H,1,1,D,17,10,7,4,15,14,4,3,4,4,0,0
07/04/2019,NaN,Celta,Sociedad,3,1,H,0,1,A,11,14,4,7,16,11,2,7,2,1,0,1
07/04/2019,NaN,Getafe,Ath Bilbao,1,0,H,0,0,D,6,9,2,1,16,18,1,2,2,1,0,0
07/04/2019,NaN,Levante,Huesca,2,2,D,1,0,H,14,17,8,4,22,12,9,1,2,4,0,0
07/04/2019,NaN,Valladolid,Sevilla,0,2,A,0,0,D,10,16,5,4,17,12,6,7,3,3,0,0
13/04/2019,NaN,Ath Madrid,Celta,2,0,H,1,0,H,11,10,5,3,9,15,1,2,2,2,0,0
13/04/2019,NaN,Espanol,Alaves,2,1,H,1,0,H,6,14,2,3,12,17,4,8,3,2,0,0
13/04/2019,NaN,Huesca,Barcelona,0,0,D,0,0,D,6,10,1,2,18,13,6,5,1,2,0,0
13/04/2019,NaN,Sevilla,Betis,3,2,H,1,0,H,11,12,5,7,18,8,5,4,6,3,0,0
14/04/2019,NaN,Ath Bilbao,Vallecano,3,2,H,1,1,D,15,8,9,4,10,16,3,6,1,3,0,1
14/04/2019,NaN,Girona,Villarreal,0,1,A,0,1,A,14,17,5,6,12,11,9,5,2,5,0,0
14/04/2019,NaN,Sociedad,Eibar,1,1,D,1,0,H,3,17,2,2,15,18,0,3,2,2,0,0
14/04/2019,NaN,Valencia,Levante,3,1,H,1,0,H,23,6,6,3,12,19,8,3,2,2,0,0
14/04/2019,NaN,Valladolid,Getafe,2,2,D,1,1,D,8,8,4,3,22,18,5,3,4,4,0,1
15/04/2019,NaN,Leganes,Real Madrid,1,1,D,1,0,H,5,13,2,6,11,12,1,5,0,3,0,0
19/04/2019,NaN,Alaves,Valladolid,2,2,D,2,1,H,10,12,4,7,17,16,5,7,3,5,0,0
20/04/2019,NaN,Barcelona,Sociedad,2,1,H,1,0,H,11,9,4,2,10,12,4,2,0,1,0,0
20/04/2019,NaN,Celta,Girona,2,1,H,1,0,H,13,9,8,1,7,10,5,1,2,1,0,0
20/04/2019,NaN,Eibar,Ath Madrid,0,1,A,0,0,D,10,8,2,4,11,12,5,8,3,1,0,0
20/04/2019,NaN,Vallecano,Huesca,0,0,D,0,0,D,16,10,3,3,12,10,8,3,4,2,0,0
21/04/2019,NaN,Betis,Valencia,1,2,A,0,1,A,23,4,7,3,19,13,8,2,4,2,0,1
21/04/2019,NaN,Getafe,Sevilla,3,0,H,2,0,H,10,12,3,2,19,15,2,7,3,6,1,1
21/04/2019,NaN,Levante,Espanol,2,2,D,0,1,A,19,14,5,7,13,15,12,7,4,1,1,0
21/04/2019,NaN,Real Madrid,Ath Bilbao,3,0,H,0,0,D,11,5,4,3,12,16,8,2,2,4,0,0
21/04/2019,NaN,Villarreal,Leganes,2,1,H,0,0,D,11,6,5,2,12,15,7,4,2,1,0,0
23/04/2019,NaN,Alaves,Barcelona,0,2,A,0,0,D,6,17,1,6,19,9,1,4,3,1,0,0
23/04/2019,NaN,Huesca,Eibar,2,0,H,0,0,D,12,7,3,4,16,16,5,3,4,1,0,0
23/04/2019,NaN,Valladolid,Girona,1,0,H,0,0,D,13,6,4,0,17,17,4,5,4,3,0,0
24/04/2019,NaN,Ath Madrid,Valencia,3,2,H,1,1,D,14,12,6,4,17,13,4,3,3,3,0,0
24/04/2019,NaN,Espanol,Celta,1,1,D,1,0,H,9,18,2,6,15,8,2,4,2,1,0,0
24/04/2019,NaN,Leganes,Ath Bilbao,0,1,A,0,1,A,14,3,1,2,11,14,2,2,1,2,0,0
24/04/2019,NaN,Levante,Betis,4,0,H,2,0,H,6,7,4,2,9,15,3,4,2,3,0,0
25/04/2019,NaN,Getafe,Real Madrid,0,0,D,0,0,D,9,12,5,4,17,15,9,4,1,3,0,0
25/04/2019,NaN,Sevilla,Vallecano,5,0,H,0,0,D,20,12,11,3,10,12,5,4,1,2,0,0
25/04/2019,NaN,Sociedad,Villarreal,0,1,A,0,0,D,13,8,2,3,11,14,6,3,2,3,0,0
27/04/2019,NaN,Ath Bilbao,Alaves,1,1,D,1,1,D,14,14,1,3,14,17,8,6,2,2,0,0
27/04/2019,NaN,Ath Madrid,Valladolid,1,0,H,0,0,D,13,13,1,4,19,12,7,3,4,2,0,0
27/04/2019,NaN,Barcelona,Levante,1,0,H,0,0,D,23,7,12,2,17,12,6,3,4,3,0,0
27/04/2019,NaN,Leganes,Celta,0,0,D,0,0,D,10,8,1,2,16,5,4,6,1,0,0,0
28/04/2019,NaN,Girona,Sevilla,1,0,H,0,0,D,15,7,4,3,12,18,3,6,1,2,0,1
28/04/2019,NaN,Sociedad,Getafe,2,1,H,1,0,H,11,12,7,3,17,14,5,7,2,3,0,0
28/04/2019,NaN,Valencia,Eibar,0,1,A,0,0,D,7,13,2,3,10,15,7,6,2,3,0,0
28/04/2019,NaN,Vallecano,Real Madrid,1,0,H,1,0,H,11,9,5,3,21,6,6,6,2,5,0,0
28/04/2019,NaN,Villarreal,Huesca,1,1,D,1,0,H,18,13,5,3,15,22,0,1,5,2,0,1
29/04/2019,NaN,Betis,Espanol,1,1,D,0,1,A,18,10,5,4,16,14,6,5,4,1,0,0
03/05/2019,NaN,Sevilla,Leganes,0,3,A,0,2,A,7,9,3,5,11,23,3,4,1,1,0,0
04/05/2019,NaN,Alaves,Sociedad,0,1,A,0,1,A,17,9,6,2,7,22,13,6,1,3,0,0
04/05/2019,NaN,Celta,Barcelona,2,0,H,0,0,D,14,8,6,1,11,13,11,1,1,5,0,0
04/05/2019,NaN,Espanol,Ath Madrid,3,0,H,1,0,H,11,11,5,3,11,14,5,6,1,2,0,0
04/05/2019,NaN,Levante,Vallecano,4,1,H,2,0,H,12,20,7,3,17,12,6,7,1,4,0,1
05/05/2019,NaN,Eibar,Betis,1,0,H,1,0,H,14,12,6,6,15,7,11,8,3,2,0,0
05/05/2019,NaN,Getafe,Girona,2,0,H,1,0,H,13,4,8,2,15,13,1,3,3,3,0,1
05/05/2019,NaN,Huesca,Valencia,2,6,A,0,5,A,24,10,4,7,10,9,7,5,2,1,0,0
05/05/2019,NaN,Real Madrid,Villarreal,3,2,H,2,1,H,24,15,11,7,9,14,8,3,0,3,0,0
05/05/2019,NaN,Valladolid,Ath Bilbao,1,0,H,1,0,H,10,9,3,1,14,22,1,3,5,5,0,0
12/05/2019,NaN,Ath Bilbao,Celta,3,1,H,3,0,H,8,3,4,2,16,18,3,3,4,3,0,0
12/05/2019,NaN,Ath Madrid,Sevilla,1,1,D,1,0,H,11,11,4,5,16,12,5,7,5,4,0,0
12/05/2019,NaN,Barcelona,Getafe,2,0,H,1,0,H,13,11,8,0,9,13,4,3,1,3,0,0
12/05/2019,NaN,Betis,Huesca,2,1,H,1,0,H,17,9,8,2,13,15,9,2,3,5,0,1
12/05/2019,NaN,Girona,Levante,1,2,A,0,0,D,14,6,6,2,15,16,9,2,2,3,0,0
12/05/2019,NaN,Leganes,Espanol,0,2,A,0,1,A,11,19,4,7,11,9,6,7,4,1,1,0
12/05/2019,NaN,Sociedad,Real Madrid,3,1,H,1,1,D,19,6,7,2,12,16,5,2,1,2,0,1
12/05/2019,NaN,Valencia,Alaves,3,1,H,2,1,H,10,10,4,3,9,14,7,4,2,5,0,0
12/05/2019,NaN,Vallecano,Valladolid,1,2,A,0,1,A,16,9,5,6,13,9,4,2,2,2,0,0
12/05/2019,NaN,Villarreal,Eibar,1,0,H,0,0,D,11,4,3,0,11,14,5,3,3,2,0,0
18/05/2019,NaN,Alaves,Girona,2,1,H,1,0,H,14,13,7,4,13,10,6,4,3,3,0,0
18/05/2019,NaN,Celta,Vallecano,2,2,D,0,1,A,14,11,5,4,16,20,3,5,0,4,0,0
18/05/2019,NaN,Espanol,Sociedad,2,0,H,0,0,D,9,11,4,2,13,13,4,5,3,2,0,0
18/05/2019,NaN,Getafe,Villarreal,2,2,D,1,1,D,17,8,5,4,16,20,6,4,2,3,0,0
18/05/2019,NaN,Huesca,Leganes,2,1,H,0,1,A,15,9,6,1,18,12,4,6,0,1,0,0
18/05/2019,NaN,Levante,Ath Madrid,2,2,D,2,0,H,17,17,7,8,9,7,6,4,0,1,0,1
18/05/2019,NaN,Sevilla,Ath Bilbao,2,0,H,1,0,H,9,9,3,1,14,19,2,3,4,2,0,0
18/05/2019,NaN,Valladolid,Valencia,0,2,A,0,1,A,19,9,4,6,12,10,8,2,1,3,0,0
19/05/2019,NaN,Eibar,Barcelona,2,2,D,2,2,D,15,6,8,3,11,3,5,2,4,2,0,0
19/05/2019,NaN,Real Madrid,Betis,0,2,A,0,0,D,9,9,2,7,17,11,1,5,4,1,0,0
16/08/2019,20:00:00,Ath Bilbao,Barcelona,1,0,H,0,0,D,11,11,5,2,14,9,3,8,1,1,0,0
17/08/2019,16:00:00,Celta,Real Madrid,1,3,A,0,1,A,7,17,4,11,17,12,6,4,5,2,0,1
17/08/2019,18:00:00,Valencia,Sociedad,1,1,D,0,0,D,14,12,6,3,13,14,3,3,4,4,1,0
17/08/2019,19:00:00,Mallorca,Eibar,2,1,H,1,0,H,16,11,4,5,13,14,9,3,2,3,0,0
17/08/2019,20:00:00,Leganes,Osasuna,0,1,A,0,0,D,13,4,2,2,17,11,8,0,1,4,1,0
17/08/2019,20:00:00,Villarreal,Granada,4,4,D,1,1,D,12,14,7,7,10,16,2,7,3,1,0,0
18/08/2019,16:00:00,Alaves,Levante,1,0,H,0,0,D,9,16,2,4,18,15,2,9,2,1,0,0
18/08/2019,18:00:00,Espanol,Sevilla,0,2,A,0,1,A,7,12,2,4,11,17,8,4,2,2,0,0
18/08/2019,20:00:00,Betis,Valladolid,1,2,A,0,0,D,13,14,4,3,11,19,6,1,2,6,1,0
18/08/2019,21:00:00,Ath Madrid,Getafe,1,0,H,1,0,H,5,6,5,0,19,22,3,4,3,4,1,1
23/08/2019,19:00:00,Granada,Sevilla,0,1,A,0,0,D,12,11,0,6,13,14,6,6,1,1,0,0
23/08/2019,21:00:00,Levante,Villarreal,2,1,H,0,1,A,16,23,4,6,5,9,7,3,1,2,0,0
24/08/2019,16:00:00,Osasuna,Eibar,0,0,D,0,0,D,6,12,2,0,15,12,6,6,4,4,0,0
24/08/2019,18:00:00,Real Madrid,Valladolid,1,1,D,0,0,D,22,9,4,2,12,11,4,3,2,2,0,0
24/08/2019,20:00:00,Celta,Valencia,1,0,H,1,0,H,11,9,6,1,8,12,6,4,1,2,0,0
24/08/2019,20:00:00,Getafe,Ath Bilbao,1,1,D,1,1,D,6,4,2,2,15,11,4,6,2,1,0,0
25/08/2019,16:00:00,Alaves,Espanol,0,0,D,0,0,D,10,5,2,1,13,10,3,5,3,1,0,0
25/08/2019,16:00:00,Mallorca,Sociedad,0,1,A,0,0,D,12,12,4,4,16,12,5,5,1,2,0,0
25/08/2019,18:00:00,Leganes,Ath Madrid,0,1,A,0,0,D,10,6,4,4,12,13,9,4,4,5,0,0
25/08/2019,20:00:00,Barcelona,Betis,5,2,H,1,1,D,20,4,7,3,14,12,11,0,1,1,0,0
30/08/2019,19:00:00,Sevilla,Celta,1,1,D,0,0,D,19,2,5,1,16,9,9,1,4,2,0,0
30/08/2019,21:00:00,Ath Bilbao,Sociedad,2,0,H,2,0,H,15,2,5,2,17,17,3,0,2,3,0,0
31/08/2019,16:00:00,Osasuna,Barcelona,2,2,D,1,0,H,15,8,5,4,16,9,3,2,3,4,0,0
31/08/2019,18:00:00,Getafe,Alaves,1,1,D,1,1,D,15,5,1,1,11,17,4,2,3,1,0,0
31/08/2019,18:00:00,Levante,Valladolid,2,0,H,0,0,D,16,15,3,4,9,10,6,6,2,2,0,0
31/08/2019,20:00:00,Betis,Leganes,2,1,H,0,0,D,17,19,5,7,14,15,11,8,4,2,0,0
01/09/2019,16:00:00,Valencia,Mallorca,2,0,H,1,0,H,9,12,4,1,6,19,7,4,0,1,0,0
01/09/2019,18:00:00,Ath Madrid,Eibar,3,2,H,1,2,A,7,6,3,2,9,15,1,1,0,3,0,0
01/09/2019,18:00:00,Espanol,Granada,0,3,A,0,1,A,15,14,3,6,6,13,8,6,2,3,0,0
01/09/2019,20:00:00,Villarreal,Real Madrid,2,2,D,1,1,D,10,17,5,5,8,14,1,8,1,4,0,1
13/09/2019,20:00:00,Mallorca,Ath Bilbao,0,0,D,0,0,D,10,11,1,5,15,18,4,6,4,3,0,0
14/09/2019,12:00:00,Real Madrid,Levante,3,2,H,3,0,H,25,8,11,3,13,10,9,6,2,2,0,0
14/09/2019,15:00:00,Leganes,Villarreal,0,3,A,0,2,A,10,8,4,4,14,11,8,6,2,0,0,0
14/09/2019,17:30:00,Sociedad,Ath Madrid,2,0,H,0,0,D,14,12,5,2,13,10,5,5,1,3,0,0
14/09/2019,20:00:00,Barcelona,Valencia,5,2,H,2,1,H,17,9,10,3,11,11,2,5,1,4,0,0
15/09/2019,11:00:00,Eibar,Espanol,1,2,A,0,0,D,11,7,1,2,14,16,7,2,2,4,0,1
15/09/2019,13:00:00,Alaves,Sevilla,0,1,A,0,1,A,7,19,0,7,13,7,2,6,5,5,0,0
15/09/2019,15:00:00,Celta,Granada,0,2,A,0,1,A,4,13,0,3,11,13,3,5,4,2,2,0
15/09/2019,17:30:00,Valladolid,Osasuna,1,1,D,0,0,D,11,17,1,5,9,10,10,6,0,1,0,0
15/09/2019,20:00:00,Betis,Getafe,1,1,D,0,1,A,7,12,2,4,11,28,5,6,3,6,2,0
20/09/2019,20:00:00,Osasuna,Betis,0,0,D,0,0,D,12,7,6,2,15,9,9,4,1,2,0,0
21/09/2019,12:00:00,Villarreal,Valladolid,2,0,H,0,0,D,18,7,6,3,12,8,4,8,2,1,0,0
21/09/2019,15:00:00,Levante,Eibar,0,0,D,0,0,D,13,18,4,4,9,11,6,7,0,2,0,0
21/09/2019,17:30:00,Ath Madrid,Celta,0,0,D,0,0,D,20,6,5,3,14,12,13,3,3,5,0,0
21/09/2019,20:00:00,Granada,Barcelona,2,0,H,1,0,H,9,8,4,1,22,12,4,5,3,2,0,0
22/09/2019,11:00:00,Getafe,Mallorca,4,2,H,2,0,H,14,7,5,3,15,17,7,2,4,5,0,0
22/09/2019,13:00:00,Espanol,Sociedad,1,3,A,0,2,A,17,10,3,5,7,12,5,7,1,0,0,0
22/09/2019,15:00:00,Valencia,Leganes,1,1,D,1,1,D,13,13,4,4,14,23,6,6,3,4,0,0
22/09/2019,17:30:00,Ath Bilbao,Alaves,2,0,H,1,0,H,13,5,4,1,11,19,3,2,1,4,0,0
22/09/2019,20:00:00,Sevilla,Real Madrid,0,1,A,0,0,D,9,7,0,4,16,15,9,6,3,2,0,0
24/09/2019,18:00:00,Valladolid,Granada,1,1,D,1,1,D,9,6,5,4,21,18,6,3,3,2,0,0
24/09/2019,19:00:00,Betis,Levante,3,1,H,1,1,D,17,17,5,3,11,11,5,2,2,2,0,0
24/09/2019,20:00:00,Barcelona,Villarreal,2,1,H,2,1,H,8,11,4,3,4,13,6,5,4,2,0,0
25/09/2019,18:00:00,Leganes,Ath Bilbao,1,1,D,0,0,D,7,9,3,2,11,12,4,5,0,1,0,0
25/09/2019,18:00:00,Mallorca,Ath Madrid,0,2,A,0,1,A,9,13,3,3,8,15,8,5,3,5,0,1
25/09/2019,19:00:00,Valencia,Getafe,3,3,D,3,1,H,8,18,4,5,14,26,4,5,1,4,0,0
25/09/2019,20:00:00,Real Madrid,Osasuna,2,0,H,1,0,H,15,4,4,0,13,13,7,5,2,2,0,0
26/09/2019,18:00:00,Eibar,Sevilla,3,2,H,0,2,A,11,7,4,4,11,19,3,1,3,4,0,0
26/09/2019,19:00:00,Celta,Espanol,1,1,D,0,0,D,14,10,3,4,5,17,6,4,2,5,0,0
26/09/2019,20:00:00,Sociedad,Alaves,3,0,H,3,0,H,21,5,7,0,7,20,5,3,1,4,0,1
27/09/2019,20:00:00,Villarreal,Betis,5,1,H,1,0,H,17,11,10,6,13,8,3,7,2,2,0,0
28/09/2019,12:00:00,Ath Bilbao,Valencia,0,1,A,0,1,A,14,10,3,6,14,12,7,7,2,5,0,0
28/09/2019,15:00:00,Getafe,Barcelona,0,2,A,0,1,A,8,10,1,6,23,17,4,1,4,4,0,1
28/09/2019,17:30:00,Granada,Leganes,1,0,H,1,0,H,11,15,4,6,19,12,8,3,3,4,0,0
28/09/2019,20:00:00,Ath Madrid,Real Madrid,0,0,D,0,0,D,7,14,1,3,14,14,5,7,1,2,0,0
29/09/2019,11:00:00,Espanol,Valladolid,0,2,A,0,1,A,16,9,2,6,16,13,4,3,2,0,1,0
29/09/2019,13:00:00,Eibar,Celta,2,0,H,0,0,D,7,3,3,2,17,15,6,5,3,1,0,0
29/09/2019,15:00:00,Alaves,Mallorca,2,0,H,0,0,D,11,5,6,1,16,14,4,1,2,3,0,0
29/09/2019,17:30:00,Levante,Osasuna,1,1,D,1,0,H,10,18,5,3,12,12,7,11,6,0,1,0
29/09/2019,20:00:00,Sevilla,Sociedad,3,2,H,1,1,D,21,5,8,2,9,8,7,0,1,1,0,0
04/10/2019,20:00:00,Betis,Eibar,1,1,D,0,1,A,12,8,3,2,7,20,4,9,3,6,0,1
05/10/2019,12:00:00,Leganes,Levante,1,2,A,0,1,A,25,9,10,2,10,7,9,4,3,5,0,0
05/10/2019,15:00:00,Real Madrid,Granada,4,2,H,2,0,H,17,8,10,5,12,18,6,2,4,5,0,0
05/10/2019,17:30:00,Valencia,Alaves,2,1,H,1,0,H,11,10,3,4,7,16,4,7,1,3,0,0
05/10/2019,20:00:00,Osasuna,Villarreal,2,1,H,0,1,A,16,16,4,5,9,15,8,9,2,2,0,0
06/10/2019,11:00:00,Mallorca,Espanol,2,0,H,1,0,H,9,11,3,3,11,11,2,4,1,3,0,0
06/10/2019,13:00:00,Celta,Ath Bilbao,1,0,H,0,0,D,13,6,2,2,8,20,6,4,0,5,0,0
06/10/2019,15:00:00,Valladolid,Ath Madrid,0,0,D,0,0,D,5,9,1,1,15,14,3,4,6,4,0,0
06/10/2019,17:30:00,Sociedad,Getafe,1,2,A,1,0,H,6,13,3,4,20,15,3,8,2,4,1,0
06/10/2019,20:00:00,Barcelona,Sevilla,4,0,H,3,0,H,15,16,8,4,10,12,7,10,5,3,2,0
18/10/2019,20:00:00,Granada,Osasuna,1,0,H,1,0,H,6,9,2,4,12,17,2,7,2,8,0,1
19/10/2019,12:00:00,Eibar,Barcelona,0,3,A,0,1,A,5,9,0,4,16,14,2,2,5,0,0,0
19/10/2019,15:00:00,Ath Madrid,Valencia,1,1,D,1,0,H,15,11,4,3,18,12,2,4,2,1,0,1
19/10/2019,17:30:00,Getafe,Leganes,2,0,H,0,0,D,5,7,2,3,17,19,2,3,1,4,0,0
19/10/2019,20:00:00,Mallorca,Real Madrid,1,0,H,1,0,H,5,13,1,4,20,14,4,4,2,2,0,1
20/10/2019,11:00:00,Alaves,Celta,2,0,H,0,0,D,12,14,5,2,20,5,4,6,5,1,0,0
20/10/2019,13:00:00,Sociedad,Betis,3,1,H,2,1,H,18,12,6,5,23,12,11,2,4,2,0,0
20/10/2019,15:00:00,Espanol,Villarreal,0,1,A,0,1,A,18,11,3,5,11,14,7,3,2,1,0,0
20/10/2019,17:30:00,Ath Bilbao,Valladolid,1,1,D,1,0,H,19,9,7,3,12,9,3,4,2,3,0,0
20/10/2019,20:00:00,Sevilla,Levante,1,0,H,0,0,D,19,12,5,5,10,11,9,1,2,2,0,0
25/10/2019,20:00:00,Villarreal,Alaves,4,1,H,1,0,H,19,12,8,3,12,13,5,4,2,2,0,0
26/10/2019,15:00:00,Leganes,Mallorca,1,0,H,1,0,H,9,9,3,1,19,13,4,5,4,1,0,0
26/10/2019,17:30:00,Valladolid,Eibar,2,0,H,2,0,H,8,13,4,3,13,13,4,3,1,2,0,0
26/10/2019,20:00:00,Ath Madrid,Ath Bilbao,2,0,H,1,0,H,9,9,2,2,14,9,7,7,2,2,0,0
27/10/2019,11:00:00,Celta,Sociedad,0,1,A,0,0,D,9,9,1,4,20,12,3,7,5,2,1,0
27/10/2019,13:00:00,Granada,Betis,1,0,H,0,0,D,13,12,3,0,13,8,4,2,3,4,0,0
27/10/2019,15:00:00,Levante,Espanol,0,1,A,0,1,A,7,14,3,3,10,26,4,7,2,3,0,0
27/10/2019,17:30:00,Sevilla,Getafe,2,0,H,0,0,D,15,9,8,4,13,18,5,0,2,3,0,0
27/10/2019,20:00:00,Osasuna,Valencia,3,1,H,1,1,D,21,2,13,1,8,6,6,1,1,1,0,1
29/10/2019,18:00:00,Alaves,Ath Madrid,1,1,D,0,0,D,11,9,3,3,23,16,4,1,3,3,0,0
29/10/2019,20:15:00,Barcelona,Valladolid,5,1,H,3,1,H,18,9,9,1,9,14,6,3,0,3,0,0
30/10/2019,18:00:00,Sociedad,Levante,1,2,A,0,2,A,17,13,5,4,15,12,9,5,3,4,0,0
30/10/2019,18:00:00,Valencia,Sevilla,1,1,D,0,1,A,10,10,3,1,12,17,6,1,6,3,0,0
30/10/2019,19:00:00,Ath Bilbao,Espanol,3,0,H,2,0,H,7,12,5,5,13,20,2,5,0,1,0,0
30/10/2019,20:00:00,Betis,Celta,2,1,H,1,0,H,11,18,7,5,16,17,5,10,6,1,0,0
30/10/2019,20:15:00,Real Madrid,Leganes,5,0,H,3,0,H,22,5,11,3,12,12,8,3,1,5,0,0
31/10/2019,18:00:00,Eibar,Villarreal,2,1,H,0,0,D,25,9,8,2,11,12,8,3,0,3,0,0
31/10/2019,18:00:00,Mallorca,Osasuna,2,2,D,1,0,H,11,12,3,4,9,10,5,3,1,5,0,0
31/10/2019,20:15:00,Getafe,Granada,3,1,H,2,0,H,8,10,3,2,22,11,2,3,5,5,0,0
02/11/2019,12:00:00,Espanol,Valencia,1,2,A,1,0,H,13,11,4,4,20,14,5,5,0,1,0,0
02/11/2019,15:00:00,Levante,Barcelona,3,1,H,0,1,A,9,9,3,6,9,13,2,3,1,6,0,0
02/11/2019,17:30:00,Sevilla,Ath Madrid,1,1,D,1,0,H,11,14,4,5,13,16,6,3,4,3,0,0
02/11/2019,20:00:00,Real Madrid,Betis,0,0,D,0,0,D,22,13,7,3,11,17,9,4,2,4,0,0
03/11/2019,11:00:00,Valladolid,Mallorca,3,0,H,1,0,H,12,14,6,1,15,20,2,6,5,4,0,0
03/11/2019,13:00:00,Villarreal,Ath Bilbao,0,0,D,0,0,D,11,12,7,2,10,8,8,10,2,0,0,0
03/11/2019,15:00:00,Osasuna,Alaves,4,2,H,3,1,H,19,11,6,3,13,17,5,1,4,2,0,0
03/11/2019,17:30:00,Celta,Getafe,0,1,A,0,1,A,6,9,2,5,6,19,4,4,3,3,0,0
03/11/2019,17:30:00,Leganes,Eibar,1,2,A,1,1,D,12,7,5,4,16,20,4,2,5,2,0,0
03/11/2019,20:00:00,Granada,Sociedad,1,2,A,1,1,D,5,9,3,5,15,19,4,5,0,2,0,0
08/11/2019,20:00:00,Sociedad,Leganes,1,1,D,0,0,D,11,6,5,2,14,23,5,1,2,6,0,1
09/11/2019,12:00:00,Alaves,Valladolid,3,0,H,2,0,H,14,7,5,1,21,16,6,7,3,3,0,0
09/11/2019,15:00:00,Valencia,Granada,2,0,H,0,0,D,12,13,4,1,11,15,7,4,0,5,0,0
09/11/2019,17:30:00,Eibar,Real Madrid,0,4,A,0,3,A,14,10,1,5,9,8,6,6,0,0,0,0
09/11/2019,20:00:00,Barcelona,Celta,4,1,H,2,1,H,10,6,7,5,18,14,2,2,4,1,0,0
10/11/2019,11:00:00,Mallorca,Villarreal,3,1,H,2,0,H,5,22,3,6,18,17,2,5,2,3,0,0
10/11/2019,13:00:00,Ath Bilbao,Levante,2,1,H,0,1,A,23,8,10,2,13,13,10,2,3,2,0,0
10/11/2019,15:00:00,Ath Madrid,Espanol,3,1,H,1,1,D,18,10,5,1,12,15,9,2,2,2,0,0
10/11/2019,17:30:00,Getafe,Osasuna,0,0,D,0,0,D,14,4,5,1,15,16,9,5,2,4,0,0
10/11/2019,20:00:00,Betis,Sevilla,1,2,A,1,1,D,18,10,5,6,12,21,4,4,2,3,0,0
22/11/2019,20:00:00,Levante,Mallorca,2,1,H,0,0,D,13,14,6,7,13,9,3,6,2,1,1,0
23/11/2019,12:00:00,Leganes,Barcelona,1,2,A,1,0,H,9,11,4,6,11,10,0,6,1,2,0,0
23/11/2019,15:00:00,Betis,Valencia,2,1,H,1,1,D,25,9,8,3,9,13,5,4,2,2,0,0
23/11/2019,17:30:00,Granada,Ath Madrid,1,1,D,0,0,D,9,17,3,6,15,17,2,8,4,3,0,0
23/11/2019,20:00:00,Real Madrid,Sociedad,3,1,H,1,1,D,18,11,10,6,13,16,4,3,1,1,0,0
24/11/2019,11:00:00,Espanol,Getafe,1,1,D,1,1,D,6,11,2,2,23,12,3,3,3,4,0,0
24/11/2019,13:00:00,Osasuna,Ath Bilbao,1,2,A,0,1,A,12,6,7,4,15,18,6,2,4,3,0,0
24/11/2019,15:00:00,Eibar,Alaves,0,2,A,0,0,D,18,7,7,5,10,11,10,4,1,2,0,0
24/11/2019,17:30:00,Villarreal,Celta,1,3,A,0,0,D,15,11,1,7,12,9,8,2,3,2,0,0
24/11/2019,20:00:00,Valladolid,Sevilla,0,1,A,0,1,A,7,4,1,2,13,25,8,4,3,4,0,1
29/11/2019,20:00:00,Celta,Valladolid,0,0,D,0,0,D,13,9,5,2,11,17,11,3,1,3,0,0
30/11/2019,12:00:00,Alaves,Real Madrid,1,2,A,0,0,D,8,12,2,6,18,11,9,4,4,3,0,0
30/11/2019,15:00:00,Sociedad,Eibar,4,1,H,1,1,D,15,10,4,4,8,12,6,4,1,4,0,0
30/11/2019,17:30:00,Mallorca,Betis,1,2,A,0,2,A,16,15,7,3,16,15,6,5,3,4,1,0
30/11/2019,20:00:00,Valencia,Villarreal,2,1,H,0,0,D,13,24,7,7,8,17,6,4,1,2,0,0
01/12/2019,11:00:00,Sevilla,Leganes,1,0,H,0,0,D,16,8,8,4,16,7,7,4,3,3,0,0
01/12/2019,13:00:00,Ath Bilbao,Granada,2,0,H,1,0,H,14,8,6,1,18,16,4,3,5,4,0,0
01/12/2019,15:00:00,Espanol,Osasuna,2,4,A,1,0,H,12,14,5,8,12,16,2,3,1,4,0,1
01/12/2019,17:30:00,Getafe,Levante,4,0,H,0,0,D,13,7,9,2,22,14,6,7,2,3,0,0
01/12/2019,20:00:00,Ath Madrid,Barcelona,0,1,A,0,0,D,17,13,2,5,12,11,9,5,4,4,0,0
06/12/2019,20:00:00,Villarreal,Ath Madrid,0,0,D,0,0,D,23,18,3,3,11,11,11,6,2,1,0,0
07/12/2019,12:00:00,Real Madrid,Espanol,2,0,H,1,0,H,18,6,8,2,15,13,5,3,4,3,1,0
07/12/2019,15:00:00,Granada,Alaves,3,0,H,0,0,D,13,5,3,1,16,17,6,2,1,4,0,2
07/12/2019,17:30:00,Levante,Valencia,2,4,A,2,1,H,17,10,6,6,14,14,5,1,5,2,1,0
07/12/2019,20:00:00,Barcelona,Mallorca,5,2,H,4,1,H,25,9,17,3,15,10,8,4,3,0,0,0
08/12/2019,11:00:00,Eibar,Getafe,0,1,A,0,0,D,6,6,3,3,16,15,3,8,5,1,1,0
08/12/2019,13:00:00,Betis,Ath Bilbao,3,2,H,3,1,H,10,8,6,2,12,15,3,3,2,4,0,0
08/12/2019,15:00:00,Valladolid,Sociedad,0,0,D,0,0,D,4,16,2,2,10,19,1,4,0,4,0,0
08/12/2019,17:30:00,Leganes,Celta,3,2,H,2,0,H,15,9,8,4,14,11,3,5,3,3,0,1
08/12/2019,20:00:00,Osasuna,Sevilla,1,1,D,1,1,D,10,13,1,4,22,10,2,6,4,4,1,0
13/12/2019,20:00:00,Alaves,Leganes,1,1,D,0,1,A,10,3,3,1,14,17,2,0,2,3,0,0
14/12/2019,12:00:00,Granada,Levante,1,2,A,0,0,D,18,13,4,6,14,12,8,6,4,3,0,0
14/12/2019,15:00:00,Sociedad,Barcelona,2,2,D,1,1,D,19,9,5,5,7,8,8,5,0,1,0,0
14/12/2019,17:30:00,Ath Bilbao,Eibar,0,0,D,0,0,D,8,8,3,2,7,12,6,7,3,3,0,0
14/12/2019,20:00:00,Ath Madrid,Osasuna,2,0,H,0,0,D,19,15,9,3,16,10,6,5,2,1,0,0
15/12/2019,11:00:00,Getafe,Valladolid,2,0,H,1,0,H,7,10,3,3,28,10,4,3,3,3,0,0
15/12/2019,13:00:00,Celta,Mallorca,2,2,D,1,1,D,18,8,7,2,14,16,3,3,3,5,0,1
15/12/2019,15:00:00,Espanol,Betis,2,2,D,2,1,H,16,10,4,5,26,13,7,5,4,1,0,0
15/12/2019,17:30:00,Sevilla,Villarreal,1,2,A,0,1,A,24,9,5,3,12,11,14,2,2,0,0,0
15/12/2019,20:00:00,Valencia,Real Madrid,1,1,D,0,0,D,9,19,6,6,11,15,1,2,1,2,0,0
18/12/2019,19:00:00,Barcelona,Real Madrid,0,0,D,0,0,D,9,17,2,4,5,17,2,6,3,5,0,0
20/12/2019,20:00:00,Eibar,Granada,3,0,H,2,0,H,21,12,7,1,17,13,5,5,3,3,0,0
21/12/2019,12:00:00,Mallorca,Sevilla,0,2,A,0,1,A,8,13,1,6,15,12,3,6,6,3,0,0
21/12/2019,15:00:00,Barcelona,Alaves,4,1,H,2,0,H,8,5,4,3,10,11,3,4,2,4,0,0
21/12/2019,17:30:00,Villarreal,Getafe,1,0,H,0,0,D,11,7,4,0,8,18,2,5,2,5,0,1
21/12/2019,20:00:00,Valladolid,Valencia,1,1,D,0,0,D,14,5,6,2,10,12,5,4,0,3,0,0
22/12/2019,11:00:00,Leganes,Espanol,2,0,H,1,0,H,11,9,5,3,11,15,1,5,1,6,0,0
22/12/2019,13:00:00,Osasuna,Sociedad,3,4,A,1,3,A,19,13,7,7,11,12,8,3,6,2,1,0
22/12/2019,15:00:00,Betis,Ath Madrid,1,2,A,0,0,D,15,8,2,5,11,14,5,3,4,3,0,0
22/12/2019,17:30:00,Levante,Celta,3,1,H,0,1,A,13,12,7,5,8,15,8,7,3,6,0,0
22/12/2019,20:00:00,Real Madrid,Ath Bilbao,0,0,D,0,0,D,20,8,8,2,8,14,6,4,1,0,0,0
03/01/2020,18:00:00,Valladolid,Leganes,2,2,D,1,2,A,14,12,5,5,16,13,4,3,3,2,0,0
03/01/2020,20:00:00,Sevilla,Ath Bilbao,1,1,D,0,1,A,9,6,2,1,16,20,9,1,2,4,0,0
04/01/2020,12:00:00,Valencia,Eibar,1,0,H,1,0,H,9,10,1,3,13,20,6,5,1,3,0,1
04/01/2020,15:00:00,Getafe,Real Madrid,0,3,A,0,1,A,15,10,4,8,20,14,7,4,3,2,0,0
04/01/2020,17:30:00,Ath Madrid,Levante,2,1,H,2,1,H,17,6,8,3,9,10,5,5,1,3,0,0
04/01/2020,20:00:00,Espanol,Barcelona,2,2,D,1,0,H,8,14,3,7,17,11,4,5,2,2,0,1
05/01/2020,11:00:00,Granada,Mallorca,1,0,H,1,0,H,7,17,4,5,23,11,3,4,5,1,0,0
05/01/2020,13:00:00,Sociedad,Villarreal,1,2,A,1,0,H,10,14,2,2,16,14,7,2,5,4,0,0
05/01/2020,15:00:00,Alaves,Betis,1,1,D,1,0,H,6,10,1,3,18,15,3,6,7,3,0,1
05/01/2020,20:00:00,Celta,Osasuna,1,1,D,0,0,D,20,8,7,1,14,19,6,1,4,3,0,0
17/01/2020,20:00:00,Leganes,Getafe,0,3,A,0,3,A,8,8,2,4,22,18,4,4,6,4,0,0
18/01/2020,12:00:00,Levante,Alaves,0,1,A,0,0,D,20,14,3,6,12,20,7,6,2,4,0,0
18/01/2020,15:00:00,Real Madrid,Sevilla,2,1,H,0,0,D,13,8,4,3,17,12,2,4,3,1,0,0
18/01/2020,17:30:00,Osasuna,Valladolid,0,0,D,0,0,D,21,5,5,3,16,10,9,1,2,2,0,0
18/01/2020,20:00:00,Eibar,Ath Madrid,2,0,H,1,0,H,9,12,4,4,16,14,6,7,1,2,0,0
19/01/2020,11:00:00,Mallorca,Valencia,4,1,H,3,0,H,13,8,6,1,18,11,1,6,4,4,0,1
19/01/2020,13:00:00,Betis,Sociedad,3,0,H,2,0,H,14,7,6,0,8,10,6,2,3,1,0,0
19/01/2020,15:00:00,Villarreal,Espanol,1,2,A,0,1,A,21,16,5,5,15,18,4,4,1,3,0,1
19/01/2020,17:30:00,Ath Bilbao,Celta,1,1,D,0,0,D,22,7,6,3,18,12,13,0,4,3,0,0
19/01/2020,20:00:00,Barcelona,Granada,1,0,H,0,0,D,18,5,6,1,11,17,7,0,0,4,0,1
24/01/2020,20:00:00,Osasuna,Levante,2,0,H,0,0,D,15,6,3,2,18,11,5,5,3,3,0,0
25/01/2020,12:00:00,Espanol,Ath Bilbao,1,1,D,0,1,A,9,11,3,3,14,14,2,3,3,1,0,0
25/01/2020,15:00:00,Valencia,Barcelona,2,0,H,0,0,D,8,14,6,5,13,16,2,0,1,3,0,0
25/01/2020,17:30:00,Alaves,Villarreal,1,2,A,0,1,A,12,11,6,6,10,12,7,4,2,1,0,0
25/01/2020,20:00:00,Sevilla,Granada,2,0,H,2,0,H,12,8,4,1,13,18,3,6,4,1,0,0
26/01/2020,11:00:00,Ath Madrid,Leganes,0,0,D,0,0,D,14,10,3,4,10,19,7,6,2,6,0,1
26/01/2020,13:00:00,Celta,Eibar,0,0,D,0,0,D,18,5,5,3,9,16,6,3,1,0,0,0
26/01/2020,15:00:00,Getafe,Betis,1,0,H,0,0,D,7,8,3,1,19,12,8,4,2,4,0,1
26/01/2020,17:30:00,Sociedad,Mallorca,3,0,H,0,0,D,14,8,5,4,15,7,7,3,0,2,0,0
26/01/2020,20:00:00,Valladolid,Real Madrid,0,1,A,0,0,D,4,12,0,3,7,11,3,5,1,3,0,0
01/02/2020,12:00:00,Granada,Espanol,2,1,H,1,1,D,8,22,2,4,15,17,3,9,3,3,0,0
01/02/2020,15:00:00,Real Madrid,Ath Madrid,1,0,H,0,0,D,16,4,5,1,18,11,5,6,2,3,0,0
01/02/2020,17:30:00,Mallorca,Valladolid,0,1,A,0,0,D,16,15,4,7,11,10,8,5,4,1,0,0
01/02/2020,20:00:00,Valencia,Celta,1,0,H,0,0,D,9,11,5,4,14,20,4,7,6,3,0,0
02/02/2020,11:00:00,Leganes,Sociedad,2,1,H,0,1,A,12,2,5,1,24,19,3,1,4,3,0,0
02/02/2020,13:00:00,Eibar,Betis,1,1,D,1,1,D,8,14,3,6,15,16,2,7,2,2,0,0
02/02/2020,15:00:00,Ath Bilbao,Getafe,0,2,A,0,1,A,8,9,2,3,11,19,5,4,2,5,0,0
02/02/2020,17:30:00,Sevilla,Alaves,1,1,D,0,0,D,14,4,3,3,13,12,6,1,2,1,0,0
02/02/2020,17:30:00,Villarreal,Osasuna,3,1,H,1,0,H,9,17,4,5,19,15,4,6,3,2,0,0
02/02/2020,20:00:00,Barcelona,Levante,2,1,H,2,0,H,23,10,9,5,6,10,8,3,2,0,0,0
07/02/2020,20:00:00,Alaves,Eibar,2,1,H,0,0,D,9,5,5,1,16,10,3,5,3,2,0,0
08/02/2020,12:00:00,Levante,Leganes,2,0,H,2,0,H,9,12,5,4,18,15,2,2,2,3,0,0
08/02/2020,15:00:00,Getafe,Valencia,3,0,H,0,0,D,22,5,10,0,12,6,10,0,4,4,0,1
08/02/2020,17:30:00,Valladolid,Villarreal,1,1,D,1,0,H,8,8,1,3,14,22,2,4,3,3,0,0
08/02/2020,20:00:00,Ath Madrid,Granada,1,0,H,1,0,H,6,10,3,2,16,19,2,3,4,6,0,0
09/02/2020,11:00:00,Espanol,Mallorca,1,0,H,0,0,D,12,7,7,3,26,15,1,7,6,2,0,0
09/02/2020,13:00:00,Sociedad,Ath Bilbao,2,1,H,0,0,D,14,6,4,3,7,15,4,4,2,2,0,1
09/02/2020,15:00:00,Osasuna,Real Madrid,1,4,A,1,2,A,14,17,4,7,11,15,4,3,2,2,0,0
09/02/2020,17:30:00,Celta,Sevilla,2,1,H,0,1,A,13,12,7,4,16,14,3,4,3,2,0,0
09/02/2020,20:00:00,Betis,Barcelona,2,3,A,2,2,D,7,10,3,6,21,17,0,8,5,5,1,1
14/02/2020,20:00:00,Valencia,Ath Madrid,2,2,D,1,2,A,9,8,3,3,12,16,11,4,3,3,0,0
15/02/2020,12:00:00,Mallorca,Alaves,1,0,H,0,0,D,14,10,6,0,16,15,8,5,0,2,0,0
15/02/2020,15:00:00,Barcelona,Getafe,2,1,H,2,0,H,12,7,5,2,12,30,2,3,3,2,0,0
15/02/2020,17:30:00,Villarreal,Levante,2,1,H,1,0,H,14,11,6,2,15,15,5,10,3,1,0,0
15/02/2020,20:00:00,Granada,Valladolid,2,1,H,0,0,D,11,6,5,4,19,13,10,5,3,2,0,0
16/02/2020,11:00:00,Sevilla,Espanol,2,2,D,1,1,D,18,5,6,3,17,9,9,2,3,4,0,1
16/02/2020,13:00:00,Leganes,Betis,0,0,D,0,0,D,11,3,1,2,15,20,4,2,5,3,0,1
16/02/2020,17:30:00,Ath Bilbao,Osasuna,0,1,A,0,1,A,12,6,2,2,14,20,4,0,4,4,0,0
16/02/2020,20:00:00,Real Madrid,Celta,2,2,D,0,1,A,15,5,4,3,10,10,9,3,2,2,0,0
21/02/2020,20:00:00,Betis,Mallorca,3,3,D,2,2,D,19,11,6,4,13,12,7,1,2,1,0,0
22/02/2020,12:00:00,Celta,Leganes,1,0,H,0,0,D,3,11,1,2,13,17,2,9,3,3,1,0
22/02/2020,15:00:00,Barcelona,Eibar,5,0,H,3,0,H,13,12,11,5,8,19,5,5,0,2,0,0
22/02/2020,17:30:00,Sociedad,Valencia,3,0,H,2,0,H,19,6,7,1,19,9,6,7,1,1,0,0
22/02/2020,20:00:00,Levante,Real Madrid,1,0,H,0,0,D,8,19,2,7,16,10,3,7,1,2,0,0
23/02/2020,11:00:00,Osasuna,Granada,0,3,A,0,3,A,14,10,1,4,19,11,6,3,3,1,0,0
23/02/2020,13:00:00,Alaves,Ath Bilbao,2,1,H,1,1,D,4,13,4,5,17,12,2,9,4,4,0,0
23/02/2020,15:00:00,Valladolid,Espanol,2,1,H,0,0,D,21,6,6,2,10,18,4,2,1,5,0,1
23/02/2020,17:30:00,Getafe,Sevilla,0,3,A,0,1,A,10,8,2,5,14,17,5,3,7,3,0,0
23/02/2020,20:00:00,Ath Madrid,Villarreal,3,1,H,1,1,D,16,10,9,4,14,6,6,1,1,2,0,0
28/02/2020,20:00:00,Sociedad,Valladolid,1,0,H,0,0,D,13,6,4,1,15,11,8,4,1,1,0,0
29/02/2020,12:00:00,Eibar,Levante,3,0,H,1,0,H,13,11,9,4,15,16,3,6,3,2,0,0
29/02/2020,15:00:00,Valencia,Betis,2,1,H,0,0,D,10,14,5,5,13,9,6,7,2,3,0,0
29/02/2020,17:30:00,Leganes,Alaves,1,1,D,0,0,D,19,8,6,4,18,18,6,4,3,3,0,0
29/02/2020,20:00:00,Granada,Celta,0,0,D,0,0,D,14,6,0,2,14,11,6,1,3,5,0,0
01/03/2020,11:00:00,Sevilla,Osasuna,3,2,H,2,0,H,12,14,5,4,9,14,7,1,2,2,0,1
01/03/2020,13:00:00,Ath Bilbao,Villarreal,1,0,H,0,0,D,18,10,6,3,11,13,5,6,6,6,0,0
01/03/2020,15:00:00,Espanol,Ath Madrid,1,1,D,1,0,H,9,5,3,2,20,18,3,4,3,4,0,0
01/03/2020,17:30:00,Mallorca,Getafe,0,1,A,0,0,D,4,9,1,5,13,24,4,3,4,5,1,0
01/03/2020,20:00:00,Real Madrid,Barcelona,2,0,H,0,0,D,13,9,5,4,13,10,8,2,2,2,0,0
06/03/2020,20:00:00,Alaves,Valencia,1,1,D,0,1,A,13,6,2,2,9,10,3,3,5,3,0,0
07/03/2020,12:00:00,Eibar,Mallorca,1,2,A,0,1,A,13,10,2,4,16,8,4,3,5,3,0,0
07/03/2020,15:00:00,Ath Madrid,Sevilla,2,2,D,2,2,D,21,12,3,4,14,16,8,4,2,4,0,0
07/03/2020,17:30:00,Barcelona,Sociedad,1,0,H,0,0,D,13,9,6,1,12,10,4,4,4,3,0,0
07/03/2020,20:00:00,Getafe,Celta,0,0,D,0,0,D,19,3,6,2,18,14,9,1,6,5,1,0
08/03/2020,11:00:00,Osasuna,Espanol,1,0,H,0,0,D,17,8,6,2,17,12,6,2,3,3,0,1
08/03/2020,13:00:00,Valladolid,Ath Bilbao,1,4,A,0,2,A,19,10,2,5,9,13,8,1,1,2,0,0
08/03/2020,15:00:00,Levante,Granada,1,1,D,1,0,H,11,10,3,7,21,13,6,4,3,3,0,0
08/03/2020,17:30:00,Villarreal,Leganes,1,2,A,1,0,H,15,12,5,7,10,11,2,5,4,3,0,0
08/03/2020,20:00:00,Betis,Real Madrid,2,1,H,1,1,D,14,13,3,4,8,11,6,2,1,1,0,0
10/03/2020,19:00:00,Eibar,Sociedad,1,2,A,0,1,A,13,6,4,2,12,10,3,1,3,2,0,0
11/06/2020,21:00:00,Sevilla,Betis,2,0,H,0,0,D,13,12,5,1,13,16,11,2,0,2,0,0
12/06/2020,18:30:00,Granada,Getafe,2,1,H,0,1,A,10,6,4,2,17,16,2,3,6,4,0,0
12/06/2020,21:00:00,Valencia,Levante,1,1,D,0,0,D,12,14,3,4,11,13,0,6,1,4,0,1
13/06/2020,13:00:00,Espanol,Alaves,2,0,H,1,0,H,19,1,9,0,16,19,2,1,4,3,0,1
13/06/2020,16:00:00,Celta,Villarreal,0,1,A,0,0,D,4,15,0,4,5,20,2,8,1,1,0,0
13/06/2020,18:30:00,Leganes,Valladolid,1,2,A,0,1,A,11,6,2,2,21,20,2,1,2,4,0,0
13/06/2020,21:00:00,Mallorca,Barcelona,0,4,A,0,2,A,13,12,3,7,16,5,9,3,1,2,0,0
14/06/2020,13:00:00,Ath Bilbao,Ath Madrid,1,1,D,1,1,D,10,9,3,2,10,9,5,7,3,0,0,0
14/06/2020,18:30:00,Real Madrid,Eibar,3,1,H,3,0,H,6,9,5,5,11,12,3,3,1,1,0,0
14/06/2020,21:00:00,Sociedad,Osasuna,1,1,D,0,1,A,9,8,4,1,5,12,1,6,1,3,0,0
15/06/2020,18:30:00,Levante,Sevilla,1,1,D,0,0,D,11,10,5,4,12,10,5,6,1,1,0,0
15/06/2020,21:00:00,Betis,Granada,2,2,D,0,1,A,18,8,6,5,13,18,11,2,2,4,0,0
16/06/2020,18:30:00,Getafe,Espanol,0,0,D,0,0,D,21,5,4,3,15,9,5,5,3,2,0,1
16/06/2020,18:30:00,Villarreal,Mallorca,1,0,H,1,0,H,10,15,4,5,16,10,2,6,3,4,0,0
16/06/2020,21:00:00,Barcelona,Leganes,2,0,H,1,0,H,10,6,5,2,16,16,3,2,5,3,0,0
17/06/2020,18:30:00,Eibar,Ath Bilbao,2,2,D,1,1,D,12,6,6,3,10,11,8,3,3,2,0,0
17/06/2020,18:30:00,Valladolid,Celta,0,0,D,0,0,D,6,11,1,4,18,15,5,8,3,3,0,0
17/06/2020,21:00:00,Osasuna,Ath Madrid,0,5,A,0,1,A,13,10,3,6,12,8,3,2,3,3,0,0
18/06/2020,18:30:00,Alaves,Sociedad,2,0,H,0,0,D,15,9,7,1,21,11,5,6,3,4,1,1
18/06/2020,21:00:00,Real Madrid,Valencia,3,0,H,0,0,D,19,4,14,2,12,11,8,2,0,2,0,1
19/06/2020,18:30:00,Granada,Villarreal,0,1,A,0,1,A,14,5,4,1,17,15,5,0,0,3,0,0
19/06/2020,18:30:00,Mallorca,Leganes,1,1,D,1,0,H,7,16,3,4,15,11,3,7,3,6,0,0
19/06/2020,21:00:00,Sevilla,Barcelona,0,0,D,0,0,D,8,10,4,4,17,8,2,9,3,2,0,0
20/06/2020,13:00:00,Espanol,Levante,1,3,A,1,1,D,10,14,3,8,11,10,8,5,2,0,0,0
20/06/2020,16:00:00,Ath Bilbao,Betis,1,0,H,1,0,H,12,9,3,5,16,11,11,5,4,0,0,0
20/06/2020,18:30:00,Getafe,Eibar,1,1,D,1,1,D,9,8,2,2,18,15,2,1,3,0,0,0
20/06/2020,21:00:00,Ath Madrid,Valladolid,1,0,H,0,0,D,15,6,4,2,14,12,10,1,4,2,0,0
21/06/2020,13:00:00,Celta,Alaves,6,0,H,4,0,H,15,4,10,2,14,10,7,4,1,1,0,1
21/06/2020,18:30:00,Valencia,Osasuna,2,0,H,2,0,H,7,13,3,3,7,19,1,7,1,2,0,0
21/06/2020,21:00:00,Sociedad,Real Madrid,1,2,A,0,0,D,10,10,2,6,16,15,4,1,4,2,0,0
22/06/2020,18:30:00,Villarreal,Sevilla,2,2,D,2,1,H,7,14,5,6,16,12,3,8,3,3,0,0
22/06/2020,21:00:00,Leganes,Granada,0,0,D,0,0,D,9,4,3,1,12,16,4,2,4,4,0,0
23/06/2020,18:30:00,Levante,Ath Madrid,0,1,A,0,1,A,12,12,0,7,12,14,10,4,4,2,0,0
23/06/2020,18:30:00,Valladolid,Getafe,1,1,D,1,1,D,6,15,2,1,12,19,7,8,5,2,0,0
23/06/2020,21:00:00,Barcelona,Ath Bilbao,1,0,H,0,0,D,18,6,4,0,10,16,6,2,2,1,0,0
24/06/2020,18:30:00,Alaves,Osasuna,0,1,A,0,0,D,5,7,0,1,12,14,7,3,2,3,0,0
24/06/2020,18:30:00,Sociedad,Celta,0,1,A,0,1,A,13,4,6,1,18,15,7,3,4,2,0,0
24/06/2020,21:00:00,Real Madrid,Mallorca,2,0,H,1,0,H,14,11,6,4,18,12,5,4,4,1,0,0
25/06/2020,18:30:00,Eibar,Valencia,1,0,H,1,0,H,14,7,5,0,12,7,10,8,4,2,0,1
25/06/2020,21:00:00,Betis,Espanol,1,0,H,0,0,D,13,9,6,2,18,18,6,5,4,4,0,0
26/06/2020,21:00:00,Sevilla,Valladolid,1,1,D,0,1,A,15,11,3,5,16,17,5,1,3,2,0,0
27/06/2020,13:00:00,Ath Bilbao,Mallorca,3,1,H,2,0,H,12,14,6,2,17,16,1,8,1,2,0,0
27/06/2020,16:00:00,Celta,Barcelona,2,2,D,0,1,A,10,18,6,2,19,10,3,8,3,4,0,0
27/06/2020,18:30:00,Osasuna,Leganes,2,1,H,1,0,H,6,21,5,7,12,15,2,4,1,1,0,0
27/06/2020,21:00:00,Ath Madrid,Alaves,2,1,H,0,0,D,14,6,4,2,13,14,3,1,3,2,0,0
28/06/2020,13:00:00,Levante,Betis,4,2,H,2,0,H,9,17,4,8,13,14,2,5,0,4,0,0
28/06/2020,16:00:00,Villarreal,Valencia,2,0,H,2,0,H,17,4,4,0,9,18,1,4,0,2,0,0
28/06/2020,18:30:00,Granada,Eibar,1,2,A,0,1,A,14,13,5,6,8,13,8,5,1,0,0,0
28/06/2020,21:00:00,Espanol,Real Madrid,0,1,A,0,1,A,8,14,5,6,18,12,0,5,1,1,0,0
29/06/2020,21:00:00,Getafe,Sociedad,2,1,H,1,0,H,11,5,4,1,22,11,5,4,6,3,0,0
30/06/2020,18:30:00,Mallorca,Celta,5,1,H,3,0,H,9,12,7,8,16,12,2,11,3,2,0,0
30/06/2020,20:00:00,Leganes,Sevilla,0,3,A,0,2,A,9,11,3,6,23,10,4,2,4,3,0,0
30/06/2020,21:00:00,Barcelona,Ath Madrid,2,2,D,1,1,D,12,10,5,3,11,15,3,1,3,5,0,0
01/07/2020,18:30:00,Alaves,Granada,0,2,A,0,1,A,11,7,4,4,18,17,6,2,3,2,0,0
01/07/2020,18:30:00,Valencia,Ath Bilbao,0,2,A,0,1,A,10,12,1,4,9,12,3,5,1,0,0,0
01/07/2020,21:00:00,Betis,Villarreal,0,2,A,0,2,A,9,15,1,6,10,16,1,5,4,1,1,0
01/07/2020,21:00:00,Valladolid,Levante,0,0,D,0,0,D,15,8,4,3,10,12,8,3,2,1,0,0
02/07/2020,18:30:00,Eibar,Osasuna,0,2,A,0,1,A,11,9,4,6,8,12,9,4,1,1,0,0
02/07/2020,18:30:00,Sociedad,Espanol,2,1,H,0,1,A,12,4,4,3,11,15,4,3,2,1,0,0
02/07/2020,21:00:00,Real Madrid,Getafe,1,0,H,0,0,D,8,10,4,3,15,22,6,5,5,5,0,0
03/07/2020,21:00:00,Ath Madrid,Mallorca,3,0,H,2,0,H,15,13,3,1,14,11,4,5,2,1,0,0
04/07/2020,16:00:00,Celta,Betis,1,1,D,1,0,H,5,10,1,3,20,18,2,8,5,4,0,0
04/07/2020,18:30:00,Valladolid,Alaves,1,0,H,0,0,D,5,7,3,0,13,17,1,3,0,0,0,0
04/07/2020,21:00:00,Granada,Valencia,2,2,D,0,0,D,17,4,4,3,18,14,7,3,2,2,0,0
05/07/2020,13:00:00,Ath Bilbao,Real Madrid,0,1,A,0,0,D,7,10,1,4,13,8,3,2,4,3,0,0
05/07/2020,16:00:00,Espanol,Leganes,0,1,A,0,0,D,7,4,2,2,14,22,0,3,4,3,1,0
05/07/2020,18:30:00,Osasuna,Getafe,0,0,D,0,0,D,6,6,2,1,17,18,2,2,5,4,0,0
05/07/2020,21:00:00,Villarreal,Barcelona,1,4,A,1,3,A,11,18,4,12,11,11,2,6,1,0,0,0
06/07/2020,18:30:00,Levante,Sociedad,1,1,D,1,1,D,9,8,4,3,17,12,4,2,3,2,0,0
06/07/2020,21:00:00,Sevilla,Eibar,1,0,H,0,0,D,8,19,3,3,11,16,11,8,2,1,0,0
07/07/2020,18:30:00,Valencia,Valladolid,2,1,H,1,0,H,10,11,4,5,9,5,5,2,3,0,0,0
07/07/2020,21:00:00,Celta,Ath Madrid,1,1,D,0,1,A,9,10,4,2,14,13,6,2,3,3,0,0
08/07/2020,19:30:00,Betis,Osasuna,3,0,H,2,0,H,14,8,8,2,9,17,5,8,1,5,0,0
08/07/2020,19:30:00,Getafe,Villarreal,1,3,A,0,0,D,5,6,2,3,19,10,1,3,4,1,0,1
08/07/2020,21:00:00,Barcelona,Espanol,1,0,H,0,0,D,9,11,2,2,8,12,6,5,0,2,1,1
09/07/2020,18:30:00,Eibar,Leganes,0,0,D,0,0,D,4,10,1,1,21,13,8,1,3,3,0,0
09/07/2020,18:30:00,Mallorca,Levante,2,0,H,1,0,H,15,14,5,2,11,20,1,5,3,1,0,0
09/07/2020,21:00:00,Ath Bilbao,Sevilla,1,2,A,1,0,H,13,20,4,7,18,9,4,7,3,2,0,0
10/07/2020,18:30:00,Sociedad,Granada,2,3,A,0,2,A,19,4,5,3,12,13,8,3,2,3,0,0
10/07/2020,21:00:00,Real Madrid,Alaves,2,0,H,1,0,H,18,10,8,4,5,17,3,2,0,1,0,0
11/07/2020,16:00:00,Osasuna,Celta,2,1,H,1,1,D,15,12,5,3,10,11,3,4,2,2,0,0
11/07/2020,18:30:00,Valladolid,Barcelona,0,1,A,0,1,A,13,9,4,6,15,13,4,5,2,2,0,0
11/07/2020,21:00:00,Ath Madrid,Betis,1,0,H,0,0,D,9,21,4,3,10,10,2,4,1,3,1,0
12/07/2020,13:00:00,Espanol,Eibar,0,2,A,0,2,A,14,11,3,6,13,14,7,2,2,2,0,0
12/07/2020,16:00:00,Levante,Ath Bilbao,1,2,A,0,2,A,5,12,1,5,10,15,2,6,0,1,0,0
12/07/2020,18:30:00,Leganes,Valencia,1,0,H,1,0,H,10,16,1,5,21,9,2,8,4,1,1,0
12/07/2020,21:00:00,Sevilla,Mallorca,2,0,H,1,0,H,14,14,5,5,14,7,5,5,3,2,0,0
13/07/2020,18:30:00,Alaves,Getafe,0,0,D,0,0,D,3,14,1,4,26,15,2,4,4,2,0,0
13/07/2020,18:30:00,Villarreal,Sociedad,1,2,A,0,0,D,9,11,3,6,12,11,2,10,2,2,0,0
13/07/2020,21:00:00,Granada,Real Madrid,1,2,A,0,2,A,13,11,4,5,18,18,4,3,2,2,0,0
16/07/2020,17:30:00,Eibar,Valladolid,3,1,H,2,0,H,13,17,7,8,19,13,3,12,4,0,0,0
16/07/2020,20:00:00,Ath Bilbao,Leganes,0,2,A,0,0,D,10,16,3,4,11,11,3,3,2,3,1,0
16/07/2020,20:00:00,Barcelona,Osasuna,1,2,A,0,1,A,19,9,3,5,7,14,10,2,4,1,0,1
16/07/2020,20:00:00,Betis,Alaves,1,2,A,0,0,D,14,9,7,5,14,18,6,5,6,4,1,1
16/07/2020,20:00:00,Celta,Levante,2,3,A,2,2,D,16,8,6,4,11,15,8,4,3,0,1,1
16/07/2020,20:00:00,Getafe,Ath Madrid,0,2,A,0,0,D,15,11,6,3,14,11,4,3,1,2,1,0
16/07/2020,20:00:00,Mallorca,Granada,1,2,A,1,1,D,18,14,5,6,14,18,5,6,7,5,2,0
16/07/2020,20:00:00,Real Madrid,Villarreal,2,1,H,1,0,H,12,8,7,4,13,13,4,2,3,2,0,0
16/07/2020,20:00:00,Sociedad,Sevilla,0,0,D,0,0,D,11,8,4,3,16,13,3,2,1,2,0,0
16/07/2020,20:00:00,Valencia,Espanol,1,0,H,1,0,H,9,18,3,6,9,18,4,4,2,4,1,0
19/07/2020,16:00:00,Alaves,Barcelona,0,5,A,0,3,A,8,16,0,8,17,15,2,1,0,0,0,0
19/07/2020,17:30:00,Valladolid,Betis,2,0,H,1,0,H,13,10,4,3,17,10,3,5,2,2,0,0
19/07/2020,17:30:00,Villarreal,Eibar,4,0,H,0,0,D,12,11,5,3,4,9,4,4,0,0,0,0
19/07/2020,20:00:00,Ath Madrid,Sociedad,1,1,D,1,0,H,6,10,3,4,16,9,2,3,1,2,0,0
19/07/2020,20:00:00,Espanol,Celta,0,0,D,0,0,D,8,9,1,3,10,11,1,4,2,3,0,0
19/07/2020,20:00:00,Granada,Ath Bilbao,4,0,H,1,0,H,11,11,6,3,10,11,2,3,1,2,0,0
19/07/2020,20:00:00,Leganes,Real Madrid,2,2,D,1,1,D,15,7,7,4,9,11,5,2,4,1,0,0
19/07/2020,20:00:00,Levante,Getafe,1,0,H,0,0,D,13,13,4,4,10,12,6,8,2,4,0,0
19/07/2020,20:00:00,Osasuna,Mallorca,2,2,D,1,1,D,12,12,5,4,17,10,3,5,2,0,0,0
19/07/2020,20:00:00,Sevilla,Valencia,1,0,H,0,0,D,16,8,4,2,11,6,4,7,0,1,0,0
12/09/2020,15:00:00,Eibar,Celta,0,0,D,0,0,D,8,6,1,3,17,13,3,3,4,4,1,0
12/09/2020,17:30:00,Granada,Ath Bilbao,2,0,H,0,0,D,4,9,2,2,8,10,1,2,3,4,0,0
12/09/2020,20:00:00,Cadiz,Osasuna,0,2,A,0,1,A,12,6,3,4,14,21,6,2,2,2,0,0
12/09/2020,15:00:00,Eibar,Celta,0,0,D,0,0,D,8,6,1,3,17,13,3,3,4,4,1,0
12/09/2020,17:30:00,Granada,Ath Bilbao,2,0,H,0,0,D,4,9,2,2,8,10,1,2,3,4,0,0
12/09/2020,20:00:00,Cadiz,Osasuna,0,2,A,0,1,A,12,6,3,4,14,21,6,2,2,2,0,0
13/09/2020,13:00:00,Alaves,Betis,0,1,A,0,0,D,7,11,2,4,19,17,6,4,3,3,0,0
13/09/2020,15:00:00,Valladolid,Sociedad,1,1,D,1,0,H,8,8,3,2,15,17,5,3,4,1,0,0
13/09/2020,17:30:00,Villarreal,Huesca,1,1,D,0,1,A,15,10,4,3,10,22,6,6,1,1,0,0
13/09/2020,20:00:00,Valencia,Levante,4,2,H,2,2,D,14,19,8,8,9,14,3,4,1,3,0,0
13/09/2020,13:00:00,Alaves,Betis,0,1,A,0,0,D,7,11,2,4,19,17,6,4,3,3,0,0
13/09/2020,15:00:00,Valladolid,Sociedad,1,1,D,1,0,H,8,8,3,2,15,17,5,3,4,1,0,0
13/09/2020,17:30:00,Villarreal,Huesca,1,1,D,0,1,A,15,10,4,3,10,22,6,6,1,1,0,0
13/09/2020,20:00:00,Valencia,Levante,4,2,H,2,2,D,14,19,8,8,9,14,3,4,1,3,0,0
19/09/2020,15:00:00,Villarreal,Eibar,2,1,H,0,0,D,14,12,8,4,5,12,4,3,1,1,0,0
19/09/2020,17:30:00,Getafe,Osasuna,1,0,H,0,0,D,7,10,1,3,19,13,4,1,4,2,0,0
19/09/2020,20:00:00,Celta,Valencia,2,1,H,1,0,H,23,9,6,3,12,13,6,6,3,1,0,0
19/09/2020,15:00:00,Villarreal,Eibar,2,1,H,0,0,D,14,12,8,4,5,12,4,3,1,1,0,0
19/09/2020,17:30:00,Getafe,Osasuna,1,0,H,0,0,D,7,10,1,3,19,13,4,1,4,2,0,0
19/09/2020,20:00:00,Celta,Valencia,2,1,H,1,0,H,23,9,6,3,12,13,6,6,3,1,0,0
20/09/2020,15:00:00,Huesca,Cadiz,0,2,A,0,1,A,4,6,0,4,18,23,2,1,3,3,0,0
20/09/2020,17:30:00,Betis,Valladolid,2,0,H,2,0,H,16,9,6,2,18,10,5,3,3,0,0,0
20/09/2020,17:30:00,Granada,Alaves,2,1,H,1,1,D,10,5,3,3,9,12,4,4,0,3,0,0
20/09/2020,20:00:00,Sociedad,Real Madrid,0,0,D,0,0,D,6,16,1,4,17,12,1,11,2,2,0,0
20/09/2020,15:00:00,Huesca,Cadiz,0,2,A,0,1,A,4,6,0,4,18,23,2,1,3,3,0,0
20/09/2020,17:30:00,Betis,Valladolid,2,0,H,2,0,H,16,9,6,2,18,10,5,3,3,0,0,0
20/09/2020,17:30:00,Granada,Alaves,2,1,H,1,1,D,10,5,3,3,9,12,4,4,0,3,0,0
20/09/2020,20:00:00,Sociedad,Real Madrid,0,0,D,0,0,D,6,16,1,4,17,12,1,11,2,2,0,0
26/09/2020,12:00:00,Alaves,Getafe,0,0,D,0,0,D,9,11,0,4,13,13,1,5,2,2,0,0
26/09/2020,15:00:00,Valencia,Huesca,1,1,D,1,0,H,5,17,2,4,14,20,4,4,0,1,0,0
26/09/2020,17:30:00,Elche,Sociedad,0,3,A,0,0,D,5,27,2,7,11,12,2,11,3,1,0,0
26/09/2020,20:00:00,Betis,Real Madrid,2,3,A,2,1,H,15,11,5,4,9,10,8,3,5,2,1,0
26/09/2020,12:00:00,Alaves,Getafe,0,0,D,0,0,D,9,11,0,4,13,13,1,5,2,2,0,0
26/09/2020,15:00:00,Valencia,Huesca,1,1,D,1,0,H,5,17,2,4,14,20,4,4,0,1,0,0
26/09/2020,17:30:00,Elche,Sociedad,0,3,A,0,0,D,5,27,2,7,11,12,2,11,3,1,0,0
26/09/2020,20:00:00,Betis,Real Madrid,2,3,A,2,1,H,15,11,5,4,9,10,8,3,5,2,1,0
27/09/2020,11:00:00,Osasuna,Levante,1,3,A,1,1,D,9,11,4,5,15,16,3,7,2,0,0,0
27/09/2020,13:00:00,Eibar,Ath Bilbao,1,2,A,0,1,A,7,9,1,5,15,12,5,4,1,0,0,0
27/09/2020,15:00:00,Ath Madrid,Granada,6,1,H,1,0,H,17,11,10,6,16,14,1,1,3,1,0,0
27/09/2020,17:30:00,Cadiz,Sevilla,1,3,A,0,0,D,12,14,5,5,9,14,6,5,4,2,0,0
27/09/2020,17:30:00,Valladolid,Celta,1,1,D,0,1,A,10,5,4,1,26,18,4,1,3,4,0,0
27/09/2020,20:00:00,Barcelona,Villarreal,4,0,H,4,0,H,17,5,9,1,9,10,8,4,0,1,0,0
27/09/2020,11:00:00,Osasuna,Levante,1,3,A,1,1,D,9,11,4,5,15,16,3,7,2,0,0,0
27/09/2020,13:00:00,Eibar,Ath Bilbao,1,2,A,0,1,A,7,9,1,5,15,12,5,4,1,0,0,0
27/09/2020,15:00:00,Ath Madrid,Granada,6,1,H,1,0,H,17,11,10,6,16,14,1,1,3,1,0,0
27/09/2020,17:30:00,Cadiz,Sevilla,1,3,A,0,0,D,12,14,5,5,9,14,6,5,4,2,0,0
27/09/2020,17:30:00,Valladolid,Celta,1,1,D,0,1,A,10,5,4,1,26,18,4,1,3,4,0,0
27/09/2020,20:00:00,Barcelona,Villarreal,4,0,H,4,0,H,17,5,9,1,9,10,8,4,0,1,0,0
29/09/2020,18:00:00,Sociedad,Valencia,0,1,A,0,0,D,11,9,3,5,16,15,9,3,1,5,0,0
29/09/2020,20:30:00,Getafe,Betis,3,0,H,3,0,H,8,10,4,2,15,17,1,4,4,4,0,1
29/09/2020,18:00:00,Sociedad,Valencia,0,1,A,0,0,D,11,9,3,5,16,15,9,3,1,5,0,0
29/09/2020,20:30:00,Getafe,Betis,3,0,H,3,0,H,8,10,4,2,15,17,1,4,4,4,0,1
30/09/2020,18:00:00,Huesca,Ath Madrid,0,0,D,0,0,D,9,16,3,2,13,10,5,7,1,0,0,0
30/09/2020,18:00:00,Villarreal,Alaves,3,1,H,2,1,H,10,8,6,3,11,13,2,0,0,2,0,0
30/09/2020,20:30:00,Eibar,Elche,0,1,A,0,1,A,12,5,4,2,9,14,3,2,2,2,0,0
30/09/2020,20:30:00,Real Madrid,Valladolid,1,0,H,0,0,D,15,11,5,5,11,7,4,7,2,1,0,0
30/09/2020,18:00:00,Huesca,Ath Madrid,0,0,D,0,0,D,9,16,3,2,13,10,5,7,1,0,0,0
30/09/2020,18:00:00,Villarreal,Alaves,3,1,H,2,1,H,10,8,6,3,11,13,2,0,0,2,0,0
30/09/2020,20:30:00,Eibar,Elche,0,1,A,0,1,A,12,5,4,2,9,14,3,2,2,2,0,0
30/09/2020,20:30:00,Real Madrid,Valladolid,1,0,H,0,0,D,15,11,5,5,11,7,4,7,2,1,0,0
01/10/2020,18:00:00,Ath Bilbao,Cadiz,0,1,A,0,0,D,13,3,4,1,15,16,5,2,3,5,0,2
01/10/2020,18:00:00,Sevilla,Levante,1,0,H,0,0,D,16,3,2,1,14,17,2,4,5,2,0,0
01/10/2020,20:30:00,Celta,Barcelona,0,3,A,0,1,A,10,6,3,3,22,10,3,7,5,5,0,1
01/10/2020,18:00:00,Ath Bilbao,Cadiz,0,1,A,0,0,D,13,3,4,1,15,16,5,2,3,5,0,2
01/10/2020,18:00:00,Sevilla,Levante,1,0,H,0,0,D,16,3,2,1,14,17,2,4,5,2,0,0
01/10/2020,20:30:00,Celta,Barcelona,0,3,A,0,1,A,10,6,3,3,22,10,3,7,5,5,0,1
03/10/2020,12:00:00,Valladolid,Eibar,1,2,A,1,1,D,9,11,3,5,11,21,3,4,2,3,0,1
03/10/2020,15:00:00,Ath Madrid,Villarreal,0,0,D,0,0,D,14,6,1,2,11,7,9,1,1,2,0,0
03/10/2020,17:30:00,Elche,Huesca,0,0,D,0,0,D,2,18,0,4,8,26,0,5,0,2,0,0
03/10/2020,17:30:00,Sociedad,Getafe,3,0,H,1,0,H,11,5,6,1,21,13,5,4,3,3,0,0
03/10/2020,20:00:00,Valencia,Betis,0,2,A,0,1,A,5,17,2,8,11,14,4,7,2,2,0,0
03/10/2020,12:00:00,Valladolid,Eibar,1,2,A,1,1,D,9,11,3,5,11,21,3,4,2,3,0,1
03/10/2020,15:00:00,Ath Madrid,Villarreal,0,0,D,0,0,D,14,6,1,2,11,7,9,1,1,2,0,0
03/10/2020,17:30:00,Elche,Huesca,0,0,D,0,0,D,2,18,0,4,8,26,0,5,0,2,0,0
03/10/2020,17:30:00,Sociedad,Getafe,3,0,H,1,0,H,11,5,6,1,21,13,5,4,3,3,0,0
03/10/2020,20:00:00,Valencia,Betis,0,2,A,0,1,A,5,17,2,8,11,14,4,7,2,2,0,0
04/10/2020,11:00:00,Osasuna,Celta,2,0,H,1,0,H,14,9,5,3,19,10,6,5,3,3,0,0
04/10/2020,13:00:00,Alaves,Ath Bilbao,1,0,H,0,0,D,8,8,3,0,20,17,0,6,2,3,1,0
04/10/2020,15:00:00,Levante,Real Madrid,0,2,A,0,1,A,11,13,4,3,14,8,4,6,2,1,0,0
04/10/2020,17:30:00,Cadiz,Granada,1,1,D,0,1,A,14,13,4,5,16,16,2,5,2,2,0,0
04/10/2020,20:00:00,Barcelona,Sevilla,1,1,D,1,1,D,12,13,5,1,11,18,6,5,1,1,0,0
04/10/2020,11:00:00,Osasuna,Celta,2,0,H,1,0,H,14,9,5,3,19,10,6,5,3,3,0,0
04/10/2020,13:00:00,Alaves,Ath Bilbao,1,0,H,0,0,D,8,8,3,0,20,17,0,6,2,3,1,0
04/10/2020,15:00:00,Levante,Real Madrid,0,2,A,0,1,A,11,13,4,3,14,8,4,6,2,1,0,0
04/10/2020,17:30:00,Cadiz,Granada,1,1,D,0,1,A,14,13,4,5,16,16,2,5,2,2,0,0
04/10/2020,20:00:00,Barcelona,Sevilla,1,1,D,1,1,D,12,13,5,1,11,18,6,5,1,1,0,0
17/10/2020,12:00:00,Granada,Sevilla,1,0,H,0,0,D,13,8,3,3,16,11,5,1,4,4,0,1
17/10/2020,15:00:00,Celta,Ath Madrid,0,2,A,0,1,A,15,9,5,4,16,18,8,4,3,4,0,0
17/10/2020,17:30:00,Real Madrid,Cadiz,0,1,A,0,1,A,14,14,2,5,7,5,4,11,2,0,0,0
17/10/2020,20:00:00,Getafe,Barcelona,1,0,H,0,0,D,9,7,4,1,20,10,7,2,4,3,0,0
17/10/2020,12:00:00,Granada,Sevilla,1,0,H,0,0,D,13,8,3,3,16,11,5,1,4,4,0,1
17/10/2020,15:00:00,Celta,Ath Madrid,0,2,A,0,1,A,15,9,5,4,16,18,8,4,3,4,0,0
17/10/2020,17:30:00,Real Madrid,Cadiz,0,1,A,0,1,A,14,14,2,5,7,5,4,11,2,0,0,0
17/10/2020,20:00:00,Getafe,Barcelona,1,0,H,0,0,D,9,7,4,1,20,10,7,2,4,3,0,0
18/10/2020,11:00:00,Eibar,Osasuna,0,0,D,0,0,D,10,8,6,2,14,14,6,7,2,3,0,1
18/10/2020,13:00:00,Ath Bilbao,Levante,2,0,H,0,0,D,14,6,5,1,11,10,9,3,3,1,0,0
18/10/2020,15:00:00,Villarreal,Valencia,2,1,H,1,1,D,16,11,6,3,13,8,3,7,4,1,1,0
18/10/2020,17:30:00,Alaves,Elche,0,2,A,0,1,A,13,7,2,3,11,11,2,6,2,5,0,0
18/10/2020,17:30:00,Huesca,Valladolid,2,2,D,0,1,A,12,5,7,3,14,24,3,1,1,2,0,0
18/10/2020,20:00:00,Betis,Sociedad,0,3,A,0,1,A,7,8,1,5,11,18,6,2,2,1,0,0
18/10/2020,11:00:00,Eibar,Osasuna,0,0,D,0,0,D,10,8,6,2,14,14,6,7,2,3,0,1
18/10/2020,13:00:00,Ath Bilbao,Levante,2,0,H,0,0,D,14,6,5,1,11,10,9,3,3,1,0,0
18/10/2020,15:00:00,Villarreal,Valencia,2,1,H,1,1,D,16,11,6,3,13,8,3,7,4,1,1,0
18/10/2020,17:30:00,Alaves,Elche,0,2,A,0,1,A,13,7,2,3,11,11,2,6,2,5,0,0
18/10/2020,17:30:00,Huesca,Valladolid,2,2,D,0,1,A,12,5,7,3,14,24,3,1,1,2,0,0
18/10/2020,20:00:00,Betis,Sociedad,0,3,A,0,1,A,7,8,1,5,11,18,6,2,2,1,0,0
23/10/2020,20:00:00,Elche,Valencia,2,1,H,2,0,H,3,14,2,4,15,8,0,7,3,2,0,0
23/10/2020,20:00:00,Elche,Valencia,2,1,H,2,0,H,3,14,2,4,15,8,0,7,3,2,0,0
24/10/2020,15:00:00,Barcelona,Real Madrid,1,3,A,1,1,D,10,15,4,9,11,13,7,7,3,2,0,0
24/10/2020,17:30:00,Osasuna,Ath Bilbao,1,0,H,0,0,D,7,13,2,5,18,10,2,5,3,2,0,0
24/10/2020,17:30:00,Sevilla,Eibar,0,1,A,0,1,A,21,3,3,1,11,12,13,3,0,3,0,0
24/10/2020,20:00:00,Ath Madrid,Betis,2,0,H,0,0,D,13,12,6,3,19,12,8,5,2,0,0,1
24/10/2020,15:00:00,Barcelona,Real Madrid,1,3,A,1,1,D,10,15,4,9,11,13,7,7,3,2,0,0
24/10/2020,17:30:00,Osasuna,Ath Bilbao,1,0,H,0,0,D,7,13,2,5,18,10,2,5,3,2,0,0
24/10/2020,17:30:00,Sevilla,Eibar,0,1,A,0,1,A,21,3,3,1,11,12,13,3,0,3,0,0
24/10/2020,20:00:00,Ath Madrid,Betis,2,0,H,0,0,D,13,12,6,3,19,12,8,5,2,0,0,1
25/10/2020,13:00:00,Valladolid,Alaves,0,2,A,0,0,D,5,14,1,4,9,7,2,4,1,0,1,0
25/10/2020,15:00:00,Cadiz,Villarreal,0,0,D,0,0,D,5,7,0,2,15,7,0,5,2,2,0,0
25/10/2020,17:30:00,Getafe,Granada,0,1,A,0,1,A,10,5,1,2,19,23,6,1,4,2,0,0
25/10/2020,20:00:00,Sociedad,Huesca,4,1,H,1,0,H,13,6,6,4,12,11,4,5,2,1,0,0
25/10/2020,13:00:00,Valladolid,Alaves,0,2,A,0,0,D,5,14,1,4,9,7,2,4,1,0,1,0
25/10/2020,15:00:00,Cadiz,Villarreal,0,0,D,0,0,D,5,7,0,2,15,7,0,5,2,2,0,0
25/10/2020,17:30:00,Getafe,Granada,0,1,A,0,1,A,10,5,1,2,19,23,6,1,4,2,0,0
25/10/2020,20:00:00,Sociedad,Huesca,4,1,H,1,0,H,13,6,6,4,12,11,4,5,2,1,0,0
26/10/2020,20:00:00,Levante,Celta,1,1,D,0,0,D,10,10,3,3,11,19,3,2,2,2,0,0
26/10/2020,20:00:00,Levante,Celta,1,1,D,0,0,D,10,10,3,3,11,19,3,2,2,2,0,0
30/10/2020,20:00:00,Eibar,Cadiz,0,2,A,0,2,A,9,6,3,4,10,10,7,2,1,1,0,0
30/10/2020,20:00:00,Eibar,Cadiz,0,2,A,0,2,A,9,6,3,4,10,10,7,2,1,1,0,0
31/10/2020,13:00:00,Real Madrid,Huesca,4,1,H,2,0,H,13,9,6,2,16,9,6,3,0,2,0,0
31/10/2020,15:15:00,Ath Bilbao,Sevilla,2,1,H,0,1,A,16,7,5,3,17,19,6,1,5,5,0,0
31/10/2020,17:30:00,Osasuna,Ath Madrid,1,3,A,0,1,A,8,11,3,6,12,10,3,2,1,2,0,0
31/10/2020,20:00:00,Alaves,Barcelona,1,1,D,1,0,H,4,25,3,9,16,4,2,14,4,3,1,0
31/10/2020,13:00:00,Real Madrid,Huesca,4,1,H,2,0,H,13,9,6,2,16,9,6,3,0,2,0,0
31/10/2020,15:15:00,Ath Bilbao,Sevilla,2,1,H,0,1,A,16,7,5,3,17,19,6,1,5,5,0,0
31/10/2020,17:30:00,Osasuna,Ath Madrid,1,3,A,0,1,A,8,11,3,6,12,10,3,2,1,2,0,0
31/10/2020,20:00:00,Alaves,Barcelona,1,1,D,1,0,H,4,25,3,9,16,4,2,14,4,3,1,0
01/11/2020,13:00:00,Betis,Elche,3,1,H,2,0,H,17,4,10,2,13,12,1,1,2,1,0,0
01/11/2020,15:00:00,Celta,Sociedad,1,4,A,0,2,A,9,9,2,7,19,16,2,3,2,5,1,0
01/11/2020,17:30:00,Granada,Levante,1,1,D,1,1,D,5,19,2,4,7,14,2,8,2,3,1,0
01/11/2020,20:00:00,Valencia,Getafe,2,2,D,1,0,H,11,16,5,5,18,25,0,3,8,5,1,1
01/11/2020,13:00:00,Betis,Elche,3,1,H,2,0,H,17,4,10,2,13,12,1,1,2,1,0,0
01/11/2020,15:00:00,Celta,Sociedad,1,4,A,0,2,A,9,9,2,7,19,16,2,3,2,5,1,0
01/11/2020,17:30:00,Granada,Levante,1,1,D,1,1,D,5,19,2,4,7,14,2,8,2,3,1,0
01/11/2020,20:00:00,Valencia,Getafe,2,2,D,1,0,H,11,16,5,5,18,25,0,3,8,5,1,1
02/11/2020,20:00:00,Villarreal,Valladolid,2,0,H,2,0,H,11,11,5,1,13,13,6,4,1,3,0,0
02/11/2020,20:00:00,Villarreal,Valladolid,2,0,H,2,0,H,11,11,5,1,13,13,6,4,1,3,0,0
06/11/2020,20:00:00,Elche,Celta,1,1,D,1,1,D,8,14,1,6,18,12,3,3,3,4,0,0
06/11/2020,20:00:00,Elche,Celta,1,1,D,1,1,D,8,14,1,6,18,12,3,3,3,4,0,0
07/11/2020,13:00:00,Huesca,Eibar,1,1,D,0,1,A,14,8,6,3,16,30,4,3,2,0,0,0
07/11/2020,15:15:00,Barcelona,Betis,5,2,H,1,1,D,18,12,9,6,8,10,9,5,2,2,0,1
07/11/2020,17:30:00,Sevilla,Osasuna,1,0,H,0,0,D,9,10,1,2,11,19,3,0,2,3,0,0
07/11/2020,20:00:00,Ath Madrid,Cadiz,4,0,H,2,0,H,17,10,7,3,10,9,2,7,1,1,0,0
07/11/2020,13:00:00,Huesca,Eibar,1,1,D,0,1,A,14,8,6,3,16,30,4,3,2,0,0,0
07/11/2020,15:15:00,Barcelona,Betis,5,2,H,1,1,D,18,12,9,6,8,10,9,5,2,2,0,1
07/11/2020,17:30:00,Sevilla,Osasuna,1,0,H,0,0,D,9,10,1,2,11,19,3,0,2,3,0,0
07/11/2020,20:00:00,Ath Madrid,Cadiz,4,0,H,2,0,H,17,10,7,3,10,9,2,7,1,1,0,0
08/11/2020,13:00:00,Getafe,Villarreal,1,3,A,1,2,A,13,9,5,5,18,11,3,3,3,4,0,0
08/11/2020,15:15:00,Sociedad,Granada,2,0,H,2,0,H,22,2,9,1,8,11,15,0,2,1,1,0
08/11/2020,17:30:00,Levante,Alaves,1,1,D,0,1,A,18,6,5,2,12,16,12,1,1,6,0,1
08/11/2020,17:30:00,Valladolid,Ath Bilbao,2,1,H,1,0,H,7,17,4,2,23,11,2,11,4,2,0,0
08/11/2020,20:00:00,Valencia,Real Madrid,4,1,H,2,1,H,7,16,4,6,13,14,1,8,3,2,0,0
08/11/2020,13:00:00,Getafe,Villarreal,1,3,A,1,2,A,13,9,5,5,18,11,3,3,3,4,0,0
08/11/2020,15:15:00,Sociedad,Granada,2,0,H,2,0,H,22,2,9,1,8,11,15,0,2,1,1,0
08/11/2020,17:30:00,Levante,Alaves,1,1,D,0,1,A,18,6,5,2,12,16,12,1,1,6,0,1
08/11/2020,17:30:00,Valladolid,Ath Bilbao,2,1,H,1,0,H,7,17,4,2,23,11,2,11,4,2,0,0
08/11/2020,20:00:00,Valencia,Real Madrid,4,1,H,2,1,H,7,16,4,6,13,14,1,8,3,2,0,0
20/11/2020,20:00:00,Osasuna,Huesca,1,1,D,0,1,A,18,6,7,5,14,15,4,3,2,3,0,0
20/11/2020,20:00:00,Osasuna,Huesca,1,1,D,0,1,A,18,6,7,5,14,15,4,3,2,3,0,0
21/11/2020,13:00:00,Levante,Elche,1,1,D,1,0,H,13,11,5,5,15,11,5,4,1,4,0,0
21/11/2020,15:15:00,Villarreal,Real Madrid,1,1,D,0,1,A,13,6,1,1,16,14,4,2,1,2,0,0
21/11/2020,17:30:00,Sevilla,Celta,4,2,H,2,2,D,15,10,10,7,14,20,3,2,2,2,0,0
21/11/2020,20:00:00,Ath Madrid,Barcelona,1,0,H,1,0,H,9,13,2,4,12,6,8,8,4,0,0,0
21/11/2020,13:00:00,Levante,Elche,1,1,D,1,0,H,13,11,5,5,15,11,5,4,1,4,0,0
21/11/2020,15:15:00,Villarreal,Real Madrid,1,1,D,0,1,A,13,6,1,1,16,14,4,2,1,2,0,0
21/11/2020,17:30:00,Sevilla,Celta,4,2,H,2,2,D,15,10,10,7,14,20,3,2,2,2,0,0
21/11/2020,20:00:00,Ath Madrid,Barcelona,1,0,H,1,0,H,9,13,2,4,12,6,8,8,4,0,0,0
22/11/2020,13:00:00,Eibar,Getafe,0,0,D,0,0,D,15,8,5,3,16,22,3,4,3,4,1,0
22/11/2020,15:15:00,Cadiz,Sociedad,0,1,A,0,0,D,2,14,0,4,14,14,1,6,2,1,0,0
22/11/2020,17:30:00,Granada,Valladolid,1,3,A,0,1,A,16,9,6,3,16,14,5,3,4,3,0,0
22/11/2020,20:00:00,Alaves,Valencia,2,2,D,2,0,H,13,13,3,5,21,16,4,5,1,1,0,0
22/11/2020,13:00:00,Eibar,Getafe,0,0,D,0,0,D,15,8,5,3,16,22,3,4,3,4,1,0
22/11/2020,15:15:00,Cadiz,Sociedad,0,1,A,0,0,D,2,14,0,4,14,14,1,6,2,1,0,0
22/11/2020,17:30:00,Granada,Valladolid,1,3,A,0,1,A,16,9,6,3,16,14,5,3,4,3,0,0
22/11/2020,20:00:00,Alaves,Valencia,2,2,D,2,0,H,13,13,3,5,21,16,4,5,1,1,0,0
23/11/2020,20:00:00,Ath Bilbao,Betis,4,0,H,2,0,H,14,7,9,1,16,8,6,3,0,0,0,0
23/11/2020,20:00:00,Ath Bilbao,Betis,4,0,H,2,0,H,14,7,9,1,16,8,6,3,0,0,0,0
27/11/2020,20:00:00,Valladolid,Levante,1,1,D,0,0,D,10,10,4,3,18,11,3,11,0,3,0,0
27/11/2020,20:00:00,Valladolid,Levante,1,1,D,0,0,D,10,10,4,3,18,11,3,11,0,3,0,0
28/11/2020,13:00:00,Elche,Cadiz,1,1,D,1,0,H,4,7,3,2,16,15,1,9,6,2,1,0
28/11/2020,15:15:00,Valencia,Ath Madrid,0,1,A,0,0,D,5,14,2,6,12,15,2,7,2,5,0,0
28/11/2020,17:30:00,Huesca,Sevilla,0,1,A,0,0,D,5,16,1,4,14,9,1,10,4,3,0,0
28/11/2020,20:00:00,Real Madrid,Alaves,1,2,A,0,1,A,20,11,9,6,8,17,12,9,2,3,0,0
28/11/2020,13:00:00,Elche,Cadiz,1,1,D,1,0,H,4,7,3,2,16,15,1,9,6,2,1,0
28/11/2020,15:15:00,Valencia,Ath Madrid,0,1,A,0,0,D,5,14,2,6,12,15,2,7,2,5,0,0
28/11/2020,17:30:00,Huesca,Sevilla,0,1,A,0,0,D,5,16,1,4,14,9,1,10,4,3,0,0
28/11/2020,20:00:00,Real Madrid,Alaves,1,2,A,0,1,A,20,11,9,6,8,17,12,9,2,3,0,0
29/11/2020,13:00:00,Barcelona,Osasuna,4,0,H,2,0,H,20,10,11,5,8,12,5,3,1,0,0,0
29/11/2020,15:15:00,Getafe,Ath Bilbao,1,1,D,0,1,A,11,5,3,2,16,23,3,2,2,4,0,0
29/11/2020,17:30:00,Celta,Granada,3,1,H,1,1,D,17,9,8,2,14,13,8,0,4,3,1,0
29/11/2020,20:00:00,Sociedad,Villarreal,1,1,D,1,1,D,8,10,4,2,18,12,4,4,5,3,0,0
29/11/2020,13:00:00,Barcelona,Osasuna,4,0,H,2,0,H,20,10,11,5,8,12,5,3,1,0,0,0
29/11/2020,15:15:00,Getafe,Ath Bilbao,1,1,D,0,1,A,11,5,3,2,16,23,3,2,2,4,0,0
29/11/2020,17:30:00,Celta,Granada,3,1,H,1,1,D,17,9,8,2,14,13,8,0,4,3,1,0
29/11/2020,20:00:00,Sociedad,Villarreal,1,1,D,1,1,D,8,10,4,2,18,12,4,4,5,3,0,0
30/11/2020,20:00:00,Betis,Eibar,0,2,A,0,0,D,7,11,3,6,13,14,6,2,2,1,0,0
30/11/2020,20:00:00,Betis,Eibar,0,2,A,0,0,D,7,11,3,6,13,14,6,2,2,1,0,0
04/12/2020,20:00:00,Ath Bilbao,Celta,0,2,A,0,0,D,10,6,0,4,7,15,4,5,2,1,0,0
04/12/2020,20:00:00,Ath Bilbao,Celta,0,2,A,0,0,D,10,6,0,4,7,15,4,5,2,1,0,0
05/12/2020,13:00:00,Levante,Getafe,3,0,H,2,0,H,12,9,8,0,12,13,5,5,2,7,0,2
05/12/2020,15:15:00,Sevilla,Real Madrid,0,1,A,0,0,D,12,10,2,3,15,20,4,3,1,3,0,0
05/12/2020,17:30:00,Ath Madrid,Valladolid,2,0,H,0,0,D,15,13,4,3,10,10,4,4,4,2,0,0
05/12/2020,20:00:00,Cadiz,Barcelona,2,1,H,1,0,H,7,21,3,8,10,7,5,13,0,2,0,0
05/12/2020,13:00:00,Levante,Getafe,3,0,H,2,0,H,12,9,8,0,12,13,5,5,2,7,0,2
05/12/2020,15:15:00,Sevilla,Real Madrid,0,1,A,0,0,D,12,10,2,3,15,20,4,3,1,3,0,0
05/12/2020,17:30:00,Ath Madrid,Valladolid,2,0,H,0,0,D,15,13,4,3,10,10,4,4,4,2,0,0
05/12/2020,20:00:00,Cadiz,Barcelona,2,1,H,1,0,H,7,21,3,8,10,7,5,13,0,2,0,0
06/12/2020,13:00:00,Granada,Huesca,3,3,D,1,1,D,15,16,6,7,12,16,4,2,2,0,0,0
06/12/2020,15:15:00,Osasuna,Betis,0,2,A,0,0,D,10,12,0,5,16,12,2,5,3,2,0,0
06/12/2020,17:30:00,Villarreal,Elche,0,0,D,0,0,D,12,3,3,0,16,13,4,0,3,2,0,0
06/12/2020,20:00:00,Alaves,Sociedad,0,0,D,0,0,D,5,13,1,5,3,11,2,3,1,0,1,0
06/12/2020,13:00:00,Granada,Huesca,3,3,D,1,1,D,15,16,6,7,12,16,4,2,2,0,0,0
06/12/2020,15:15:00,Osasuna,Betis,0,2,A,0,0,D,10,12,0,5,16,12,2,5,3,2,0,0
06/12/2020,17:30:00,Villarreal,Elche,0,0,D,0,0,D,12,3,3,0,16,13,4,0,3,2,0,0
06/12/2020,20:00:00,Alaves,Sociedad,0,0,D,0,0,D,5,13,1,5,3,11,2,3,1,0,1,0
07/12/2020,20:00:00,Eibar,Valencia,0,0,D,0,0,D,19,6,3,4,15,10,8,0,3,2,0,0
07/12/2020,20:00:00,Eibar,Valencia,0,0,D,0,0,D,19,6,3,4,15,10,8,0,3,2,0,0
11/12/2020,20:00:00,Valladolid,Osasuna,3,2,H,1,2,A,11,13,6,6,14,18,3,3,4,5,0,0
11/12/2020,20:00:00,Valladolid,Osasuna,3,2,H,1,2,A,11,13,6,6,14,18,3,3,4,5,0,0
12/12/2020,13:00:00,Valencia,Ath Bilbao,2,2,D,1,0,H,11,13,2,5,19,16,0,10,2,6,0,0
12/12/2020,15:15:00,Getafe,Sevilla,0,1,A,0,0,D,8,8,2,0,14,13,5,3,2,3,0,0
12/12/2020,17:30:00,Huesca,Alaves,1,0,H,0,0,D,11,3,3,1,14,20,5,2,1,4,0,0
12/12/2020,20:00:00,Real Madrid,Ath Madrid,2,0,H,1,0,H,11,5,3,1,7,16,3,6,1,3,0,0
12/12/2020,13:00:00,Valencia,Ath Bilbao,2,2,D,1,0,H,11,13,2,5,19,16,0,10,2,6,0,0
12/12/2020,15:15:00,Getafe,Sevilla,0,1,A,0,0,D,8,8,2,0,14,13,5,3,2,3,0,0
12/12/2020,17:30:00,Huesca,Alaves,1,0,H,0,0,D,11,3,3,1,14,20,5,2,1,4,0,0
12/12/2020,20:00:00,Real Madrid,Ath Madrid,2,0,H,1,0,H,11,5,3,1,7,16,3,6,1,3,0,0
13/12/2020,13:00:00,Sociedad,Eibar,1,1,D,1,0,H,8,16,2,4,14,11,5,4,4,3,0,0
13/12/2020,15:15:00,Betis,Villarreal,1,1,D,0,1,A,11,7,5,2,13,14,4,8,2,3,0,0
13/12/2020,17:30:00,Elche,Granada,0,1,A,0,1,A,9,13,1,5,16,15,6,5,4,2,0,0
13/12/2020,20:00:00,Barcelona,Levante,1,0,H,0,0,D,24,7,13,3,4,15,12,4,2,1,0,0
13/12/2020,13:00:00,Sociedad,Eibar,1,1,D,1,0,H,8,16,2,4,14,11,5,4,4,3,0,0
13/12/2020,15:15:00,Betis,Villarreal,1,1,D,0,1,A,11,7,5,2,13,14,4,8,2,3,0,0
13/12/2020,17:30:00,Elche,Granada,0,1,A,0,1,A,9,13,1,5,16,15,6,5,4,2,0,0
13/12/2020,20:00:00,Barcelona,Levante,1,0,H,0,0,D,24,7,13,3,4,15,12,4,2,1,0,0
14/12/2020,20:00:00,Celta,Cadiz,4,0,H,4,0,H,8,12,5,2,24,9,1,5,2,1,0,0
14/12/2020,20:00:00,Celta,Cadiz,4,0,H,4,0,H,8,12,5,2,24,9,1,5,2,1,0,0
15/12/2020,21:00:00,Real Madrid,Ath Bilbao,3,1,H,1,0,H,18,10,5,4,8,9,6,6,1,3,0,1
15/12/2020,21:00:00,Real Madrid,Ath Bilbao,3,1,H,1,0,H,18,10,5,4,8,9,6,6,1,3,0,1
16/12/2020,20:00:00,Barcelona,Sociedad,2,1,H,2,1,H,14,12,4,5,18,14,2,3,3,3,0,0
16/12/2020,20:00:00,Barcelona,Sociedad,2,1,H,2,1,H,14,12,4,5,18,14,2,3,3,3,0,0
18/12/2020,20:00:00,Ath Bilbao,Huesca,2,0,H,0,0,D,10,6,3,1,9,16,5,5,0,3,0,1
18/12/2020,20:00:00,Ath Bilbao,Huesca,2,0,H,0,0,D,10,6,3,1,9,16,5,5,0,3,0,1
19/12/2020,13:00:00,Ath Madrid,Elche,3,1,H,1,0,H,12,8,6,3,13,14,2,5,1,2,0,0
19/12/2020,15:15:00,Barcelona,Valencia,2,2,D,1,1,D,25,12,9,4,10,14,8,3,4,2,0,0
19/12/2020,17:30:00,Levante,Sociedad,2,1,H,1,1,D,13,15,5,5,19,14,3,4,2,1,0,0
19/12/2020,17:30:00,Osasuna,Villarreal,1,3,A,0,2,A,6,13,1,6,17,16,2,2,2,2,1,0
19/12/2020,20:00:00,Sevilla,Valladolid,1,1,D,1,0,H,14,12,3,5,14,10,7,7,3,4,0,0
19/12/2020,13:00:00,Ath Madrid,Elche,3,1,H,1,0,H,12,8,6,3,13,14,2,5,1,2,0,0
19/12/2020,15:15:00,Barcelona,Valencia,2,2,D,1,1,D,25,12,9,4,10,14,8,3,4,2,0,0
19/12/2020,17:30:00,Levante,Sociedad,2,1,H,1,1,D,13,15,5,5,19,14,3,4,2,1,0,0
19/12/2020,17:30:00,Osasuna,Villarreal,1,3,A,0,2,A,6,13,1,6,17,16,2,2,2,2,1,0
19/12/2020,20:00:00,Sevilla,Valladolid,1,1,D,1,0,H,14,12,3,5,14,10,7,7,3,4,0,0
20/12/2020,13:00:00,Celta,Alaves,2,0,H,1,0,H,11,8,3,2,18,12,3,5,2,2,0,0
20/12/2020,15:15:00,Granada,Betis,2,0,H,2,0,H,8,14,3,1,21,16,1,10,3,4,0,0
20/12/2020,17:30:00,Cadiz,Getafe,0,2,A,0,1,A,8,6,1,4,6,22,2,4,1,6,0,0
20/12/2020,20:00:00,Eibar,Real Madrid,1,3,A,1,2,A,10,11,3,5,11,7,4,4,1,0,0,0
20/12/2020,13:00:00,Celta,Alaves,2,0,H,1,0,H,11,8,3,2,18,12,3,5,2,2,0,0
20/12/2020,15:15:00,Granada,Betis,2,0,H,2,0,H,8,14,3,1,21,16,1,10,3,4,0,0
20/12/2020,17:30:00,Cadiz,Getafe,0,2,A,0,1,A,8,6,1,4,6,22,2,4,1,6,0,0
20/12/2020,20:00:00,Eibar,Real Madrid,1,3,A,1,2,A,10,11,3,5,11,7,4,4,1,0,0,0
22/12/2020,16:30:00,Elche,Osasuna,2,2,D,0,1,A,7,15,2,6,8,17,4,4,1,2,0,1
22/12/2020,16:30:00,Valencia,Sevilla,0,1,A,0,0,D,10,19,4,3,11,17,3,5,3,2,0,0
22/12/2020,18:45:00,Huesca,Levante,1,1,D,1,0,H,11,9,2,1,10,17,10,3,2,3,0,0
22/12/2020,18:45:00,Sociedad,Ath Madrid,0,2,A,0,0,D,6,8,1,3,20,17,5,5,3,3,0,0
22/12/2020,21:00:00,Valladolid,Barcelona,0,3,A,0,2,A,12,21,5,10,12,10,4,5,1,2,0,0
22/12/2020,21:00:00,Villarreal,Ath Bilbao,1,1,D,0,1,A,17,9,6,3,10,18,6,4,1,1,0,0
22/12/2020,16:30:00,Elche,Osasuna,2,2,D,0,1,A,7,15,2,6,8,17,4,4,1,2,0,1
22/12/2020,16:30:00,Valencia,Sevilla,0,1,A,0,0,D,10,19,4,3,11,17,3,5,3,2,0,0
22/12/2020,18:45:00,Huesca,Levante,1,1,D,1,0,H,11,9,2,1,10,17,10,3,2,3,0,0
22/12/2020,18:45:00,Sociedad,Ath Madrid,0,2,A,0,0,D,6,8,1,3,20,17,5,5,3,3,0,0
22/12/2020,21:00:00,Valladolid,Barcelona,0,3,A,0,2,A,12,21,5,10,12,10,4,5,1,2,0,0
22/12/2020,21:00:00,Villarreal,Ath Bilbao,1,1,D,0,1,A,17,9,6,3,10,18,6,4,1,1,0,0
23/12/2020,16:30:00,Getafe,Celta,1,1,D,1,1,D,6,2,3,1,17,16,1,4,3,3,0,0
23/12/2020,18:45:00,Real Madrid,Granada,2,0,H,0,0,D,23,10,6,1,13,11,8,1,2,1,0,0
23/12/2020,21:00:00,Alaves,Eibar,2,1,H,2,1,H,13,8,3,4,10,14,2,7,4,2,0,0
23/12/2020,21:00:00,Betis,Cadiz,1,0,H,0,0,D,6,6,1,3,18,9,5,5,1,1,0,0
23/12/2020,16:30:00,Getafe,Celta,1,1,D,1,1,D,6,2,3,1,17,16,1,4,3,3,0,0
23/12/2020,18:45:00,Real Madrid,Granada,2,0,H,0,0,D,23,10,6,1,13,11,8,1,2,1,0,0
23/12/2020,21:00:00,Alaves,Eibar,2,1,H,2,1,H,13,8,3,4,10,14,2,7,4,2,0,0
23/12/2020,21:00:00,Betis,Cadiz,1,0,H,0,0,D,6,6,1,3,18,9,5,5,1,1,0,0
29/12/2020,16:00:00,Sevilla,Villarreal,2,0,H,1,0,H,10,6,3,2,13,14,4,7,1,4,0,0
29/12/2020,18:15:00,Barcelona,Eibar,1,1,D,0,0,D,16,9,5,3,6,15,5,7,0,2,0,0
29/12/2020,20:30:00,Cadiz,Valladolid,0,0,D,0,0,D,8,7,3,1,14,13,1,6,3,2,0,0
29/12/2020,20:30:00,Levante,Betis,4,3,H,3,1,H,10,19,5,7,9,14,3,6,3,2,1,0
29/12/2020,16:00:00,Sevilla,Villarreal,2,0,H,1,0,H,10,6,3,2,13,14,4,7,1,4,0,0
29/12/2020,18:15:00,Barcelona,Eibar,1,1,D,0,0,D,16,9,5,3,6,15,5,7,0,2,0,0
29/12/2020,20:30:00,Cadiz,Valladolid,0,0,D,0,0,D,8,7,3,1,14,13,1,6,3,2,0,0
29/12/2020,20:30:00,Levante,Betis,4,3,H,3,1,H,10,19,5,7,9,14,3,6,3,2,1,0
30/12/2020,16:00:00,Granada,Valencia,2,1,H,1,1,D,24,16,5,6,16,15,6,6,4,4,1,2
30/12/2020,18:15:00,Ath Madrid,Getafe,1,0,H,1,0,H,10,10,3,2,7,12,5,2,2,3,0,0
30/12/2020,18:15:00,Celta,Huesca,2,1,H,1,0,H,15,17,6,6,19,8,0,5,2,0,0,0
30/12/2020,20:30:00,Elche,Real Madrid,1,1,D,0,1,A,6,14,3,6,8,18,2,3,1,4,0,0
30/12/2020,16:00:00,Granada,Valencia,2,1,H,1,1,D,24,16,5,6,16,15,6,6,4,4,1,2
30/12/2020,18:15:00,Ath Madrid,Getafe,1,0,H,1,0,H,10,10,3,2,7,12,5,2,2,3,0,0
30/12/2020,18:15:00,Celta,Huesca,2,1,H,1,0,H,15,17,6,6,19,8,0,5,2,0,0,0
30/12/2020,20:30:00,Elche,Real Madrid,1,1,D,0,1,A,6,14,3,6,8,18,2,3,1,4,0,0
31/12/2020,13:00:00,Ath Bilbao,Sociedad,0,1,A,0,1,A,4,13,0,3,23,18,2,4,5,4,0,0
31/12/2020,15:15:00,Osasuna,Alaves,1,1,D,0,0,D,8,15,3,1,12,9,5,4,3,4,1,0
31/12/2020,13:00:00,Ath Bilbao,Sociedad,0,1,A,0,1,A,4,13,0,3,23,18,2,4,5,4,0,0
31/12/2020,15:15:00,Osasuna,Alaves,1,1,D,0,0,D,8,15,3,1,12,9,5,4,3,4,1,0
02/01/2021,13:00:00,Villarreal,Levante,2,1,H,1,0,H,12,9,7,2,12,11,3,5,1,1,0,0
02/01/2021,15:15:00,Betis,Sevilla,1,1,D,0,0,D,16,6,3,2,15,18,2,1,5,2,0,0
02/01/2021,17:30:00,Getafe,Valladolid,0,1,A,0,1,A,11,8,4,2,13,13,5,9,3,2,0,0
02/01/2021,20:00:00,Real Madrid,Celta,2,0,H,1,0,H,9,6,2,1,14,14,1,5,4,2,0,0
02/01/2021,13:00:00,Villarreal,Levante,2,1,H,1,0,H,12,9,7,2,12,11,3,5,1,1,0,0
02/01/2021,15:15:00,Betis,Sevilla,1,1,D,0,0,D,16,6,3,2,15,18,2,1,5,2,0,0
02/01/2021,17:30:00,Getafe,Valladolid,0,1,A,0,1,A,11,8,4,2,13,13,5,9,3,2,0,0
02/01/2021,20:00:00,Real Madrid,Celta,2,0,H,1,0,H,9,6,2,1,14,14,1,5,4,2,0,0
03/01/2021,13:00:00,Ath Bilbao,Elche,1,0,H,1,0,H,13,5,2,2,15,13,5,4,2,1,0,0
03/01/2021,15:15:00,Alaves,Ath Madrid,1,2,A,0,1,A,4,8,1,4,14,12,1,5,0,2,1,0
03/01/2021,17:30:00,Eibar,Granada,2,0,H,0,0,D,15,6,7,3,10,9,4,2,2,1,0,0
03/01/2021,17:30:00,Sociedad,Osasuna,1,1,D,0,1,A,8,6,2,2,15,8,7,2,1,1,0,0
03/01/2021,20:00:00,Huesca,Barcelona,0,1,A,0,1,A,4,20,4,7,12,11,2,6,1,0,0,0
03/01/2021,13:00:00,Ath Bilbao,Elche,1,0,H,1,0,H,13,5,2,2,15,13,5,4,2,1,0,0
03/01/2021,15:15:00,Alaves,Ath Madrid,1,2,A,0,1,A,4,8,1,4,14,12,1,5,0,2,1,0
03/01/2021,17:30:00,Eibar,Granada,2,0,H,0,0,D,15,6,7,3,10,9,4,2,2,1,0,0
03/01/2021,17:30:00,Sociedad,Osasuna,1,1,D,0,1,A,8,6,2,2,15,8,7,2,1,1,0,0
03/01/2021,20:00:00,Huesca,Barcelona,0,1,A,0,1,A,4,20,4,7,12,11,2,6,1,0,0,0
04/01/2021,20:00:00,Valencia,Cadiz,1,1,D,0,0,D,11,9,4,2,11,17,9,7,2,2,0,0
04/01/2021,20:00:00,Valencia,Cadiz,1,1,D,0,0,D,11,9,4,2,11,17,9,7,2,2,0,0
06/01/2021,20:00:00,Ath Bilbao,Barcelona,2,3,A,1,2,A,8,13,3,9,10,6,3,4,2,1,0,0
06/01/2021,20:00:00,Ath Bilbao,Barcelona,2,3,A,1,2,A,8,13,3,9,10,6,3,4,2,1,0,0
08/01/2021,20:00:00,Celta,Villarreal,0,4,A,0,4,A,8,15,3,6,15,18,3,4,1,0,0,0
08/01/2021,20:00:00,Celta,Villarreal,0,4,A,0,4,A,8,15,3,6,15,18,3,4,1,0,0,0
09/01/2021,13:00:00,Sevilla,Sociedad,3,2,H,2,2,D,12,10,7,4,8,18,2,9,0,3,0,0
09/01/2021,17:30:00,Granada,Barcelona,0,4,A,0,3,A,8,13,4,4,16,3,4,1,2,3,1,0
09/01/2021,20:00:00,Osasuna,Real Madrid,0,0,D,0,0,D,8,9,2,1,9,3,2,4,0,0,0,0
09/01/2021,13:00:00,Sevilla,Sociedad,3,2,H,2,2,D,12,10,7,4,8,18,2,9,0,3,0,0
09/01/2021,17:30:00,Granada,Barcelona,0,4,A,0,3,A,8,13,4,4,16,3,4,1,2,3,1,0
09/01/2021,20:00:00,Osasuna,Real Madrid,0,0,D,0,0,D,8,9,2,1,9,3,2,4,0,0,0,0
10/01/2021,13:00:00,Levante,Eibar,2,1,H,0,0,D,4,17,2,4,12,8,4,9,2,0,0,0
10/01/2021,15:15:00,Cadiz,Alaves,3,1,H,1,1,D,10,5,7,2,17,10,4,1,1,4,0,1
10/01/2021,20:00:00,Valladolid,Valencia,0,1,A,0,0,D,11,17,4,6,14,14,0,4,2,3,0,0
10/01/2021,13:00:00,Levante,Eibar,2,1,H,0,0,D,4,17,2,4,12,8,4,9,2,0,0,0
10/01/2021,15:15:00,Cadiz,Alaves,3,1,H,1,1,D,10,5,7,2,17,10,4,1,1,4,0,1
10/01/2021,20:00:00,Valladolid,Valencia,0,1,A,0,0,D,11,17,4,6,14,14,0,4,2,3,0,0
11/01/2021,18:00:00,Elche,Getafe,1,3,A,1,1,D,7,14,4,7,14,16,1,7,4,2,1,0
11/01/2021,20:00:00,Huesca,Betis,0,2,A,0,0,D,10,15,3,5,12,13,3,6,2,2,0,1
11/01/2021,18:00:00,Elche,Getafe,1,3,A,1,1,D,7,14,4,7,14,16,1,7,4,2,1,0
11/01/2021,20:00:00,Huesca,Betis,0,2,A,0,0,D,10,15,3,5,12,13,3,6,2,2,0,1
12/01/2021,18:00:00,Granada,Osasuna,2,0,H,2,0,H,9,15,2,3,16,17,4,4,1,4,0,0
12/01/2021,20:30:00,Ath Madrid,Sevilla,2,0,H,1,0,H,5,13,4,2,14,11,3,12,2,0,0,0
12/01/2021,18:00:00,Granada,Osasuna,2,0,H,2,0,H,9,15,2,3,16,17,4,4,1,4,0,0
12/01/2021,20:30:00,Ath Madrid,Sevilla,2,0,H,1,0,H,5,13,4,2,14,11,3,12,2,0,0,0
19/01/2021,18:00:00,Cadiz,Levante,2,2,D,2,2,D,8,8,2,5,13,11,5,2,3,1,0,0
19/01/2021,18:00:00,Valladolid,Elche,2,2,D,0,2,A,13,9,2,3,14,19,4,5,1,3,1,0
19/01/2021,20:30:00,Alaves,Sevilla,1,2,A,1,2,A,12,7,3,3,15,14,3,2,3,3,0,0
19/01/2021,18:00:00,Cadiz,Levante,2,2,D,2,2,D,8,8,2,5,13,11,5,2,3,1,0,0
19/01/2021,18:00:00,Valladolid,Elche,2,2,D,0,2,A,13,9,2,3,14,19,4,5,1,3,1,0
19/01/2021,20:30:00,Alaves,Sevilla,1,2,A,1,2,A,12,7,3,3,15,14,3,2,3,3,0,0
20/01/2021,18:00:00,Getafe,Huesca,1,0,H,0,0,D,12,15,5,3,15,14,3,8,2,4,0,0
20/01/2021,20:00:00,Betis,Celta,2,1,H,2,1,H,12,10,4,3,13,15,5,6,2,3,0,0
20/01/2021,20:30:00,Villarreal,Granada,2,2,D,1,1,D,9,3,3,2,11,11,3,0,2,4,0,1
20/01/2021,18:00:00,Getafe,Huesca,1,0,H,0,0,D,12,15,5,3,15,14,3,8,2,4,0,0
20/01/2021,20:00:00,Betis,Celta,2,1,H,2,1,H,12,10,4,3,13,15,5,6,2,3,0,0
20/01/2021,20:30:00,Villarreal,Granada,2,2,D,1,1,D,9,3,3,2,11,11,3,0,2,4,0,1
21/01/2021,18:00:00,Valencia,Osasuna,1,1,D,0,1,A,10,14,3,5,8,17,9,4,1,3,0,0
21/01/2021,20:30:00,Eibar,Ath Madrid,1,2,A,1,1,D,12,9,2,4,24,9,3,3,2,2,0,0
21/01/2021,18:00:00,Valencia,Osasuna,1,1,D,0,1,A,10,14,3,5,8,17,9,4,1,3,0,0
21/01/2021,20:30:00,Eibar,Ath Madrid,1,2,A,1,1,D,12,9,2,4,24,9,3,3,2,2,0,0
22/01/2021,20:00:00,Levante,Valladolid,2,2,D,0,0,D,11,7,3,3,16,12,8,2,0,1,0,0
22/01/2021,20:00:00,Levante,Valladolid,2,2,D,0,0,D,11,7,3,3,16,12,8,2,0,1,0,0
23/01/2021,13:00:00,Huesca,Villarreal,0,0,D,0,0,D,5,8,1,2,9,15,1,2,3,1,0,0
23/01/2021,15:15:00,Sevilla,Cadiz,3,0,H,2,0,H,15,9,7,3,12,6,7,6,1,3,0,0
23/01/2021,17:30:00,Sociedad,Betis,2,2,D,0,0,D,12,7,6,4,14,13,8,3,2,2,0,0
23/01/2021,20:00:00,Alaves,Real Madrid,1,4,A,0,3,A,14,10,4,7,16,7,4,4,5,3,0,0
23/01/2021,13:00:00,Huesca,Villarreal,0,0,D,0,0,D,5,8,1,2,9,15,1,2,3,1,0,0
23/01/2021,15:15:00,Sevilla,Cadiz,3,0,H,2,0,H,15,9,7,3,12,6,7,6,1,3,0,0
23/01/2021,17:30:00,Sociedad,Betis,2,2,D,0,0,D,12,7,6,4,14,13,8,3,2,2,0,0
23/01/2021,20:00:00,Alaves,Real Madrid,1,4,A,0,3,A,14,10,4,7,16,7,4,4,5,3,0,0
24/01/2021,13:00:00,Osasuna,Granada,3,1,H,2,0,H,7,12,4,1,15,15,1,5,5,4,1,0
24/01/2021,15:15:00,Elche,Barcelona,0,2,A,0,1,A,4,15,2,8,15,9,0,7,0,2,0,0
24/01/2021,17:30:00,Celta,Eibar,1,1,D,1,0,H,7,9,4,2,10,16,0,6,4,3,0,0
24/01/2021,20:00:00,Ath Madrid,Valencia,3,1,H,1,1,D,14,8,5,4,11,14,7,7,2,0,0,0
24/01/2021,13:00:00,Osasuna,Granada,3,1,H,2,0,H,7,12,4,1,15,15,1,5,5,4,1,0
24/01/2021,15:15:00,Elche,Barcelona,0,2,A,0,1,A,4,15,2,8,15,9,0,7,0,2,0,0
24/01/2021,17:30:00,Celta,Eibar,1,1,D,1,0,H,7,9,4,2,10,16,0,6,4,3,0,0
24/01/2021,20:00:00,Ath Madrid,Valencia,3,1,H,1,1,D,14,8,5,4,11,14,7,7,2,0,0,0
25/01/2021,20:00:00,Ath Bilbao,Getafe,5,1,H,1,1,D,11,6,8,2,13,18,4,4,4,4,0,0
25/01/2021,20:00:00,Ath Bilbao,Getafe,5,1,H,1,1,D,11,6,8,2,13,18,4,4,4,4,0,0
29/01/2021,20:00:00,Valladolid,Huesca,1,3,A,0,1,A,14,11,4,5,12,12,6,7,2,2,0,0
29/01/2021,20:00:00,Valladolid,Huesca,1,3,A,0,1,A,14,11,4,5,12,12,6,7,2,2,0,0
30/01/2021,13:00:00,Eibar,Sevilla,0,2,A,0,1,A,17,7,6,4,10,12,6,2,4,3,0,0
30/01/2021,15:15:00,Real Madrid,Levante,1,2,A,1,1,D,8,14,2,8,9,20,3,7,1,2,1,0
30/01/2021,17:30:00,Valencia,Elche,1,0,H,1,0,H,14,10,4,1,18,15,4,10,1,7,0,0
30/01/2021,20:00:00,Villarreal,Sociedad,1,1,D,1,0,H,4,12,2,3,10,17,1,7,1,3,0,0
30/01/2021,13:00:00,Eibar,Sevilla,0,2,A,0,1,A,17,7,6,4,10,12,6,2,4,3,0,0
30/01/2021,15:15:00,Real Madrid,Levante,1,2,A,1,1,D,8,14,2,8,9,20,3,7,1,2,1,0
30/01/2021,17:30:00,Valencia,Elche,1,0,H,1,0,H,14,10,4,1,18,15,4,10,1,7,0,0
30/01/2021,20:00:00,Villarreal,Sociedad,1,1,D,1,0,H,4,12,2,3,10,17,1,7,1,3,0,0
31/01/2021,13:00:00,Getafe,Alaves,0,0,D,0,0,D,5,5,1,1,20,17,5,2,3,3,0,0
31/01/2021,15:15:00,Cadiz,Ath Madrid,2,4,A,1,2,A,11,9,6,4,7,7,2,2,1,5,0,0
31/01/2021,17:30:00,Granada,Celta,0,0,D,0,0,D,10,7,5,1,16,19,6,5,2,4,0,0
31/01/2021,20:00:00,Barcelona,Ath Bilbao,2,1,H,1,0,H,12,7,6,2,12,20,7,3,2,3,0,0
31/01/2021,13:00:00,Getafe,Alaves,0,0,D,0,0,D,5,5,1,1,20,17,5,2,3,3,0,0
31/01/2021,15:15:00,Cadiz,Ath Madrid,2,4,A,1,2,A,11,9,6,4,7,7,2,2,1,5,0,0
31/01/2021,17:30:00,Granada,Celta,0,0,D,0,0,D,10,7,5,1,16,19,6,5,2,4,0,0
31/01/2021,20:00:00,Barcelona,Ath Bilbao,2,1,H,1,0,H,12,7,6,2,12,20,7,3,2,3,0,0
01/02/2021,20:00:00,Betis,Osasuna,1,0,H,0,0,D,8,15,4,5,12,6,3,4,1,1,0,0
01/02/2021,20:00:00,Betis,Osasuna,1,0,H,0,0,D,8,15,4,5,12,6,3,4,1,1,0,0
05/02/2021,20:00:00,Alaves,Valladolid,1,0,H,0,0,D,20,3,5,1,11,17,11,1,4,4,0,0
05/02/2021,20:00:00,Alaves,Valladolid,1,0,H,0,0,D,20,3,5,1,11,17,11,1,4,4,0,0
06/02/2021,13:00:00,Levante,Granada,2,2,D,1,1,D,11,11,7,5,12,13,6,2,1,3,0,0
06/02/2021,15:15:00,Huesca,Real Madrid,1,2,A,0,0,D,13,18,2,7,18,9,3,10,2,1,0,0
06/02/2021,17:30:00,Elche,Villarreal,2,2,D,0,2,A,8,9,2,4,17,5,4,2,1,2,0,0
06/02/2021,20:00:00,Sevilla,Getafe,3,0,H,0,0,D,17,5,5,1,10,11,3,1,1,4,0,1
06/02/2021,13:00:00,Levante,Granada,2,2,D,1,1,D,11,11,7,5,12,13,6,2,1,3,0,0
06/02/2021,15:15:00,Huesca,Real Madrid,1,2,A,0,0,D,13,18,2,7,18,9,3,10,2,1,0,0
06/02/2021,17:30:00,Elche,Villarreal,2,2,D,0,2,A,8,9,2,4,17,5,4,2,1,2,0,0
06/02/2021,20:00:00,Sevilla,Getafe,3,0,H,0,0,D,17,5,5,1,10,11,3,1,1,4,0,1
07/02/2021,13:00:00,Sociedad,Cadiz,4,1,H,2,0,H,17,2,6,1,7,7,5,1,0,2,0,1
07/02/2021,15:15:00,Ath Bilbao,Valencia,1,1,D,1,0,H,11,15,2,2,10,8,6,6,2,1,0,0
07/02/2021,17:30:00,Osasuna,Eibar,2,1,H,1,1,D,12,12,4,3,10,11,2,1,0,0,0,0
07/02/2021,20:00:00,Betis,Barcelona,2,3,A,1,0,H,8,12,5,4,21,7,3,5,1,3,0,0
07/02/2021,13:00:00,Sociedad,Cadiz,4,1,H,2,0,H,17,2,6,1,7,7,5,1,0,2,0,1
07/02/2021,15:15:00,Ath Bilbao,Valencia,1,1,D,1,0,H,11,15,2,2,10,8,6,6,2,1,0,0
07/02/2021,17:30:00,Osasuna,Eibar,2,1,H,1,1,D,12,12,4,3,10,11,2,1,0,0,0,0
07/02/2021,20:00:00,Betis,Barcelona,2,3,A,1,0,H,8,12,5,4,21,7,3,5,1,3,0,0
08/02/2021,20:00:00,Ath Madrid,Celta,2,2,D,1,1,D,9,7,2,2,12,17,1,4,2,2,0,0
08/02/2021,20:00:00,Ath Madrid,Celta,2,2,D,1,1,D,9,7,2,2,12,17,1,4,2,2,0,0
09/02/2021,20:00:00,Real Madrid,Getafe,2,0,H,0,0,D,14,1,4,0,8,16,8,1,1,1,0,0
09/02/2021,20:00:00,Real Madrid,Getafe,2,0,H,0,0,D,14,1,4,0,8,16,8,1,1,1,0,0
12/02/2021,20:00:00,Celta,Elche,3,1,H,2,0,H,9,7,6,2,11,15,3,6,3,2,0,0
12/02/2021,20:00:00,Celta,Elche,3,1,H,2,0,H,9,7,6,2,11,15,3,6,3,2,0,0
13/02/2021,13:00:00,Granada,Ath Madrid,1,2,A,0,0,D,6,10,1,4,14,20,7,3,0,5,0,0
13/02/2021,15:15:00,Sevilla,Huesca,1,0,H,0,0,D,14,9,4,5,14,15,6,6,3,4,0,0
13/02/2021,17:30:00,Eibar,Valladolid,1,1,D,1,1,D,14,5,2,1,15,12,7,3,2,3,0,0
13/02/2021,20:00:00,Barcelona,Alaves,5,1,H,2,0,H,17,6,9,2,10,14,5,4,0,2,0,0
13/02/2021,13:00:00,Granada,Ath Madrid,1,2,A,0,0,D,6,10,1,4,14,20,7,3,0,5,0,0
13/02/2021,15:15:00,Sevilla,Huesca,1,0,H,0,0,D,14,9,4,5,14,15,6,6,3,4,0,0
13/02/2021,17:30:00,Eibar,Valladolid,1,1,D,1,1,D,14,5,2,1,15,12,7,3,2,3,0,0
13/02/2021,20:00:00,Barcelona,Alaves,5,1,H,2,0,H,17,6,9,2,10,14,5,4,0,2,0,0
14/02/2021,13:00:00,Getafe,Sociedad,0,1,A,0,1,A,4,3,0,2,23,19,2,5,3,3,1,0
14/02/2021,15:15:00,Real Madrid,Valencia,2,0,H,2,0,H,16,4,7,1,13,12,6,1,0,3,0,0
14/02/2021,17:30:00,Levante,Osasuna,0,1,A,0,0,D,13,7,4,2,13,10,2,1,1,2,0,0
14/02/2021,20:00:00,Villarreal,Betis,1,2,A,0,1,A,9,15,5,4,19,13,7,3,3,2,0,0
14/02/2021,13:00:00,Getafe,Sociedad,0,1,A,0,1,A,4,3,0,2,23,19,2,5,3,3,1,0
14/02/2021,15:15:00,Real Madrid,Valencia,2,0,H,2,0,H,16,4,7,1,13,12,6,1,0,3,0,0
14/02/2021,17:30:00,Levante,Osasuna,0,1,A,0,0,D,13,7,4,2,13,10,2,1,1,2,0,0
14/02/2021,20:00:00,Villarreal,Betis,1,2,A,0,1,A,9,15,5,4,19,13,7,3,3,2,0,0
15/02/2021,20:00:00,Cadiz,Ath Bilbao,0,4,A,0,3,A,11,13,2,8,15,13,5,8,3,2,0,0
15/02/2021,20:00:00,Cadiz,Ath Bilbao,0,4,A,0,3,A,11,13,2,8,15,13,5,8,3,2,0,0
17/02/2021,18:00:00,Levante,Ath Madrid,1,1,D,1,1,D,7,14,4,6,10,10,1,8,1,3,0,0
17/02/2021,18:00:00,Levante,Ath Madrid,1,1,D,1,1,D,7,14,4,6,10,10,1,8,1,3,0,0
19/02/2021,20:00:00,Betis,Getafe,1,0,H,0,0,D,12,6,5,1,17,18,5,2,5,4,1,0
19/02/2021,20:00:00,Betis,Getafe,1,0,H,0,0,D,12,6,5,1,17,18,5,2,5,4,1,0
20/02/2021,13:00:00,Elche,Eibar,1,0,H,1,0,H,6,13,2,3,16,9,1,4,2,1,0,0
20/02/2021,15:15:00,Ath Madrid,Levante,0,2,A,0,1,A,28,6,11,1,10,15,12,2,2,3,0,0
20/02/2021,17:30:00,Valencia,Celta,2,0,H,0,0,D,10,5,3,2,9,19,6,1,2,3,0,1
20/02/2021,20:00:00,Valladolid,Real Madrid,0,1,A,0,0,D,9,10,5,2,13,11,4,5,4,2,0,0
20/02/2021,13:00:00,Elche,Eibar,1,0,H,1,0,H,6,13,2,3,16,9,1,4,2,1,0,0
20/02/2021,15:15:00,Ath Madrid,Levante,0,2,A,0,1,A,28,6,11,1,10,15,12,2,2,3,0,0
20/02/2021,17:30:00,Valencia,Celta,2,0,H,0,0,D,10,5,3,2,9,19,6,1,2,3,0,1
20/02/2021,20:00:00,Valladolid,Real Madrid,0,1,A,0,0,D,9,10,5,2,13,11,4,5,4,2,0,0
21/02/2021,13:00:00,Barcelona,Cadiz,1,1,D,1,0,H,20,3,4,1,13,12,8,0,0,2,0,0
21/02/2021,15:15:00,Sociedad,Alaves,4,0,H,1,0,H,8,7,4,2,17,16,4,3,3,2,0,0
21/02/2021,17:30:00,Huesca,Granada,3,2,H,3,1,H,15,8,6,5,13,14,5,2,3,3,0,1
21/02/2021,20:00:00,Ath Bilbao,Villarreal,1,1,D,1,1,D,18,3,8,2,12,12,6,0,2,2,0,0
21/02/2021,13:00:00,Barcelona,Cadiz,1,1,D,1,0,H,20,3,4,1,13,12,8,0,0,2,0,0
21/02/2021,15:15:00,Sociedad,Alaves,4,0,H,1,0,H,8,7,4,2,17,16,4,3,3,2,0,0
21/02/2021,17:30:00,Huesca,Granada,3,2,H,3,1,H,15,8,6,5,13,14,5,2,3,3,0,1
21/02/2021,20:00:00,Ath Bilbao,Villarreal,1,1,D,1,1,D,18,3,8,2,12,12,6,0,2,2,0,0
22/02/2021,20:00:00,Osasuna,Sevilla,0,2,A,0,1,A,6,10,0,5,14,15,3,5,2,2,0,0
22/02/2021,20:00:00,Osasuna,Sevilla,0,2,A,0,1,A,6,10,0,5,14,15,3,5,2,2,0,0
24/02/2021,18:00:00,Barcelona,Elche,3,0,H,0,0,D,9,6,5,1,8,8,6,3,0,0,0,0
24/02/2021,18:00:00,Barcelona,Elche,3,0,H,0,0,D,9,6,5,1,8,8,6,3,0,0,0,0
26/02/2021,20:00:00,Levante,Ath Bilbao,1,1,D,1,0,H,10,11,4,5,11,13,2,10,3,1,0,1
26/02/2021,20:00:00,Levante,Ath Bilbao,1,1,D,1,0,H,10,11,4,5,11,13,2,10,3,1,0,1
27/02/2021,13:00:00,Eibar,Huesca,1,1,D,0,0,D,17,4,3,1,19,11,6,2,2,2,0,0
27/02/2021,15:15:00,Sevilla,Barcelona,0,2,A,0,1,A,4,9,2,5,20,9,3,3,5,2,0,0
27/02/2021,17:30:00,Alaves,Osasuna,0,1,A,0,0,D,4,6,1,3,18,20,5,2,3,4,0,0
27/02/2021,20:00:00,Getafe,Valencia,3,0,H,1,0,H,15,5,4,0,21,12,3,6,5,2,0,1
27/02/2021,13:00:00,Eibar,Huesca,1,1,D,0,0,D,17,4,3,1,19,11,6,2,2,2,0,0
27/02/2021,15:15:00,Sevilla,Barcelona,0,2,A,0,1,A,4,9,2,5,20,9,3,3,5,2,0,0
27/02/2021,17:30:00,Alaves,Osasuna,0,1,A,0,0,D,4,6,1,3,18,20,5,2,3,4,0,0
27/02/2021,20:00:00,Getafe,Valencia,3,0,H,1,0,H,15,5,4,0,21,12,3,6,5,2,0,1
28/02/2021,13:00:00,Celta,Valladolid,1,1,D,0,0,D,11,7,2,3,20,20,3,5,3,5,0,0
28/02/2021,15:15:00,Cadiz,Betis,0,1,A,0,0,D,5,9,3,4,9,13,3,7,1,2,0,0
28/02/2021,17:30:00,Granada,Elche,2,1,H,1,1,D,13,12,4,4,14,12,5,5,3,2,0,0
28/02/2021,20:00:00,Villarreal,Ath Madrid,0,2,A,0,1,A,19,6,6,5,15,19,10,2,2,3,0,0
28/02/2021,13:00:00,Celta,Valladolid,1,1,D,0,0,D,11,7,2,3,20,20,3,5,3,5,0,0
28/02/2021,15:15:00,Cadiz,Betis,0,1,A,0,0,D,5,9,3,4,9,13,3,7,1,2,0,0
28/02/2021,17:30:00,Granada,Elche,2,1,H,1,1,D,13,12,4,4,14,12,5,5,3,2,0,0
28/02/2021,20:00:00,Villarreal,Ath Madrid,0,2,A,0,1,A,19,6,6,5,15,19,10,2,2,3,0,0
01/03/2021,20:00:00,Real Madrid,Sociedad,1,1,D,0,0,D,21,6,2,2,5,10,13,4,0,1,0,0
01/03/2021,20:00:00,Real Madrid,Sociedad,1,1,D,0,0,D,21,6,2,2,5,10,13,4,0,1,0,0
05/03/2021,20:00:00,Valencia,Villarreal,2,1,H,0,1,A,25,10,4,5,12,10,5,3,4,3,0,0
05/03/2021,20:00:00,Valencia,Villarreal,2,1,H,0,1,A,25,10,4,5,12,10,5,3,4,3,0,0
06/03/2021,13:00:00,Valladolid,Getafe,2,1,H,2,1,H,4,9,3,2,16,19,1,6,2,2,0,1
06/03/2021,15:15:00,Elche,Sevilla,2,1,H,0,0,D,6,11,3,3,16,11,6,3,4,0,0,0
06/03/2021,17:30:00,Cadiz,Eibar,1,0,H,1,0,H,6,16,2,1,7,11,0,12,2,2,0,0
06/03/2021,20:00:00,Osasuna,Barcelona,0,2,A,0,1,A,10,13,3,6,4,12,3,4,0,2,0,0
06/03/2021,13:00:00,Valladolid,Getafe,2,1,H,2,1,H,4,9,3,2,16,19,1,6,2,2,0,1
06/03/2021,15:15:00,Elche,Sevilla,2,1,H,0,0,D,6,11,3,3,16,11,6,3,4,0,0,0
06/03/2021,17:30:00,Cadiz,Eibar,1,0,H,1,0,H,6,16,2,1,7,11,0,12,2,2,0,0
06/03/2021,20:00:00,Osasuna,Barcelona,0,2,A,0,1,A,10,13,3,6,4,12,3,4,0,2,0,0
07/03/2021,13:00:00,Huesca,Celta,3,4,A,2,2,D,19,10,7,7,12,21,6,3,0,2,0,0
07/03/2021,15:15:00,Ath Madrid,Real Madrid,1,1,D,1,0,H,11,18,5,8,19,9,1,6,5,1,0,0
07/03/2021,17:30:00,Sociedad,Levante,1,0,H,1,0,H,25,6,8,1,13,14,7,5,0,2,0,0
07/03/2021,20:00:00,Ath Bilbao,Granada,2,1,H,1,0,H,7,13,5,3,10,10,6,9,2,2,0,0
07/03/2021,13:00:00,Huesca,Celta,3,4,A,2,2,D,19,10,7,7,12,21,6,3,0,2,0,0
07/03/2021,15:15:00,Ath Madrid,Real Madrid,1,1,D,1,0,H,11,18,5,8,19,9,1,6,5,1,0,0
07/03/2021,17:30:00,Sociedad,Levante,1,0,H,1,0,H,25,6,8,1,13,14,7,5,0,2,0,0
07/03/2021,20:00:00,Ath Bilbao,Granada,2,1,H,1,0,H,7,13,5,3,10,10,6,9,2,2,0,0
08/03/2021,20:00:00,Betis,Alaves,3,2,H,0,2,A,23,4,8,3,13,11,12,1,0,3,0,0
08/03/2021,20:00:00,Betis,Alaves,3,2,H,0,2,A,23,4,8,3,13,11,12,1,0,3,0,0
10/03/2021,18:00:00,Ath Madrid,Ath Bilbao,2,1,H,1,1,D,11,4,5,2,12,13,5,4,2,2,0,0
10/03/2021,18:00:00,Ath Madrid,Ath Bilbao,2,1,H,1,1,D,11,4,5,2,12,13,5,4,2,2,0,0
12/03/2021,20:00:00,Levante,Valencia,1,0,H,1,0,H,11,11,3,2,17,13,3,3,3,4,0,0
12/03/2021,20:00:00,Levante,Valencia,1,0,H,1,0,H,11,11,3,2,17,13,3,3,3,4,0,0
13/03/2021,13:00:00,Alaves,Cadiz,1,1,D,1,0,H,9,9,3,1,22,6,2,5,3,3,1,0
13/03/2021,15:15:00,Real Madrid,Elche,2,1,H,0,0,D,17,3,4,2,11,16,6,1,1,1,0,0
13/03/2021,17:30:00,Osasuna,Valladolid,0,0,D,0,0,D,14,12,2,2,12,9,7,3,2,3,0,0
13/03/2021,20:00:00,Getafe,Ath Madrid,0,0,D,0,0,D,11,15,2,7,9,17,3,11,1,4,1,0
13/03/2021,13:00:00,Alaves,Cadiz,1,1,D,1,0,H,9,9,3,1,22,6,2,5,3,3,1,0
13/03/2021,15:15:00,Real Madrid,Elche,2,1,H,0,0,D,17,3,4,2,11,16,6,1,1,1,0,0
13/03/2021,17:30:00,Osasuna,Valladolid,0,0,D,0,0,D,14,12,2,2,12,9,7,3,2,3,0,0
13/03/2021,20:00:00,Getafe,Ath Madrid,0,0,D,0,0,D,11,15,2,7,9,17,3,11,1,4,1,0
14/03/2021,13:00:00,Celta,Ath Bilbao,0,0,D,0,0,D,13,6,3,1,20,13,1,3,3,1,0,0
14/03/2021,15:15:00,Granada,Sociedad,1,0,H,0,0,D,7,7,2,1,23,16,4,6,2,3,0,0
14/03/2021,17:30:00,Eibar,Villarreal,1,3,A,0,2,A,16,13,7,8,12,9,7,2,2,2,0,1
14/03/2021,20:00:00,Sevilla,Betis,1,0,H,1,0,H,9,13,3,3,12,14,3,6,3,5,0,0
14/03/2021,13:00:00,Celta,Ath Bilbao,0,0,D,0,0,D,13,6,3,1,20,13,1,3,3,1,0,0
14/03/2021,15:15:00,Granada,Sociedad,1,0,H,0,0,D,7,7,2,1,23,16,4,6,2,3,0,0
14/03/2021,17:30:00,Eibar,Villarreal,1,3,A,0,2,A,16,13,7,8,12,9,7,2,2,2,0,1
14/03/2021,20:00:00,Sevilla,Betis,1,0,H,1,0,H,9,13,3,3,12,14,3,6,3,5,0,0
15/03/2021,20:00:00,Barcelona,Huesca,4,1,H,2,1,H,12,8,5,4,8,13,7,3,0,2,0,0
15/03/2021,20:00:00,Barcelona,Huesca,4,1,H,2,1,H,12,8,5,4,8,13,7,3,0,2,0,0
17/03/2021,18:00:00,Sevilla,Elche,2,0,H,1,0,H,13,11,8,5,9,8,4,1,2,1,0,0
17/03/2021,18:00:00,Sevilla,Elche,2,0,H,1,0,H,13,11,8,5,9,8,4,1,2,1,0,0
19/03/2021,20:00:00,Betis,Levante,2,0,H,0,0,D,15,7,6,1,14,10,4,1,2,0,0,0
19/03/2021,20:00:00,Betis,Levante,2,0,H,0,0,D,15,7,6,1,14,10,4,1,2,0,0,0
20/03/2021,13:00:00,Ath Bilbao,Eibar,1,1,D,1,1,D,18,4,4,2,5,15,10,1,1,1,0,0
20/03/2021,15:15:00,Celta,Real Madrid,1,3,A,1,2,A,8,16,3,4,23,13,1,7,3,4,0,0
20/03/2021,17:30:00,Huesca,Osasuna,0,0,D,0,0,D,15,7,3,2,9,13,5,1,1,2,0,0
20/03/2021,20:00:00,Valladolid,Sevilla,1,1,D,1,0,H,3,12,2,4,17,10,2,8,3,1,0,0
20/03/2021,13:00:00,Ath Bilbao,Eibar,1,1,D,1,1,D,18,4,4,2,5,15,10,1,1,1,0,0
20/03/2021,15:15:00,Celta,Real Madrid,1,3,A,1,2,A,8,16,3,4,23,13,1,7,3,4,0,0
20/03/2021,17:30:00,Huesca,Osasuna,0,0,D,0,0,D,15,7,3,2,9,13,5,1,1,2,0,0
20/03/2021,20:00:00,Valladolid,Sevilla,1,1,D,1,0,H,3,12,2,4,17,10,2,8,3,1,0,0
21/03/2021,13:00:00,Getafe,Elche,1,1,D,0,1,A,12,6,5,2,17,21,4,8,3,7,0,0
21/03/2021,15:15:00,Valencia,Granada,2,1,H,1,0,H,18,15,9,3,11,11,3,4,0,3,0,0
21/03/2021,15:15:00,Villarreal,Cadiz,2,1,H,1,0,H,13,9,4,3,14,6,5,6,3,3,0,0
21/03/2021,17:30:00,Ath Madrid,Alaves,1,0,H,0,0,D,8,9,4,3,17,12,5,5,3,3,0,0
21/03/2021,20:00:00,Sociedad,Barcelona,1,6,A,0,2,A,10,14,5,10,11,12,1,1,3,2,0,0
21/03/2021,13:00:00,Getafe,Elche,1,1,D,0,1,A,12,6,5,2,17,21,4,8,3,7,0,0
21/03/2021,15:15:00,Valencia,Granada,2,1,H,1,0,H,18,15,9,3,11,11,3,4,0,3,0,0
21/03/2021,15:15:00,Villarreal,Cadiz,2,1,H,1,0,H,13,9,4,3,14,6,5,6,3,3,0,0
21/03/2021,17:30:00,Ath Madrid,Alaves,1,0,H,0,0,D,8,9,4,3,17,12,5,5,3,3,0,0
21/03/2021,20:00:00,Sociedad,Barcelona,1,6,A,0,2,A,10,14,5,10,11,12,1,1,3,2,0,0
02/04/2021,20:00:00,Levante,Huesca,0,2,A,0,1,A,13,6,3,2,15,7,8,2,2,2,0,0
02/04/2021,20:00:00,Levante,Huesca,0,2,A,0,1,A,13,6,3,2,15,7,8,2,2,2,0,0
03/04/2021,13:00:00,Granada,Villarreal,0,3,A,0,2,A,6,15,2,6,14,14,3,5,2,2,0,0
03/04/2021,15:15:00,Real Madrid,Eibar,2,0,H,1,0,H,21,10,8,4,6,8,6,9,0,2,0,0
03/04/2021,17:30:00,Osasuna,Getafe,0,0,D,0,0,D,4,6,1,2,23,18,2,4,2,3,0,0
03/04/2021,13:00:00,Granada,Villarreal,0,3,A,0,2,A,6,15,2,6,14,14,3,5,2,2,0,0
03/04/2021,15:15:00,Real Madrid,Eibar,2,0,H,1,0,H,21,10,8,4,6,8,6,9,0,2,0,0
03/04/2021,17:30:00,Osasuna,Getafe,0,0,D,0,0,D,4,6,1,2,23,18,2,4,2,3,0,0
04/04/2021,13:00:00,Alaves,Celta,1,3,A,0,3,A,17,8,7,6,9,21,6,2,4,5,0,1
04/04/2021,15:15:00,Elche,Betis,1,1,D,1,1,D,7,13,3,3,9,15,7,2,1,4,0,0
04/04/2021,17:30:00,Cadiz,Valencia,2,1,H,1,1,D,6,12,2,6,10,7,4,13,2,2,0,0
04/04/2021,20:00:00,Sevilla,Ath Madrid,1,0,H,0,0,D,18,9,5,4,13,11,3,2,2,4,0,0
04/04/2021,13:00:00,Alaves,Celta,1,3,A,0,3,A,17,8,7,6,9,21,6,2,4,5,0,1
04/04/2021,15:15:00,Elche,Betis,1,1,D,1,1,D,7,13,3,3,9,15,7,2,1,4,0,0
04/04/2021,17:30:00,Cadiz,Valencia,2,1,H,1,1,D,6,12,2,6,10,7,4,13,2,2,0,0
04/04/2021,20:00:00,Sevilla,Ath Madrid,1,0,H,0,0,D,18,9,5,4,13,11,3,2,2,4,0,0
05/04/2021,20:00:00,Barcelona,Valladolid,1,0,H,0,0,D,25,7,10,2,12,13,4,1,3,3,0,1
05/04/2021,20:00:00,Barcelona,Valladolid,1,0,H,0,0,D,25,7,10,2,12,13,4,1,3,3,0,1
07/04/2021,20:00:00,Sociedad,Ath Bilbao,1,1,D,0,0,D,12,11,2,2,18,7,3,6,3,1,0,0
07/04/2021,20:00:00,Sociedad,Ath Bilbao,1,1,D,0,0,D,12,11,2,2,18,7,3,6,3,1,0,0
09/04/2021,20:00:00,Huesca,Elche,3,1,H,2,1,H,8,8,5,2,17,13,6,6,2,2,0,0
09/04/2021,20:00:00,Huesca,Elche,3,1,H,2,1,H,8,8,5,2,17,13,6,6,2,2,0,0
10/04/2021,13:00:00,Getafe,Cadiz,0,1,A,0,0,D,19,8,4,3,10,13,10,4,3,2,0,0
10/04/2021,15:15:00,Ath Bilbao,Alaves,0,0,D,0,0,D,11,9,4,0,13,15,6,6,2,2,0,0
10/04/2021,17:30:00,Eibar,Levante,0,1,A,0,1,A,10,6,4,1,9,7,6,3,3,2,0,0
10/04/2021,20:00:00,Real Madrid,Barcelona,2,1,H,2,0,H,14,18,3,4,16,10,5,6,3,4,1,0
10/04/2021,13:00:00,Getafe,Cadiz,0,1,A,0,0,D,19,8,4,3,10,13,10,4,3,2,0,0
10/04/2021,15:15:00,Ath Bilbao,Alaves,0,0,D,0,0,D,11,9,4,0,13,15,6,6,2,2,0,0
10/04/2021,17:30:00,Eibar,Levante,0,1,A,0,1,A,10,6,4,1,9,7,6,3,3,2,0,0
10/04/2021,20:00:00,Real Madrid,Barcelona,2,1,H,2,0,H,14,18,3,4,16,10,5,6,3,4,1,0
11/04/2021,13:00:00,Villarreal,Osasuna,1,2,A,0,0,D,15,12,6,4,6,12,6,5,0,0,0,0
11/04/2021,15:15:00,Valencia,Sociedad,2,2,D,0,2,A,9,16,2,5,11,17,4,5,6,4,1,0
11/04/2021,17:30:00,Valladolid,Granada,1,2,A,1,0,H,7,12,3,6,14,15,2,4,4,2,0,0
11/04/2021,20:00:00,Betis,Ath Madrid,1,1,D,1,1,D,8,10,4,4,12,13,5,5,0,0,0,0
11/04/2021,13:00:00,Villarreal,Osasuna,1,2,A,0,0,D,15,12,6,4,6,12,6,5,0,0,0,0
11/04/2021,15:15:00,Valencia,Sociedad,2,2,D,0,2,A,9,16,2,5,11,17,4,5,6,4,1,0
11/04/2021,17:30:00,Valladolid,Granada,1,2,A,1,0,H,7,12,3,6,14,15,2,4,4,2,0,0
11/04/2021,20:00:00,Betis,Ath Madrid,1,1,D,1,1,D,8,10,4,4,12,13,5,5,0,0,0,0
12/04/2021,20:00:00,Celta,Sevilla,3,4,A,3,2,H,12,13,5,6,18,15,5,2,3,2,0,0
12/04/2021,20:00:00,Celta,Sevilla,3,4,A,3,2,H,12,13,5,6,18,15,5,2,3,2,0,0
18/04/2021,13:00:00,Osasuna,Elche,2,0,H,1,0,H,9,8,3,2,14,15,4,5,2,1,0,0
18/04/2021,13:00:00,Sociedad,Sevilla,1,2,A,1,2,A,5,15,2,7,20,15,7,3,3,2,0,0
18/04/2021,15:15:00,Alaves,Huesca,1,0,H,0,0,D,10,9,2,1,15,13,7,3,1,2,0,0
18/04/2021,15:15:00,Ath Madrid,Eibar,5,0,H,2,0,H,10,0,7,0,10,10,8,3,0,1,0,0
18/04/2021,17:30:00,Betis,Valencia,2,2,D,2,1,H,9,9,5,3,12,10,6,3,3,1,0,0
18/04/2021,17:30:00,Cadiz,Celta,0,0,D,0,0,D,5,11,2,4,6,13,4,7,0,1,0,0
18/04/2021,20:00:00,Getafe,Real Madrid,0,0,D,0,0,D,19,10,6,2,17,8,6,6,3,1,0,0
18/04/2021,20:00:00,Levante,Villarreal,1,5,A,1,2,A,12,14,3,7,9,7,4,5,2,1,0,0
18/04/2021,13:00:00,Osasuna,Elche,2,0,H,1,0,H,9,8,3,2,14,15,4,5,2,1,0,0
18/04/2021,13:00:00,Sociedad,Sevilla,1,2,A,1,2,A,5,15,2,7,20,15,7,3,3,2,0,0
18/04/2021,15:15:00,Alaves,Huesca,1,0,H,0,0,D,10,9,2,1,15,13,7,3,1,2,0,0
18/04/2021,15:15:00,Ath Madrid,Eibar,5,0,H,2,0,H,10,0,7,0,10,10,8,3,0,1,0,0
18/04/2021,17:30:00,Betis,Valencia,2,2,D,2,1,H,9,9,5,3,12,10,6,3,3,1,0,0
18/04/2021,17:30:00,Cadiz,Celta,0,0,D,0,0,D,5,11,2,4,6,13,4,7,0,1,0,0
18/04/2021,20:00:00,Getafe,Real Madrid,0,0,D,0,0,D,19,10,6,2,17,8,6,6,3,1,0,0
18/04/2021,20:00:00,Levante,Villarreal,1,5,A,1,2,A,12,14,3,7,9,7,4,5,2,1,0,0
21/04/2021,18:00:00,Levante,Sevilla,0,1,A,0,0,D,6,10,1,3,15,13,2,3,4,1,0,0
21/04/2021,18:00:00,Osasuna,Valencia,3,1,H,2,1,H,18,10,9,5,17,11,5,6,1,2,0,0
21/04/2021,19:00:00,Betis,Ath Bilbao,0,0,D,0,0,D,6,16,2,4,10,16,5,4,3,2,1,0
21/04/2021,20:00:00,Alaves,Villarreal,2,1,H,1,0,H,9,10,4,5,8,11,3,8,2,1,0,0
21/04/2021,20:00:00,Elche,Valladolid,1,1,D,1,0,H,9,12,3,4,23,11,4,6,5,3,0,0
21/04/2021,21:00:00,Cadiz,Real Madrid,0,3,A,0,3,A,14,14,3,4,13,21,7,3,4,3,0,0
21/04/2021,18:00:00,Levante,Sevilla,0,1,A,0,0,D,6,10,1,3,15,13,2,3,4,1,0,0
21/04/2021,18:00:00,Osasuna,Valencia,3,1,H,2,1,H,18,10,9,5,17,11,5,6,1,2,0,0
21/04/2021,19:00:00,Betis,Ath Bilbao,0,0,D,0,0,D,6,16,2,4,10,16,5,4,3,2,1,0
21/04/2021,20:00:00,Alaves,Villarreal,2,1,H,1,0,H,9,10,4,5,8,11,3,8,2,1,0,0
21/04/2021,20:00:00,Elche,Valladolid,1,1,D,1,0,H,9,12,3,4,23,11,4,6,5,3,0,0
21/04/2021,21:00:00,Cadiz,Real Madrid,0,3,A,0,3,A,14,14,3,4,13,21,7,3,4,3,0,0
22/04/2021,18:00:00,Ath Madrid,Huesca,2,0,H,1,0,H,18,5,12,2,9,11,8,1,2,0,0,0
22/04/2021,20:00:00,Granada,Eibar,4,1,H,2,0,H,8,16,4,3,13,10,4,7,1,1,0,0
22/04/2021,20:00:00,Sociedad,Celta,2,1,H,2,1,H,7,10,3,3,17,17,2,4,4,5,0,0
22/04/2021,21:00:00,Barcelona,Getafe,5,2,H,3,1,H,9,5,6,1,8,15,3,1,2,0,0,0
22/04/2021,18:00:00,Ath Madrid,Huesca,2,0,H,1,0,H,18,5,12,2,9,11,8,1,2,0,0,0
22/04/2021,20:00:00,Granada,Eibar,4,1,H,2,0,H,8,16,4,3,13,10,4,7,1,1,0,0
22/04/2021,20:00:00,Sociedad,Celta,2,1,H,2,1,H,7,10,3,3,17,17,2,4,4,5,0,0
22/04/2021,21:00:00,Barcelona,Getafe,5,2,H,3,1,H,9,5,6,1,8,15,3,1,2,0,0,0
24/04/2021,13:00:00,Elche,Levante,1,0,H,1,0,H,8,6,3,1,10,14,4,2,3,4,0,0
24/04/2021,15:15:00,Valladolid,Cadiz,1,1,D,1,0,H,13,6,6,2,11,20,5,7,1,3,0,0
24/04/2021,17:30:00,Valencia,Alaves,1,1,D,0,0,D,9,6,2,2,17,16,7,2,4,0,0,1
24/04/2021,20:00:00,Real Madrid,Betis,0,0,D,0,0,D,17,6,5,2,17,13,8,2,1,2,0,0
24/04/2021,13:00:00,Elche,Levante,1,0,H,1,0,H,8,6,3,1,10,14,4,2,3,4,0,0
24/04/2021,15:15:00,Valladolid,Cadiz,1,1,D,1,0,H,13,6,6,2,11,20,5,7,1,3,0,0
24/04/2021,17:30:00,Valencia,Alaves,1,1,D,0,0,D,9,6,2,2,17,16,7,2,4,0,0,1
24/04/2021,20:00:00,Real Madrid,Betis,0,0,D,0,0,D,17,6,5,2,17,13,8,2,1,2,0,0
25/04/2021,13:00:00,Huesca,Getafe,0,2,A,0,1,A,8,6,1,4,16,22,1,0,2,4,0,0
25/04/2021,15:15:00,Villarreal,Barcelona,1,2,A,1,2,A,10,15,4,5,16,10,6,1,2,3,1,0
25/04/2021,17:30:00,Celta,Osasuna,2,1,H,1,0,H,7,12,2,3,13,12,2,8,1,4,0,0
25/04/2021,17:30:00,Sevilla,Granada,2,1,H,1,0,H,10,4,4,2,11,14,5,5,2,3,0,0
25/04/2021,20:00:00,Ath Bilbao,Ath Madrid,2,1,H,1,0,H,11,14,3,3,20,7,4,11,4,2,0,0
25/04/2021,13:00:00,Huesca,Getafe,0,2,A,0,1,A,8,6,1,4,16,22,1,0,2,4,0,0
25/04/2021,15:15:00,Villarreal,Barcelona,1,2,A,1,2,A,10,15,4,5,16,10,6,1,2,3,1,0
25/04/2021,17:30:00,Celta,Osasuna,2,1,H,1,0,H,7,12,2,3,13,12,2,8,1,4,0,0
25/04/2021,17:30:00,Sevilla,Granada,2,1,H,1,0,H,10,4,4,2,11,14,5,5,2,3,0,0
25/04/2021,20:00:00,Ath Bilbao,Ath Madrid,2,1,H,1,0,H,11,14,3,3,20,7,4,11,4,2,0,0
26/04/2021,20:00:00,Eibar,Sociedad,0,1,A,0,1,A,14,5,5,2,8,20,2,3,5,1,0,0
26/04/2021,20:00:00,Eibar,Sociedad,0,1,A,0,1,A,14,5,5,2,8,20,2,3,5,1,0,0
28/04/2021,18:00:00,Ath Bilbao,Valladolid,2,2,D,1,0,H,13,14,7,4,8,13,5,7,1,1,0,0
28/04/2021,18:00:00,Ath Bilbao,Valladolid,2,2,D,1,0,H,13,14,7,4,8,13,5,7,1,1,0,0
29/04/2021,18:00:00,Barcelona,Granada,1,2,A,1,0,H,16,6,4,2,10,22,6,1,0,4,0,0
29/04/2021,18:00:00,Barcelona,Granada,1,2,A,1,0,H,16,6,4,2,10,22,6,1,0,4,0,0
30/04/2021,20:00:00,Celta,Levante,2,0,H,0,0,D,8,10,5,2,12,13,1,5,2,2,0,0
30/04/2021,20:00:00,Celta,Levante,2,0,H,0,0,D,8,10,5,2,12,13,1,5,2,2,0,0
01/05/2021,13:00:00,Eibar,Alaves,3,0,H,1,0,H,15,6,4,2,12,12,10,5,0,2,0,0
01/05/2021,15:15:00,Elche,Ath Madrid,0,1,A,0,1,A,6,11,1,4,20,16,3,2,3,3,0,0
01/05/2021,17:30:00,Huesca,Sociedad,1,0,H,0,0,D,10,7,3,3,14,11,2,7,2,2,0,0
01/05/2021,20:00:00,Real Madrid,Osasuna,2,0,H,0,0,D,22,3,6,2,9,12,7,0,0,2,0,0
01/05/2021,13:00:00,Eibar,Alaves,3,0,H,1,0,H,15,6,4,2,12,12,10,5,0,2,0,0
01/05/2021,15:15:00,Elche,Ath Madrid,0,1,A,0,1,A,6,11,1,4,20,16,3,2,3,3,0,0
01/05/2021,17:30:00,Huesca,Sociedad,1,0,H,0,0,D,10,7,3,3,14,11,2,7,2,2,0,0
01/05/2021,20:00:00,Real Madrid,Osasuna,2,0,H,0,0,D,22,3,6,2,9,12,7,0,0,2,0,0
02/05/2021,13:00:00,Valladolid,Betis,1,1,D,0,0,D,10,11,2,4,7,14,3,2,2,5,0,0
02/05/2021,15:15:00,Villarreal,Getafe,1,0,H,0,0,D,4,15,3,3,13,17,4,4,1,2,0,0
02/05/2021,17:30:00,Granada,Cadiz,0,1,A,0,1,A,9,8,2,4,12,10,6,5,7,2,1,0
02/05/2021,20:00:00,Valencia,Barcelona,2,3,A,0,0,D,9,14,4,7,12,14,2,1,2,1,0,0
02/05/2021,13:00:00,Valladolid,Betis,1,1,D,0,0,D,10,11,2,4,7,14,3,2,2,5,0,0
02/05/2021,15:15:00,Villarreal,Getafe,1,0,H,0,0,D,4,15,3,3,13,17,4,4,1,2,0,0
02/05/2021,17:30:00,Granada,Cadiz,0,1,A,0,1,A,9,8,2,4,12,10,6,5,7,2,1,0
02/05/2021,20:00:00,Valencia,Barcelona,2,3,A,0,0,D,9,14,4,7,12,14,2,1,2,1,0,0
03/05/2021,20:00:00,Sevilla,Ath Bilbao,0,1,A,0,0,D,18,8,3,2,13,15,6,2,1,0,0,0
03/05/2021,20:00:00,Sevilla,Ath Bilbao,0,1,A,0,0,D,18,8,3,2,13,15,6,2,1,0,0,0
07/05/2021,20:00:00,Sociedad,Elche,2,0,H,0,0,D,16,1,3,0,8,10,7,0,1,3,0,1
07/05/2021,20:00:00,Sociedad,Elche,2,0,H,0,0,D,16,1,3,0,8,10,7,0,1,3,0,1
08/05/2021,13:00:00,Alaves,Levante,2,2,D,1,2,A,15,6,5,3,12,18,8,3,2,1,0,0
08/05/2021,15:15:00,Barcelona,Ath Madrid,0,0,D,0,0,D,12,11,7,6,13,26,5,7,3,3,0,0
08/05/2021,17:30:00,Cadiz,Huesca,2,1,H,2,1,H,11,13,1,5,14,13,3,3,4,0,0,0
08/05/2021,20:00:00,Ath Bilbao,Osasuna,2,2,D,1,1,D,13,13,3,4,4,10,10,4,1,2,0,0
08/05/2021,13:00:00,Alaves,Levante,2,2,D,1,2,A,15,6,5,3,12,18,8,3,2,1,0,0
08/05/2021,15:15:00,Barcelona,Ath Madrid,0,0,D,0,0,D,12,11,7,6,13,26,5,7,3,3,0,0
08/05/2021,17:30:00,Cadiz,Huesca,2,1,H,2,1,H,11,13,1,5,14,13,3,3,4,0,0,0
08/05/2021,20:00:00,Ath Bilbao,Osasuna,2,2,D,1,1,D,13,13,3,4,4,10,10,4,1,2,0,0
09/05/2021,13:00:00,Getafe,Eibar,0,1,A,0,0,D,10,7,2,3,11,11,4,2,1,2,0,0
09/05/2021,15:15:00,Valencia,Valladolid,3,0,H,1,0,H,6,19,3,2,17,6,1,9,0,0,0,0
09/05/2021,17:30:00,Villarreal,Celta,2,4,A,1,3,A,16,11,7,6,11,16,5,3,3,3,2,1
09/05/2021,20:00:00,Real Madrid,Sevilla,2,2,D,0,1,A,16,7,6,3,8,8,7,3,1,2,0,0
09/05/2021,13:00:00,Getafe,Eibar,0,1,A,0,0,D,10,7,2,3,11,11,4,2,1,2,0,0
09/05/2021,15:15:00,Valencia,Valladolid,3,0,H,1,0,H,6,19,3,2,17,6,1,9,0,0,0,0
09/05/2021,17:30:00,Villarreal,Celta,2,4,A,1,3,A,16,11,7,6,11,16,5,3,3,3,2,1
09/05/2021,20:00:00,Real Madrid,Sevilla,2,2,D,0,1,A,16,7,6,3,8,8,7,3,1,2,0,0
10/05/2021,20:00:00,Betis,Granada,2,1,H,1,0,H,14,11,6,5,16,11,9,2,2,4,0,0
10/05/2021,20:00:00,Betis,Granada,2,1,H,1,0,H,14,11,6,5,16,11,9,2,2,4,0,0
11/05/2021,18:00:00,Osasuna,Cadiz,3,2,H,1,0,H,14,10,4,4,15,12,3,5,2,2,0,0
11/05/2021,19:00:00,Elche,Alaves,0,2,A,0,1,A,11,9,4,2,21,15,7,5,2,4,0,0
11/05/2021,21:00:00,Levante,Barcelona,3,3,D,0,2,A,16,17,6,5,12,4,8,6,2,2,0,0
11/05/2021,18:00:00,Osasuna,Cadiz,3,2,H,1,0,H,14,10,4,4,15,12,3,5,2,2,0,0
11/05/2021,19:00:00,Elche,Alaves,0,2,A,0,1,A,11,9,4,2,21,15,7,5,2,4,0,0
11/05/2021,21:00:00,Levante,Barcelona,3,3,D,0,2,A,16,17,6,5,12,4,8,6,2,2,0,0
12/05/2021,18:00:00,Sevilla,Valencia,1,0,H,0,0,D,10,6,4,2,17,6,3,5,2,2,0,0
12/05/2021,19:00:00,Celta,Getafe,1,0,H,1,0,H,4,13,1,4,16,18,1,5,1,3,0,0
12/05/2021,19:00:00,Huesca,Ath Bilbao,1,0,H,0,0,D,18,4,6,3,9,14,5,0,0,1,0,0
12/05/2021,21:00:00,Ath Madrid,Sociedad,2,1,H,2,0,H,12,14,4,7,11,15,1,7,0,0,0,0
12/05/2021,18:00:00,Sevilla,Valencia,1,0,H,0,0,D,10,6,4,2,17,6,3,5,2,2,0,0
12/05/2021,19:00:00,Celta,Getafe,1,0,H,1,0,H,4,13,1,4,16,18,1,5,1,3,0,0
12/05/2021,19:00:00,Huesca,Ath Bilbao,1,0,H,0,0,D,18,4,6,3,9,14,5,0,0,1,0,0
12/05/2021,21:00:00,Ath Madrid,Sociedad,2,1,H,2,0,H,12,14,4,7,11,15,1,7,0,0,0,0
13/05/2021,18:00:00,Valladolid,Villarreal,0,2,A,0,0,D,11,9,2,3,15,14,3,6,3,1,0,0
13/05/2021,19:00:00,Eibar,Betis,1,1,D,0,1,A,14,9,4,4,12,8,5,4,3,1,0,0
13/05/2021,21:00:00,Granada,Real Madrid,1,4,A,0,2,A,10,16,5,7,15,9,2,3,3,3,0,0
13/05/2021,18:00:00,Valladolid,Villarreal,0,2,A,0,0,D,11,9,2,3,15,14,3,6,3,1,0,0
13/05/2021,19:00:00,Eibar,Betis,1,1,D,0,1,A,14,9,4,4,12,8,5,4,3,1,0,0
13/05/2021,21:00:00,Granada,Real Madrid,1,4,A,0,2,A,10,16,5,7,15,9,2,3,3,3,0,0
16/05/2021,17:30:00,Alaves,Granada,4,2,H,2,1,H,14,5,9,2,7,11,6,1,2,4,0,0
16/05/2021,17:30:00,Ath Bilbao,Real Madrid,0,1,A,0,0,D,8,11,1,2,10,7,4,11,3,2,1,0
16/05/2021,17:30:00,Ath Madrid,Osasuna,2,1,H,0,0,D,26,5,9,2,2,13,8,0,1,2,0,0
16/05/2021,17:30:00,Barcelona,Celta,1,2,A,1,1,D,20,4,4,4,9,14,7,1,3,2,1,0
16/05/2021,17:30:00,Betis,Huesca,1,0,H,0,0,D,10,7,2,0,15,19,2,5,1,5,0,1
16/05/2021,17:30:00,Cadiz,Elche,1,3,A,1,0,H,7,20,3,5,13,15,1,8,3,4,0,0
16/05/2021,17:30:00,Getafe,Levante,2,1,H,1,1,D,9,5,3,1,15,11,3,4,5,0,1,0
16/05/2021,17:30:00,Sociedad,Valladolid,4,1,H,4,0,H,13,19,8,5,16,11,2,4,2,4,0,1
16/05/2021,17:30:00,Valencia,Eibar,4,1,H,3,1,H,9,20,5,8,5,7,2,10,0,0,0,0
16/05/2021,17:30:00,Villarreal,Sevilla,4,0,H,1,0,H,12,17,5,5,9,7,3,6,0,3,0,1
16/05/2021,17:30:00,Alaves,Granada,4,2,H,2,1,H,14,5,9,2,7,11,6,1,2,4,0,0
16/05/2021,17:30:00,Ath Bilbao,Real Madrid,0,1,A,0,0,D,8,11,1,2,10,7,4,11,3,2,1,0
16/05/2021,17:30:00,Ath Madrid,Osasuna,2,1,H,0,0,D,26,5,9,2,2,13,8,0,1,2,0,0
16/05/2021,17:30:00,Barcelona,Celta,1,2,A,1,1,D,20,4,4,4,9,14,7,1,3,2,1,0
16/05/2021,17:30:00,Betis,Huesca,1,0,H,0,0,D,10,7,2,0,15,19,2,5,1,5,0,1
16/05/2021,17:30:00,Cadiz,Elche,1,3,A,1,0,H,7,20,3,5,13,15,1,8,3,4,0,0
16/05/2021,17:30:00,Getafe,Levante,2,1,H,1,1,D,9,5,3,1,15,11,3,4,5,0,1,0
16/05/2021,17:30:00,Sociedad,Valladolid,4,1,H,4,0,H,13,19,8,5,16,11,2,4,2,4,0,1
16/05/2021,17:30:00,Valencia,Eibar,4,1,H,3,1,H,9,20,5,8,5,7,2,10,0,0,0,0
16/05/2021,17:30:00,Villarreal,Sevilla,4,0,H,1,0,H,12,17,5,5,9,7,3,6,0,3,0,1
21/05/2021,20:00:00,Levante,Cadiz,2,2,D,1,2,A,17,6,4,2,17,8,7,0,0,2,0,0
21/05/2021,20:00:00,Levante,Cadiz,2,2,D,1,2,A,17,6,4,2,17,8,7,0,0,2,0,0
22/05/2021,17:00:00,Celta,Betis,2,3,A,1,0,H,11,11,4,5,20,20,8,4,6,7,0,1
22/05/2021,17:00:00,Eibar,Barcelona,0,1,A,0,0,D,17,7,3,3,11,15,6,3,0,3,0,0
22/05/2021,17:00:00,Elche,Ath Bilbao,2,0,H,1,0,H,8,8,3,2,10,6,3,1,3,0,0,0
22/05/2021,17:00:00,Huesca,Valencia,0,0,D,0,0,D,23,11,8,4,17,15,9,3,2,1,0,0
22/05/2021,17:00:00,Osasuna,Sociedad,0,1,A,0,0,D,7,11,1,1,15,7,3,3,1,0,0,0
22/05/2021,17:00:00,Real Madrid,Villarreal,2,1,H,0,1,A,14,6,4,2,8,13,6,1,0,0,0,0
22/05/2021,17:00:00,Valladolid,Ath Madrid,1,2,A,1,0,H,10,14,4,3,11,11,4,6,4,6,0,0
22/05/2021,17:00:00,Celta,Betis,2,3,A,1,0,H,11,11,4,5,20,20,8,4,6,7,0,1
22/05/2021,17:00:00,Eibar,Barcelona,0,1,A,0,0,D,17,7,3,3,11,15,6,3,0,3,0,0
22/05/2021,17:00:00,Elche,Ath Bilbao,2,0,H,1,0,H,8,8,3,2,10,6,3,1,3,0,0,0
22/05/2021,17:00:00,Huesca,Valencia,0,0,D,0,0,D,23,11,8,4,17,15,9,3,2,1,0,0
22/05/2021,17:00:00,Osasuna,Sociedad,0,1,A,0,0,D,7,11,1,1,15,7,3,3,1,0,0,0
22/05/2021,17:00:00,Real Madrid,Villarreal,2,1,H,0,1,A,14,6,4,2,8,13,6,1,0,0,0,0
22/05/2021,17:00:00,Valladolid,Ath Madrid,1,2,A,1,0,H,10,14,4,3,11,11,4,6,4,6,0,0
23/05/2021,17:30:00,Granada,Getafe,0,0,D,0,0,D,9,11,3,2,16,13,6,3,4,2,0,0
23/05/2021,20:00:00,Sevilla,Alaves,1,0,H,0,0,D,11,11,2,2,11,8,6,4,1,0,0,0
23/05/2021,17:30:00,Granada,Getafe,0,0,D,0,0,D,9,11,3,2,16,13,6,3,4,2,0,0
23/05/2021,20:00:00,Sevilla,Alaves,1,0,H,0,0,D,11,11,2,2,11,8,6,4,1,0,0,0
13/08/2021,20:00:00,Valencia,Getafe,1,0,H,1,0,H,4,22,2,4,24,15,1,9,6,3,1,1
14/08/2021,18:30:00,Cadiz,Levante,1,1,D,0,1,A,7,12,2,3,10,16,2,4,1,5,0,0
14/08/2021,18:30:00,Mallorca,Betis,1,1,D,1,0,H,6,10,2,1,12,18,4,3,1,3,0,0
14/08/2021,21:00:00,Alaves,Real Madrid,1,4,A,0,0,D,11,19,4,7,14,10,0,4,1,2,0,0
14/08/2021,21:00:00,Osasuna,Espanol,0,0,D,0,0,D,14,10,1,3,18,12,4,6,3,3,0,0
15/08/2021,16:30:00,Celta,Ath Madrid,1,2,A,0,1,A,10,13,2,4,11,9,2,5,4,5,1,1
15/08/2021,19:00:00,Barcelona,Sociedad,4,2,H,2,0,H,13,11,8,3,11,18,5,3,2,4,0,0
15/08/2021,21:15:00,Sevilla,Vallecano,3,0,H,1,0,H,21,4,8,3,14,7,4,0,1,0,0,1
16/08/2021,19:00:00,Villarreal,Granada,0,0,D,0,0,D,14,6,4,1,19,21,6,2,5,1,1,0
16/08/2021,21:00:00,Elche,Ath Bilbao,0,0,D,0,0,D,8,9,2,3,13,19,6,8,2,2,0,0
20/08/2021,20:00:00,Betis,Cadiz,1,1,D,1,1,D,16,8,7,3,12,10,4,5,4,0,0,0
21/08/2021,16:00:00,Alaves,Mallorca,0,1,A,0,0,D,9,12,4,2,14,15,1,8,3,3,1,0
21/08/2021,18:30:00,Espanol,Villarreal,0,0,D,0,0,D,14,12,3,2,10,10,9,7,3,4,0,0
21/08/2021,18:30:00,Granada,Valencia,1,1,D,1,0,H,9,18,2,7,14,12,2,6,4,2,0,0
21/08/2021,21:00:00,Ath Bilbao,Barcelona,1,1,D,0,0,D,16,9,7,3,15,10,13,2,1,2,0,1
22/08/2021,16:00:00,Sociedad,Vallecano,1,0,H,0,0,D,13,9,8,1,19,15,5,4,3,4,0,0
22/08/2021,18:30:00,Ath Madrid,Elche,1,0,H,1,0,H,8,4,4,2,16,10,2,1,2,2,0,0
22/08/2021,21:00:00,Levante,Real Madrid,3,3,D,0,1,A,8,19,4,5,17,7,4,6,3,2,1,0
23/08/2021,19:00:00,Getafe,Sevilla,0,1,A,0,0,D,12,9,0,3,18,10,5,4,2,2,0,0
23/08/2021,21:00:00,Osasuna,Celta,0,0,D,0,0,D,15,4,7,0,19,8,1,2,4,3,0,0
27/08/2021,19:00:00,Mallorca,Espanol,1,0,H,1,0,H,12,8,6,3,16,17,3,2,4,3,0,1
27/08/2021,21:15:00,Valencia,Alaves,3,0,H,2,0,H,9,10,4,3,20,15,4,4,1,4,0,0
28/08/2021,16:00:00,Celta,Ath Bilbao,0,1,A,0,1,A,13,6,0,2,12,11,5,4,2,1,0,0
28/08/2021,18:30:00,Elche,Sevilla,1,1,D,1,1,D,7,18,4,5,6,9,5,3,2,0,0,0
28/08/2021,18:30:00,Sociedad,Levante,1,0,H,1,0,H,7,6,2,0,17,13,2,2,1,1,0,0
28/08/2021,21:00:00,Betis,Real Madrid,0,1,A,0,0,D,11,13,6,3,15,13,3,7,5,3,0,0
29/08/2021,16:00:00,Barcelona,Getafe,2,1,H,2,1,H,7,8,3,3,16,22,3,2,3,1,0,0
29/08/2021,18:30:00,Cadiz,Osasuna,2,3,A,1,0,H,7,14,3,4,9,6,4,11,4,0,0,0
29/08/2021,18:30:00,Vallecano,Granada,4,0,H,3,0,H,19,9,6,3,19,14,5,6,1,4,0,0
29/08/2021,21:00:00,Ath Madrid,Villarreal,2,2,D,0,0,D,24,2,5,2,11,6,16,0,4,2,0,0
11/09/2021,17:30:00,Levante,Vallecano,1,1,D,1,0,H,7,22,2,6,14,16,2,5,3,4,0,0
11/09/2021,20:00:00,Ath Bilbao,Mallorca,2,0,H,0,0,D,19,7,5,1,7,13,7,2,1,2,0,0
12/09/2021,13:00:00,Espanol,Ath Madrid,1,2,A,1,0,H,9,13,3,3,10,11,6,3,1,4,0,0
12/09/2021,15:15:00,Osasuna,Valencia,1,4,A,1,1,D,11,10,2,4,20,14,4,4,4,2,0,0
12/09/2021,17:30:00,Cadiz,Sociedad,0,2,A,0,0,D,6,16,1,4,10,9,2,8,4,0,1,0
12/09/2021,20:00:00,Real Madrid,Celta,5,2,H,1,2,A,15,11,11,4,8,16,7,3,2,3,0,0
13/09/2021,19:00:00,Getafe,Elche,0,1,A,0,0,D,10,8,1,3,6,14,8,2,2,3,0,0
13/09/2021,21:00:00,Granada,Betis,1,2,A,0,1,A,11,19,2,9,7,14,6,8,1,2,0,0
17/09/2021,20:00:00,Celta,Cadiz,1,2,A,0,2,A,14,7,4,3,8,8,7,1,3,3,0,0
18/09/2021,13:00:00,Vallecano,Getafe,3,0,H,1,0,H,11,13,5,3,20,16,5,3,6,7,0,0
18/09/2021,15:15:00,Ath Madrid,Ath Bilbao,0,0,D,0,0,D,14,6,2,0,10,13,5,5,6,2,1,0
18/09/2021,17:30:00,Elche,Levante,1,1,D,1,0,H,9,11,2,6,10,14,4,7,2,2,0,0
18/09/2021,20:00:00,Alaves,Osasuna,0,2,A,0,2,A,8,13,3,5,11,14,2,8,4,3,0,0
19/09/2021,13:00:00,Mallorca,Villarreal,0,0,D,0,0,D,10,11,1,3,11,16,3,1,2,3,0,0
19/09/2021,15:15:00,Sociedad,Sevilla,0,0,D,0,0,D,11,11,4,4,16,11,5,6,2,3,0,0
19/09/2021,17:30:00,Betis,Espanol,2,2,D,2,1,H,23,11,9,4,13,9,10,4,4,4,1,0
19/09/2021,20:00:00,Valencia,Real Madrid,1,2,A,0,0,D,12,18,4,10,14,14,2,5,1,5,0,0
20/09/2021,20:00:00,Barcelona,Granada,1,1,D,0,1,A,17,5,6,2,15,20,12,4,3,6,0,0
21/09/2021,18:30:00,Getafe,Ath Madrid,1,2,A,1,0,H,7,12,2,4,15,11,2,5,4,5,1,0
21/09/2021,21:00:00,Ath Bilbao,Vallecano,1,2,A,1,1,D,8,8,1,3,16,20,2,1,3,3,0,0
21/09/2021,21:00:00,Levante,Celta,0,2,A,0,0,D,6,4,2,2,16,12,2,4,3,2,0,0
22/09/2021,18:30:00,Espanol,Alaves,1,0,H,0,0,D,10,8,2,2,14,18,4,8,2,1,0,0
22/09/2021,18:30:00,Sevilla,Valencia,3,1,H,3,1,H,11,8,5,3,25,21,1,4,5,3,0,0
22/09/2021,21:00:00,Real Madrid,Mallorca,6,1,H,3,1,H,18,17,12,5,18,8,3,2,2,1,0,0
22/09/2021,21:00:00,Villarreal,Elche,4,1,H,2,1,H,14,9,9,3,16,11,8,7,1,2,0,0
23/09/2021,18:30:00,Granada,Sociedad,2,3,A,1,0,H,10,20,2,11,11,16,4,7,5,1,0,0
23/09/2021,18:30:00,Osasuna,Betis,1,3,A,1,1,D,11,16,3,9,18,10,4,7,2,0,0,0
23/09/2021,21:00:00,Cadiz,Barcelona,0,0,D,0,0,D,13,6,3,2,16,8,4,5,3,4,0,1
25/09/2021,13:00:00,Alaves,Ath Madrid,1,0,H,1,0,H,7,13,1,1,18,11,3,8,2,3,0,0
25/09/2021,15:15:00,Valencia,Ath Bilbao,1,1,D,0,0,D,13,12,6,4,14,17,4,5,5,2,1,0
25/09/2021,17:30:00,Sevilla,Espanol,2,0,H,1,0,H,12,13,5,2,10,8,4,8,4,0,1,0
25/09/2021,20:00:00,Real Madrid,Villarreal,0,0,D,0,0,D,15,6,2,2,10,12,6,3,1,2,0,0
26/09/2021,13:00:00,Mallorca,Osasuna,2,3,A,2,1,H,17,12,8,6,8,17,5,5,2,3,0,0
26/09/2021,15:15:00,Barcelona,Levante,3,0,H,2,0,H,20,6,12,2,11,16,11,1,1,3,0,0
26/09/2021,17:30:00,Sociedad,Elche,1,0,H,0,0,D,17,5,5,2,12,16,6,1,1,3,0,0
26/09/2021,17:30:00,Vallecano,Cadiz,3,1,H,2,1,H,13,6,6,1,11,11,4,3,2,4,0,0
26/09/2021,20:00:00,Betis,Getafe,2,0,H,1,0,H,20,8,5,3,12,19,3,3,1,3,0,0
27/09/2021,20:00:00,Celta,Granada,1,0,H,0,0,D,14,7,5,4,9,12,5,3,2,7,0,0
01/10/2021,20:00:00,Ath Bilbao,Alaves,1,0,H,1,0,H,16,17,5,5,16,12,13,9,3,2,0,0
02/10/2021,13:00:00,Osasuna,Vallecano,1,0,H,0,0,D,7,7,3,0,19,9,6,3,3,3,0,0
02/10/2021,15:15:00,Mallorca,Levante,1,0,H,0,0,D,9,6,7,2,18,25,8,3,4,4,0,0
02/10/2021,17:30:00,Cadiz,Valencia,0,0,D,0,0,D,2,16,1,4,16,11,1,3,3,4,0,0
02/10/2021,20:00:00,Ath Madrid,Barcelona,2,0,H,2,0,H,6,9,3,2,13,10,2,6,2,1,0,0
03/10/2021,13:00:00,Elche,Celta,1,0,H,0,0,D,12,10,5,1,14,19,7,4,4,3,0,0
03/10/2021,15:15:00,Espanol,Real Madrid,2,1,H,1,0,H,8,18,4,4,12,13,2,8,2,1,0,0
03/10/2021,17:30:00,Getafe,Sociedad,1,1,D,1,0,H,9,10,2,5,16,11,2,5,4,2,0,0
03/10/2021,17:30:00,Villarreal,Betis,2,0,H,1,0,H,11,10,5,3,14,9,4,6,2,4,0,0
03/10/2021,20:00:00,Granada,Sevilla,1,0,H,1,0,H,3,14,1,3,13,11,2,6,3,4,0,1
16/10/2021,17:30:00,Levante,Getafe,0,0,D,0,0,D,6,14,2,4,14,10,3,11,3,3,0,0
16/10/2021,20:00:00,Sociedad,Mallorca,1,0,H,0,0,D,10,7,2,1,11,21,2,6,3,3,1,0
17/10/2021,13:00:00,Vallecano,Elche,2,1,H,1,1,D,10,7,4,3,16,11,6,2,2,2,0,0
17/10/2021,15:15:00,Celta,Sevilla,0,1,A,0,0,D,14,8,3,2,13,9,5,4,2,3,0,0
17/10/2021,17:30:00,Villarreal,Osasuna,1,2,A,0,1,A,11,6,6,2,6,14,4,4,1,5,0,0
17/10/2021,20:00:00,Barcelona,Valencia,3,1,H,2,1,H,12,9,5,3,16,13,9,3,2,3,0,0
18/10/2021,18:00:00,Alaves,Betis,0,1,A,0,0,D,14,19,2,4,8,11,7,7,1,1,0,0
18/10/2021,20:00:00,Espanol,Cadiz,2,0,H,1,0,H,14,13,6,2,8,10,7,9,1,0,0,0
22/10/2021,20:00:00,Osasuna,Granada,1,1,D,1,0,H,17,9,6,4,15,11,4,1,1,3,1,0
23/10/2021,13:00:00,Valencia,Mallorca,2,2,D,0,2,A,20,9,6,4,15,19,5,0,4,5,0,2
23/10/2021,15:15:00,Cadiz,Alaves,0,2,A,0,1,A,23,8,4,4,11,14,14,3,0,2,0,0
23/10/2021,17:30:00,Elche,Espanol,2,2,D,1,0,H,12,20,7,7,15,9,3,7,3,1,0,0
23/10/2021,20:00:00,Ath Bilbao,Villarreal,2,1,H,1,1,D,14,11,7,3,7,12,9,2,0,3,0,0
24/10/2021,13:00:00,Sevilla,Levante,5,3,H,3,1,H,18,12,11,7,13,6,10,3,1,2,0,0
24/10/2021,15:15:00,Barcelona,Real Madrid,1,2,A,0,1,A,12,10,2,5,17,13,7,4,1,1,0,0
24/10/2021,17:30:00,Betis,Vallecano,3,2,H,2,1,H,11,14,5,3,12,12,4,4,1,2,0,0
24/10/2021,20:00:00,Ath Madrid,Sociedad,2,2,D,0,1,A,17,8,4,4,14,14,4,3,1,3,0,0
25/10/2021,20:00:00,Getafe,Celta,0,3,A,0,0,D,11,16,2,8,15,11,2,7,2,2,2,0
26/10/2021,18:00:00,Alaves,Elche,1,0,H,0,0,D,16,4,5,1,13,9,4,7,1,1,0,0
26/10/2021,20:00:00,Espanol,Ath Bilbao,1,1,D,1,0,H,14,23,3,7,7,12,8,12,1,2,1,0
26/10/2021,20:30:00,Villarreal,Cadiz,3,3,D,1,2,A,14,9,5,4,13,9,8,2,3,6,0,0
27/10/2021,18:00:00,Mallorca,Sevilla,1,1,D,1,0,H,11,10,4,3,16,14,4,2,3,6,1,0
27/10/2021,18:00:00,Vallecano,Barcelona,1,0,H,1,0,H,13,16,3,1,17,12,3,7,2,2,0,0
27/10/2021,19:00:00,Betis,Valencia,4,1,H,2,1,H,14,10,9,4,14,19,4,7,2,5,0,0
27/10/2021,20:30:00,Real Madrid,Osasuna,0,0,D,0,0,D,17,7,3,0,12,10,11,3,1,1,0,0
28/10/2021,18:00:00,Celta,Sociedad,0,2,A,0,0,D,14,11,6,4,12,11,7,6,1,0,0,0
28/10/2021,19:00:00,Granada,Getafe,1,1,D,0,1,A,18,6,3,4,10,15,5,0,1,4,0,0
28/10/2021,20:30:00,Levante,Ath Madrid,2,2,D,1,1,D,10,7,3,3,15,11,5,2,3,5,1,0
30/10/2021,13:00:00,Elche,Real Madrid,1,2,A,0,1,A,13,17,4,5,11,13,5,4,2,0,1,0
30/10/2021,15:15:00,Sevilla,Osasuna,2,0,H,1,0,H,16,10,4,3,17,10,4,5,2,2,0,0
30/10/2021,17:30:00,Valencia,Villarreal,2,0,H,1,0,H,9,11,3,1,19,17,7,6,2,4,0,0
30/10/2021,20:00:00,Barcelona,Alaves,1,1,D,0,0,D,16,3,5,2,11,11,9,0,0,2,0,0
31/10/2021,13:00:00,Cadiz,Mallorca,1,1,D,0,1,A,13,11,2,5,14,16,6,5,3,7,0,2
31/10/2021,15:15:00,Ath Madrid,Betis,3,0,H,1,0,H,18,8,9,1,11,12,13,0,0,0,0,0
31/10/2021,17:30:00,Getafe,Espanol,2,1,H,1,1,D,12,10,7,3,18,11,6,11,7,4,0,0
31/10/2021,20:00:00,Sociedad,Ath Bilbao,1,1,D,0,0,D,8,11,3,5,21,14,2,7,4,3,0,1
01/11/2021,17:30:00,Vallecano,Celta,0,0,D,0,0,D,11,10,5,4,13,14,4,7,2,5,0,0
01/11/2021,20:00:00,Levante,Granada,0,3,A,0,2,A,12,12,3,6,14,13,3,5,4,2,0,0
05/11/2021,20:00:00,Ath Bilbao,Cadiz,0,1,A,0,1,A,15,8,5,4,14,19,5,1,2,1,0,0
06/11/2021,13:00:00,Espanol,Granada,2,0,H,2,0,H,17,18,6,5,12,8,5,3,1,1,0,0
06/11/2021,15:15:00,Celta,Barcelona,3,3,D,0,3,A,18,10,4,6,18,18,3,1,3,6,0,0
06/11/2021,17:30:00,Alaves,Levante,2,1,H,0,1,A,10,12,3,7,21,17,1,3,3,3,0,0
06/11/2021,20:00:00,Real Madrid,Vallecano,2,1,H,2,0,H,15,19,7,7,8,14,4,5,1,2,0,0
07/11/2021,13:00:00,Villarreal,Getafe,1,0,H,1,0,H,10,5,4,2,12,13,6,4,1,1,0,0
07/11/2021,15:15:00,Valencia,Ath Madrid,3,3,D,0,1,A,11,13,5,7,12,17,9,0,2,2,0,0
07/11/2021,17:30:00,Mallorca,Elche,2,2,D,0,0,D,18,7,6,2,11,19,3,3,2,3,0,0
07/11/2021,17:30:00,Osasuna,Sociedad,0,2,A,0,0,D,6,9,2,4,11,12,5,2,0,2,0,0
07/11/2021,20:00:00,Betis,Sevilla,0,2,A,0,0,D,8,11,1,2,12,13,2,1,3,1,1,0
19/11/2021,20:00:00,Levante,Ath Bilbao,0,0,D,0,0,D,15,7,2,2,16,7,6,3,2,1,0,0
20/11/2021,13:00:00,Celta,Villarreal,1,1,D,0,1,A,12,18,3,6,14,17,3,5,1,1,0,0
20/11/2021,15:15:00,Sevilla,Alaves,2,2,D,1,2,A,16,8,6,3,14,17,5,2,4,4,0,0
20/11/2021,17:30:00,Ath Madrid,Osasuna,1,0,H,0,0,D,15,9,2,3,7,8,7,4,2,2,0,0
20/11/2021,20:00:00,Barcelona,Espanol,1,0,H,0,0,D,16,12,6,2,17,9,4,4,4,2,0,0
21/11/2021,13:00:00,Getafe,Cadiz,4,0,H,1,0,H,17,10,8,2,14,7,3,7,2,4,0,0
21/11/2021,15:15:00,Granada,Real Madrid,1,4,A,1,2,A,11,21,3,10,10,7,9,6,1,1,1,0
21/11/2021,17:30:00,Elche,Betis,0,3,A,0,3,A,14,9,4,4,12,14,10,1,1,2,0,1
21/11/2021,20:00:00,Sociedad,Valencia,0,0,D,0,0,D,9,8,2,3,11,16,2,4,4,7,1,0
22/11/2021,20:00:00,Vallecano,Mallorca,3,1,H,2,0,H,15,11,6,5,14,17,6,4,3,2,0,0
26/11/2021,20:00:00,Ath Bilbao,Granada,2,2,D,1,2,A,17,8,5,4,12,9,8,3,1,1,1,0
27/11/2021,13:00:00,Alaves,Celta,1,2,A,1,1,D,13,8,5,5,12,15,5,3,3,2,0,0
27/11/2021,15:15:00,Valencia,Vallecano,1,1,D,1,0,H,8,12,4,6,18,15,3,9,6,5,0,0
27/11/2021,17:30:00,Mallorca,Getafe,0,0,D,0,0,D,12,11,2,0,8,19,2,0,3,0,0,0
27/11/2021,20:00:00,Villarreal,Barcelona,1,3,A,0,0,D,14,12,2,6,19,14,4,4,2,2,0,0
28/11/2021,13:00:00,Betis,Levante,3,1,H,0,1,A,26,8,8,2,16,9,5,8,2,3,0,0
28/11/2021,15:15:00,Espanol,Sociedad,1,0,H,0,0,D,8,10,2,4,15,7,2,9,1,1,0,0
28/11/2021,17:30:00,Cadiz,Ath Madrid,1,4,A,0,0,D,8,17,0,7,13,11,4,8,2,0,0,0
28/11/2021,20:00:00,Real Madrid,Sevilla,2,1,H,1,1,D,14,11,4,6,10,9,0,4,3,3,0,0
29/11/2021,20:00:00,Osasuna,Elche,1,1,D,1,1,D,17,10,4,4,16,12,5,4,1,3,0,0
01/12/2021,20:00:00,Real Madrid,Ath Bilbao,1,0,H,1,0,H,17,18,7,2,12,13,7,6,2,3,0,0
03/12/2021,20:00:00,Granada,Alaves,2,1,H,1,0,H,9,14,2,2,17,15,3,5,2,2,0,0
04/12/2021,13:00:00,Sevilla,Villarreal,1,0,H,1,0,H,8,16,3,2,9,10,5,8,2,2,0,0
04/12/2021,15:15:00,Barcelona,Betis,0,1,A,0,0,D,12,8,3,2,17,12,6,1,1,2,0,0
04/12/2021,17:30:00,Ath Madrid,Mallorca,1,2,A,0,0,D,14,10,6,3,13,16,8,5,2,5,0,0
04/12/2021,20:00:00,Sociedad,Real Madrid,0,2,A,0,0,D,11,13,0,8,12,8,5,5,2,0,0,0
05/12/2021,13:00:00,Vallecano,Espanol,1,0,H,0,0,D,7,10,0,3,18,11,6,3,3,3,0,1
05/12/2021,15:15:00,Elche,Cadiz,3,1,H,1,0,H,8,15,3,6,16,15,3,3,7,3,0,0
05/12/2021,17:30:00,Levante,Osasuna,0,0,D,0,0,D,11,11,3,1,12,16,7,2,2,3,0,0
05/12/2021,20:00:00,Celta,Valencia,1,2,A,1,1,D,11,8,5,5,10,22,6,4,3,2,0,0
06/12/2021,20:00:00,Getafe,Ath Bilbao,0,0,D,0,0,D,17,9,5,3,14,14,5,3,2,1,0,0
10/12/2021,20:00:00,Mallorca,Celta,0,0,D,0,0,D,12,14,1,5,14,11,7,4,3,2,0,0
11/12/2021,13:00:00,Espanol,Levante,4,3,H,1,2,A,17,14,8,5,9,15,4,2,4,4,0,1
11/12/2021,15:15:00,Alaves,Getafe,1,1,D,0,1,A,9,11,1,2,18,15,1,1,4,4,1,0
11/12/2021,17:30:00,Valencia,Elche,2,1,H,1,0,H,21,8,8,4,15,12,8,1,3,2,0,0
11/12/2021,20:00:00,Ath Bilbao,Sevilla,0,1,A,0,1,A,13,6,2,1,17,10,9,2,4,3,0,0
12/12/2021,13:00:00,Villarreal,Vallecano,2,0,H,2,0,H,13,19,5,7,16,14,5,6,1,3,0,0
12/12/2021,15:15:00,Osasuna,Barcelona,2,2,D,1,1,D,8,10,3,2,16,16,6,5,5,4,0,0
12/12/2021,17:30:00,Betis,Sociedad,4,0,H,1,0,H,11,15,5,5,12,10,4,7,3,1,0,0
12/12/2021,20:00:00,Real Madrid,Ath Madrid,2,0,H,1,0,H,7,9,3,6,17,15,3,6,2,3,0,0
13/12/2021,20:00:00,Cadiz,Granada,1,1,D,1,0,H,13,16,3,5,14,10,8,1,5,0,1,0
17/12/2021,20:00:00,Celta,Espanol,3,1,H,1,0,H,12,6,5,3,13,5,3,3,2,1,0,0
18/12/2021,13:00:00,Vallecano,Alaves,2,0,H,2,0,H,20,6,5,4,12,19,5,5,1,2,0,0
18/12/2021,15:15:00,Sociedad,Villarreal,1,3,A,1,1,D,8,15,4,8,9,15,5,5,2,3,1,0
18/12/2021,17:30:00,Barcelona,Elche,3,2,H,2,0,H,19,5,8,3,13,17,5,0,1,3,0,0
18/12/2021,20:00:00,Sevilla,Ath Madrid,2,1,H,1,1,D,6,15,2,3,15,14,4,7,2,1,0,0
19/12/2021,13:00:00,Granada,Mallorca,4,1,H,1,1,D,15,8,6,5,12,15,4,2,3,2,0,0
19/12/2021,15:15:00,Ath Bilbao,Betis,3,2,H,1,1,D,9,16,6,8,7,12,5,6,1,3,0,0
19/12/2021,17:30:00,Getafe,Osasuna,1,0,H,0,0,D,18,11,4,2,14,8,4,3,3,1,0,0
19/12/2021,20:00:00,Real Madrid,Cadiz,0,0,D,0,0,D,36,4,9,0,9,10,13,2,1,1,0,0
20/12/2021,20:00:00,Levante,Valencia,3,4,A,2,1,H,15,15,9,8,21,11,6,4,3,4,0,0
21/12/2021,18:00:00,Villarreal,Alaves,5,2,H,2,1,H,24,4,10,2,16,14,6,2,0,2,0,0
21/12/2021,20:30:00,Sevilla,Barcelona,1,1,D,1,1,D,5,23,1,7,15,13,4,9,2,3,1,0
22/12/2021,18:00:00,Granada,Ath Madrid,2,1,H,1,1,D,6,15,4,3,17,7,2,7,4,1,0,0
22/12/2021,20:30:00,Ath Bilbao,Real Madrid,1,2,A,1,2,A,15,12,2,7,17,7,7,0,2,2,0,0
31/12/2021,15:15:00,Valencia,Espanol,1,2,A,0,0,D,12,15,2,4,19,14,7,5,7,3,1,0
02/01/2022,13:00:00,Getafe,Real Madrid,1,0,H,1,0,H,6,14,3,4,20,8,2,9,3,2,0,0
02/01/2022,15:15:00,Ath Madrid,Vallecano,2,0,H,1,0,H,15,5,5,0,14,12,8,2,3,0,0,0
02/01/2022,15:15:00,Elche,Granada,0,0,D,0,0,D,18,10,2,5,18,15,6,3,3,3,1,0
02/01/2022,17:30:00,Alaves,Sociedad,1,1,D,0,1,A,19,10,5,4,22,10,2,3,3,3,0,0
02/01/2022,17:30:00,Betis,Celta,0,2,A,0,2,A,18,7,7,5,15,11,3,3,1,2,0,0
02/01/2022,20:00:00,Mallorca,Barcelona,0,1,A,0,1,A,13,13,3,4,22,24,4,3,5,2,0,0
03/01/2022,18:00:00,Villarreal,Levante,5,0,H,3,0,H,17,7,7,3,12,9,6,5,3,2,0,0
03/01/2022,20:00:00,Osasuna,Ath Bilbao,1,3,A,1,2,A,15,17,4,5,12,7,4,5,5,2,1,0
03/01/2022,20:15:00,Cadiz,Sevilla,0,1,A,0,0,D,9,14,2,4,5,9,2,8,0,1,0,0
08/01/2022,13:00:00,Levante,Mallorca,2,0,H,0,0,D,16,15,8,8,20,11,5,5,3,1,1,0
08/01/2022,15:15:00,Sociedad,Celta,1,0,H,1,0,H,12,4,3,0,10,18,6,4,3,3,0,0
08/01/2022,17:30:00,Granada,Barcelona,1,1,D,0,0,D,14,13,4,1,9,21,3,2,2,5,0,1
08/01/2022,20:00:00,Real Madrid,Valencia,4,1,H,1,0,H,23,12,8,7,15,24,3,8,3,3,0,0
09/01/2022,13:00:00,Vallecano,Betis,1,1,D,0,1,A,17,9,7,5,18,13,6,4,1,3,0,1
09/01/2022,15:15:00,Sevilla,Getafe,1,0,H,1,0,H,10,4,1,2,8,20,5,2,1,3,0,0
09/01/2022,17:30:00,Alaves,Ath Bilbao,0,0,D,0,0,D,12,10,1,2,15,11,7,5,2,0,0,0
09/01/2022,17:30:00,Osasuna,Cadiz,2,0,H,1,0,H,15,6,5,1,13,13,5,7,2,2,0,0
09/01/2022,20:00:00,Villarreal,Ath Madrid,2,2,D,1,1,D,13,7,3,5,13,8,7,3,0,2,0,1
10/01/2022,20:00:00,Espanol,Elche,1,2,A,1,2,A,8,3,3,2,13,18,13,0,4,6,0,0
16/01/2022,13:00:00,Elche,Villarreal,1,0,H,0,0,D,5,9,2,4,12,15,3,8,4,3,0,0
18/01/2022,19:00:00,Betis,Alaves,4,0,H,3,0,H,18,9,5,2,14,14,8,3,2,0,0,0
18/01/2022,20:30:00,Cadiz,Espanol,2,2,D,0,1,A,10,14,4,7,14,9,3,2,5,1,0,0
19/01/2022,18:00:00,Celta,Osasuna,2,0,H,2,0,H,5,9,3,0,14,11,0,5,1,2,0,0
19/01/2022,20:30:00,Valencia,Sevilla,1,1,D,1,1,D,10,12,2,3,22,14,4,4,3,3,1,0
20/01/2022,18:00:00,Getafe,Granada,4,2,H,1,1,D,12,7,4,4,15,10,4,8,3,4,0,0
21/01/2022,20:00:00,Espanol,Betis,1,4,A,1,2,A,12,15,4,8,15,12,6,5,3,4,1,0
22/01/2022,13:00:00,Levante,Cadiz,0,2,A,0,1,A,15,8,8,2,15,16,8,2,4,6,0,0
22/01/2022,15:15:00,Villarreal,Mallorca,3,0,H,2,0,H,12,8,6,2,13,12,10,6,1,2,0,1
22/01/2022,17:30:00,Sevilla,Celta,2,2,D,0,2,A,16,6,5,4,11,16,7,0,1,4,0,0
22/01/2022,20:00:00,Ath Madrid,Valencia,3,2,H,0,2,A,16,7,6,3,13,22,5,4,5,6,0,0
23/01/2022,13:00:00,Granada,Osasuna,0,2,A,0,0,D,6,16,2,7,12,15,4,3,0,2,0,0
23/01/2022,15:15:00,Real Madrid,Elche,2,2,D,0,1,A,23,3,8,2,11,14,10,3,3,1,0,0
23/01/2022,17:30:00,Sociedad,Getafe,0,0,D,0,0,D,9,9,3,2,17,13,7,2,1,1,0,0
23/01/2022,17:30:00,Vallecano,Ath Bilbao,0,1,A,0,1,A,29,9,3,3,8,20,9,7,1,6,0,0
23/01/2022,20:00:00,Alaves,Barcelona,0,1,A,0,0,D,6,10,2,4,16,8,1,10,0,0,0,0
04/02/2022,20:00:00,Getafe,Levante,3,0,H,2,0,H,14,11,8,2,12,13,2,8,4,3,0,0
05/02/2022,13:00:00,Elche,Alaves,3,1,H,0,1,A,14,6,4,2,15,11,7,3,1,1,0,0
05/02/2022,15:15:00,Mallorca,Cadiz,2,1,H,1,1,D,17,12,5,5,14,15,6,4,2,4,0,0
05/02/2022,17:30:00,Celta,Vallecano,2,0,H,1,0,H,13,11,3,0,17,17,7,2,0,2,0,0
05/02/2022,20:00:00,Osasuna,Sevilla,0,0,D,0,0,D,9,9,3,4,13,7,1,1,1,1,0,0
06/02/2022,13:00:00,Valencia,Sociedad,0,0,D,0,0,D,14,8,3,2,17,14,9,9,4,2,0,0
06/02/2022,15:15:00,Barcelona,Ath Madrid,4,2,H,3,1,H,9,10,4,4,15,13,3,5,2,2,1,0
06/02/2022,17:30:00,Betis,Villarreal,0,2,A,0,1,A,9,9,3,3,19,14,6,6,2,3,0,0
06/02/2022,20:00:00,Real Madrid,Granada,1,0,H,0,0,D,24,7,11,3,9,11,9,2,2,1,0,0
07/02/2022,20:00:00,Ath Bilbao,Espanol,2,1,H,2,1,H,7,7,4,3,17,11,5,3,3,3,0,0
11/02/2022,20:00:00,Sevilla,Elche,2,0,H,0,0,D,14,7,6,1,13,14,5,4,1,5,0,0
12/02/2022,13:00:00,Cadiz,Celta,0,0,D,0,0,D,8,6,2,1,12,19,3,3,3,2,0,0
12/02/2022,15:15:00,Villarreal,Real Madrid,0,0,D,0,0,D,9,17,2,6,11,10,3,3,2,4,0,0
12/02/2022,17:30:00,Vallecano,Osasuna,0,3,A,0,2,A,10,12,3,5,11,16,4,5,2,1,0,0
12/02/2022,20:00:00,Ath Madrid,Getafe,4,3,H,3,3,D,11,10,7,4,18,17,5,4,3,4,1,0
13/02/2022,13:00:00,Alaves,Valencia,2,1,H,1,0,H,9,9,5,4,15,17,5,9,4,3,0,0
13/02/2022,15:15:00,Levante,Betis,2,4,A,1,3,A,12,19,4,11,13,8,5,7,1,2,1,0
13/02/2022,17:30:00,Sociedad,Granada,2,0,H,1,0,H,18,15,8,2,13,13,6,5,0,2,0,0
13/02/2022,20:00:00,Espanol,Barcelona,2,2,D,1,1,D,10,12,4,4,14,13,3,5,5,4,1,1
14/02/2022,20:00:00,Mallorca,Ath Bilbao,3,2,H,2,0,H,16,7,5,2,22,15,6,6,6,4,0,0
16/02/2022,18:00:00,Ath Madrid,Levante,0,1,A,0,0,D,10,8,1,5,9,19,5,3,3,4,0,0
18/02/2022,20:00:00,Elche,Vallecano,2,1,H,0,0,D,9,13,5,2,18,15,2,3,2,4,0,0
19/02/2022,13:00:00,Granada,Villarreal,1,4,A,0,2,A,20,15,5,7,15,10,9,2,3,6,0,0
19/02/2022,15:15:00,Osasuna,Ath Madrid,0,3,A,0,1,A,14,5,4,4,12,19,4,2,1,2,0,0
19/02/2022,17:30:00,Cadiz,Getafe,1,1,D,1,1,D,9,6,2,1,17,11,7,2,3,4,0,0
19/02/2022,20:00:00,Real Madrid,Alaves,3,0,H,0,0,D,22,7,9,2,6,11,7,1,1,1,0,0
20/02/2022,13:00:00,Espanol,Sevilla,1,1,D,0,1,A,11,7,4,2,14,14,3,7,4,5,0,1
20/02/2022,15:15:00,Valencia,Barcelona,1,4,A,0,3,A,11,6,5,6,22,16,8,3,3,4,0,0
20/02/2022,17:30:00,Betis,Mallorca,2,1,H,1,0,H,14,10,5,1,13,17,4,7,3,2,0,0
20/02/2022,20:00:00,Ath Bilbao,Sociedad,4,0,H,0,0,D,18,9,8,2,9,9,6,4,4,1,0,0
21/02/2022,20:00:00,Celta,Levante,1,1,D,0,0,D,8,13,4,3,15,16,2,5,3,5,0,0
25/02/2022,20:00:00,Levante,Elche,3,0,H,1,0,H,11,8,4,3,17,8,3,3,1,2,0,1
26/02/2022,13:00:00,Mallorca,Valencia,0,1,A,0,1,A,23,8,3,4,14,21,14,1,4,6,0,1
26/02/2022,15:15:00,Getafe,Alaves,2,2,D,0,1,A,12,7,3,3,7,24,6,1,2,4,1,0
26/02/2022,17:30:00,Vallecano,Real Madrid,0,1,A,0,0,D,19,13,5,6,20,5,5,9,5,3,0,0
26/02/2022,20:00:00,Ath Madrid,Celta,2,0,H,1,0,H,13,16,6,2,10,7,5,9,4,3,0,0
27/02/2022,13:00:00,Villarreal,Espanol,5,1,H,3,0,H,19,7,11,2,11,12,10,3,2,1,0,0
27/02/2022,15:15:00,Sevilla,Betis,2,1,H,2,0,H,12,10,3,2,13,16,4,4,6,3,0,0
27/02/2022,17:30:00,Sociedad,Osasuna,1,0,H,0,0,D,11,11,5,1,10,9,6,5,0,4,0,0
27/02/2022,20:00:00,Barcelona,Ath Bilbao,4,0,H,1,0,H,17,6,7,3,8,10,5,0,2,1,0,0
28/02/2022,20:00:00,Granada,Cadiz,0,0,D,0,0,D,6,12,1,4,12,17,0,4,3,3,1,0
02/03/2022,20:00:00,Mallorca,Sociedad,0,2,A,0,1,A,13,13,1,3,12,9,3,4,0,2,0,0
04/03/2022,20:00:00,Alaves,Sevilla,0,0,D,0,0,D,14,13,2,4,16,8,5,5,3,1,0,0
05/03/2022,13:00:00,Osasuna,Villarreal,1,0,H,0,0,D,12,10,3,1,12,6,6,8,1,0,0,0
05/03/2022,15:15:00,Espanol,Getafe,2,0,H,2,0,H,4,12,1,3,17,15,1,5,6,5,0,0
05/03/2022,17:30:00,Valencia,Granada,3,1,H,0,0,D,12,7,4,0,14,13,3,6,3,3,0,0
05/03/2022,20:00:00,Real Madrid,Sociedad,4,1,H,2,1,H,18,1,8,1,12,14,7,1,0,2,0,0
06/03/2022,13:00:00,Cadiz,Vallecano,2,0,H,0,0,D,13,14,7,3,23,15,5,6,5,3,0,0
06/03/2022,15:15:00,Elche,Barcelona,1,2,A,1,0,H,13,20,3,9,10,8,5,6,2,6,1,0
06/03/2022,17:30:00,Celta,Mallorca,4,3,H,2,1,H,16,12,8,3,17,9,4,5,5,4,1,0
06/03/2022,20:00:00,Betis,Ath Madrid,1,3,A,1,1,D,18,8,6,6,16,10,10,3,5,3,0,0
07/03/2022,20:00:00,Ath Bilbao,Levante,3,1,H,0,0,D,17,5,9,2,6,14,4,3,1,2,0,0
11/03/2022,20:00:00,Ath Madrid,Cadiz,2,1,H,1,1,D,6,14,5,3,23,14,0,4,4,1,1,0
12/03/2022,13:00:00,Levante,Espanol,1,1,D,0,0,D,14,6,3,1,17,10,8,2,4,4,0,0
12/03/2022,15:15:00,Granada,Elche,0,1,A,0,1,A,15,13,4,2,15,16,3,3,3,6,0,0
12/03/2022,17:30:00,Villarreal,Celta,1,0,H,0,0,D,10,12,3,2,12,14,5,6,1,1,0,0
12/03/2022,20:00:00,Getafe,Valencia,0,0,D,0,0,D,16,6,6,0,18,21,5,3,6,5,0,0
13/03/2022,13:00:00,Vallecano,Sevilla,1,1,D,0,0,D,10,3,2,2,16,15,5,6,0,1,0,0
13/03/2022,15:15:00,Betis,Ath Bilbao,1,0,H,1,0,H,8,11,5,2,17,12,5,6,4,5,1,0
13/03/2022,17:30:00,Sociedad,Alaves,1,0,H,0,0,D,15,13,6,4,15,12,6,4,1,1,0,0
13/03/2022,20:00:00,Barcelona,Osasuna,4,0,H,3,0,H,24,4,9,3,7,4,5,1,0,4,0,0
14/03/2022,20:00:00,Mallorca,Real Madrid,0,3,A,0,0,D,14,11,3,5,13,15,1,6,3,3,0,0
18/03/2022,20:00:00,Ath Bilbao,Getafe,1,1,D,1,1,D,22,7,11,2,15,13,8,2,4,5,0,2
19/03/2022,13:00:00,Alaves,Granada,2,3,A,0,0,D,11,12,6,3,12,10,6,2,4,6,0,1
19/03/2022,15:15:00,Elche,Valencia,0,1,A,0,0,D,8,8,2,3,19,14,4,2,3,3,1,0
19/03/2022,17:30:00,Osasuna,Levante,3,1,H,1,0,H,20,13,7,4,9,17,6,1,0,1,0,0
19/03/2022,20:00:00,Vallecano,Ath Madrid,0,1,A,0,0,D,15,11,3,3,15,12,3,6,0,0,0,1
20/03/2022,13:00:00,Espanol,Mallorca,1,0,H,1,0,H,12,9,3,3,14,12,6,6,3,3,0,0
20/03/2022,15:15:00,Cadiz,Villarreal,1,0,H,0,0,D,16,3,7,1,11,11,6,3,3,2,0,0
20/03/2022,15:15:00,Celta,Betis,0,0,D,0,0,D,9,7,3,1,12,12,2,2,1,2,0,0
20/03/2022,17:30:00,Sevilla,Sociedad,0,0,D,0,0,D,10,13,0,2,12,13,7,3,0,3,0,0
20/03/2022,20:00:00,Real Madrid,Barcelona,0,4,A,0,2,A,14,18,4,10,9,12,4,3,4,4,0,0
02/04/2022,13:00:00,Getafe,Mallorca,1,0,H,0,0,D,16,7,3,1,15,22,5,1,5,6,0,1
02/04/2022,15:15:00,Levante,Villarreal,2,0,H,0,0,D,13,13,4,2,16,13,1,8,4,2,0,0
02/04/2022,17:30:00,Celta,Real Madrid,1,2,A,0,1,A,10,12,4,6,16,12,9,3,3,0,0,0
02/04/2022,20:00:00,Ath Madrid,Alaves,4,1,H,1,0,H,14,7,8,1,10,13,8,2,1,0,0,0
03/04/2022,13:00:00,Ath Bilbao,Elche,2,1,H,1,0,H,16,6,6,2,14,16,7,4,2,4,0,0
03/04/2022,15:15:00,Betis,Osasuna,4,1,H,2,0,H,24,10,8,3,11,5,11,7,1,3,0,0
03/04/2022,17:30:00,Granada,Vallecano,2,2,D,0,2,A,17,10,9,4,14,14,5,4,4,5,0,1
03/04/2022,17:30:00,Valencia,Cadiz,0,0,D,0,0,D,5,4,1,3,11,18,4,3,3,6,0,1
03/04/2022,20:00:00,Barcelona,Sevilla,1,0,H,0,0,D,19,8,6,3,12,8,9,2,3,3,0,0
04/04/2022,20:00:00,Sociedad,Espanol,1,0,H,0,0,D,17,8,6,2,17,13,6,0,2,4,0,0
08/04/2022,20:00:00,Sevilla,Granada,4,2,H,1,1,D,16,15,8,5,7,7,14,3,2,2,0,0
09/04/2022,13:00:00,Cadiz,Betis,1,2,A,0,0,D,10,10,4,3,18,10,8,4,1,2,0,0
09/04/2022,15:15:00,Mallorca,Ath Madrid,1,0,H,0,0,D,10,9,3,1,14,11,1,6,1,4,0,0
09/04/2022,17:30:00,Villarreal,Ath Bilbao,1,1,D,0,1,A,11,12,5,6,17,15,7,2,2,3,0,0
09/04/2022,20:00:00,Real Madrid,Getafe,2,0,H,1,0,H,26,8,8,0,13,11,10,2,2,2,0,0
10/04/2022,13:00:00,Osasuna,Alaves,1,0,H,0,0,D,15,8,4,2,12,6,7,3,3,1,0,0
10/04/2022,15:15:00,Espanol,Celta,1,0,H,0,0,D,11,10,2,5,12,21,2,3,4,1,0,0
10/04/2022,17:30:00,Elche,Sociedad,1,2,A,1,2,A,10,17,1,6,15,12,8,9,3,3,0,0
10/04/2022,20:00:00,Levante,Barcelona,2,3,A,0,0,D,11,14,6,7,8,7,4,3,1,1,0,0
11/04/2022,20:00:00,Vallecano,Valencia,1,1,D,0,0,D,11,6,4,2,13,17,5,4,3,4,0,0
15/04/2022,20:00:00,Sociedad,Betis,0,0,D,0,0,D,9,9,2,2,17,7,8,1,4,4,1,0
16/04/2022,13:00:00,Elche,Mallorca,3,0,H,1,0,H,6,13,2,2,17,13,2,1,2,3,0,0
16/04/2022,15:15:00,Alaves,Vallecano,1,0,H,0,0,D,11,20,5,3,10,9,2,12,2,3,0,1
16/04/2022,17:30:00,Valencia,Osasuna,1,2,A,0,0,D,11,9,4,3,11,22,9,5,1,2,0,0
16/04/2022,20:00:00,Getafe,Villarreal,1,2,A,0,2,A,12,11,5,6,17,6,6,6,2,0,0,0
17/04/2022,13:00:00,Granada,Levante,1,4,A,0,1,A,16,17,4,8,10,9,13,2,5,2,1,0
17/04/2022,15:15:00,Ath Madrid,Espanol,2,1,H,0,0,D,10,11,3,5,18,12,6,3,5,5,1,0
17/04/2022,17:30:00,Ath Bilbao,Celta,0,2,A,0,2,A,10,6,2,4,13,15,5,4,2,2,0,0
17/04/2022,20:00:00,Sevilla,Real Madrid,2,3,A,2,0,H,7,15,2,6,11,9,0,3,3,4,0,0
18/04/2022,20:00:00,Barcelona,Cadiz,0,1,A,0,0,D,18,6,6,4,16,9,8,1,4,1,0,0
19/04/2022,18:00:00,Mallorca,Alaves,2,1,H,2,0,H,5,12,3,4,25,15,0,6,2,6,0,0
19/04/2022,20:00:00,Betis,Elche,0,1,A,0,0,D,18,9,3,1,9,14,2,3,2,3,1,0
19/04/2022,20:30:00,Villarreal,Valencia,2,0,H,2,0,H,12,5,5,1,14,12,3,2,2,3,0,0
20/04/2022,18:00:00,Ath Madrid,Granada,0,0,D,0,0,D,22,7,1,2,9,12,11,1,4,5,0,0
20/04/2022,19:00:00,Celta,Getafe,0,2,A,0,1,A,9,6,2,3,13,13,2,1,2,5,0,0
20/04/2022,20:30:00,Osasuna,Real Madrid,1,3,A,1,2,A,12,23,3,11,13,7,3,4,1,3,0,0
21/04/2022,18:00:00,Espanol,Vallecano,0,1,A,0,1,A,6,13,2,2,14,18,3,10,4,4,0,0
21/04/2022,18:00:00,Levante,Sevilla,2,3,A,1,2,A,15,13,6,6,9,12,10,4,1,5,0,0
21/04/2022,19:00:00,Cadiz,Ath Bilbao,2,3,A,0,3,A,27,9,8,7,9,15,4,1,3,5,0,1
21/04/2022,20:30:00,Sociedad,Barcelona,0,1,A,0,1,A,8,11,5,1,12,9,5,3,1,2,0,0
24/04/2022,20:00:00,Barcelona,Vallecano,0,1,A,0,1,A,18,3,5,1,10,1,9,1,4,6,0,0
29/04/2022,20:00:00,Sevilla,Cadiz,1,1,D,1,0,H,11,10,6,4,15,11,5,6,2,2,0,0
30/04/2022,13:00:00,Alaves,Villarreal,2,1,H,2,0,H,11,16,5,6,14,5,5,8,5,2,0,0
30/04/2022,15:15:00,Real Madrid,Espanol,4,0,H,2,0,H,11,20,5,6,11,6,6,8,2,0,0,0
30/04/2022,17:30:00,Valencia,Levante,1,1,D,1,0,H,6,24,1,6,11,21,1,7,4,3,1,0
30/04/2022,20:00:00,Ath Bilbao,Ath Madrid,2,0,H,1,0,H,11,9,4,3,18,15,5,3,3,3,0,0
01/05/2022,13:00:00,Elche,Osasuna,1,1,D,0,0,D,11,9,4,3,13,18,7,4,4,2,0,0
01/05/2022,15:15:00,Granada,Celta,1,1,D,0,0,D,15,13,6,6,11,13,5,4,1,3,0,0
01/05/2022,17:30:00,Vallecano,Sociedad,1,1,D,0,1,A,13,8,7,3,15,7,8,5,2,1,0,0
01/05/2022,20:00:00,Barcelona,Mallorca,2,1,H,1,0,H,17,6,5,2,13,12,5,2,2,3,0,0
02/05/2022,20:00:00,Getafe,Betis,0,0,D,0,0,D,13,9,2,4,13,13,2,4,1,1,0,0
06/05/2022,20:00:00,Levante,Sociedad,2,1,H,0,0,D,16,21,7,6,10,11,7,6,2,3,0,0
07/05/2022,13:00:00,Mallorca,Granada,2,6,A,1,1,D,18,14,8,7,11,13,5,5,3,2,0,0
07/05/2022,15:15:00,Ath Bilbao,Valencia,0,0,D,0,0,D,10,4,5,1,13,22,4,2,4,4,0,1
07/05/2022,17:30:00,Cadiz,Elche,3,0,H,0,0,D,17,4,7,2,18,13,8,1,1,0,0,1
07/05/2022,17:30:00,Celta,Alaves,4,0,H,2,0,H,15,3,7,1,7,7,7,1,1,3,0,1
07/05/2022,20:00:00,Betis,Barcelona,1,2,A,0,0,D,14,11,5,5,16,18,4,8,1,2,0,0
08/05/2022,13:00:00,Getafe,Vallecano,0,0,D,0,0,D,12,12,6,1,20,14,4,5,3,4,0,0
08/05/2022,15:15:00,Villarreal,Sevilla,1,1,D,0,0,D,14,7,6,2,14,15,4,2,3,0,0,0
08/05/2022,17:30:00,Espanol,Osasuna,1,1,D,0,1,A,12,12,3,5,6,15,6,6,1,3,0,0
08/05/2022,20:00:00,Ath Madrid,Real Madrid,1,0,H,1,0,H,16,15,2,6,17,7,4,6,2,4,0,0
10/05/2022,18:00:00,Valencia,Betis,0,3,A,0,0,D,19,9,5,5,17,11,7,3,1,3,0,0
10/05/2022,19:00:00,Granada,Ath Bilbao,1,0,H,1,0,H,12,8,2,1,20,11,2,7,4,2,0,1
10/05/2022,20:30:00,Barcelona,Celta,3,1,H,2,0,H,10,13,4,5,18,6,2,8,3,0,0,1
11/05/2022,18:00:00,Alaves,Espanol,2,1,H,1,1,D,27,5,9,3,11,15,12,3,3,3,0,1
11/05/2022,18:00:00,Osasuna,Getafe,1,1,D,1,1,D,12,6,1,0,10,17,7,2,2,4,0,1
11/05/2022,19:30:00,Sevilla,Mallorca,0,0,D,0,0,D,18,10,4,2,11,18,6,3,4,6,0,0
11/05/2022,20:30:00,Elche,Ath Madrid,0,2,A,0,1,A,9,11,0,6,16,7,6,3,2,2,0,0
12/05/2022,18:00:00,Sociedad,Cadiz,3,0,H,1,0,H,13,14,7,1,13,11,2,12,4,2,0,0
12/05/2022,19:00:00,Vallecano,Villarreal,1,5,A,1,4,A,17,11,3,8,13,10,9,3,5,2,0,0
12/05/2022,20:30:00,Real Madrid,Levante,6,0,H,4,0,H,27,16,16,1,8,6,6,6,2,1,0,0
14/05/2022,17:30:00,Espanol,Valencia,1,1,D,1,1,D,5,18,3,5,18,15,2,3,4,1,0,0
15/05/2022,18:30:00,Ath Bilbao,Osasuna,2,0,H,1,0,H,14,8,8,1,6,14,10,6,0,0,0,0
15/05/2022,18:30:00,Ath Madrid,Sevilla,1,1,D,1,0,H,12,8,3,4,14,18,4,5,2,5,0,0
15/05/2022,18:30:00,Betis,Granada,2,0,H,1,0,H,11,14,4,4,11,17,4,9,0,1,0,0
15/05/2022,18:30:00,Cadiz,Real Madrid,1,1,D,1,1,D,21,16,7,7,13,11,10,2,7,2,0,0
15/05/2022,18:30:00,Celta,Elche,1,0,H,1,0,H,14,10,5,1,11,12,7,5,2,2,0,0
15/05/2022,18:30:00,Getafe,Barcelona,0,0,D,0,0,D,9,5,3,1,9,8,5,5,1,2,0,0
15/05/2022,18:30:00,Levante,Alaves,3,1,H,0,1,A,15,6,5,2,19,10,3,4,8,6,0,0
15/05/2022,18:30:00,Mallorca,Vallecano,2,1,H,1,0,H,12,11,5,4,13,8,5,3,1,0,0,0
15/05/2022,18:30:00,Villarreal,Sociedad,1,2,A,1,0,H,10,11,4,6,12,16,4,3,4,2,0,0
20/05/2022,20:00:00,Real Madrid,Betis,0,0,D,0,0,D,17,11,3,2,7,12,8,5,0,0,0,0
20/05/2022,20:00:00,Vallecano,Levante,2,4,A,1,3,A,19,14,8,7,8,12,7,3,0,3,0,0
21/05/2022,16:30:00,Valencia,Celta,2,0,H,1,0,H,10,9,3,3,22,19,3,3,3,3,0,0
22/05/2022,16:30:00,Elche,Getafe,3,1,H,1,1,D,19,7,9,2,11,9,8,3,2,2,0,0
22/05/2022,19:00:00,Alaves,Cadiz,0,1,A,0,0,D,9,13,2,6,11,13,4,4,0,1,0,0
22/05/2022,19:00:00,Granada,Espanol,0,0,D,0,0,D,15,10,5,5,9,12,7,3,1,0,0,0
22/05/2022,19:00:00,Osasuna,Mallorca,0,2,A,0,0,D,11,14,1,6,8,14,5,7,2,2,0,0
22/05/2022,21:00:00,Barcelona,Villarreal,0,2,A,0,1,A,14,4,3,3,12,7,12,1,3,1,0,0
22/05/2022,21:00:00,Sevilla,Ath Bilbao,1,0,H,0,0,D,13,9,3,1,13,12,5,0,3,3,0,0
22/05/2022,21:00:00,Sociedad,Ath Madrid,1,2,A,0,0,D,12,6,3,5,16,11,3,2,4,2,0,0
12/08/2022,20:00:00,Osasuna,Sevilla,2,1,H,1,1,D,12,10,5,3,16,9,5,2,5,3,0,0
13/08/2022,16:00:00,Celta,Espanol,2,2,D,1,0,H,8,10,3,2,17,15,3,3,5,2,0,0
13/08/2022,18:00:00,Valladolid,Villarreal,0,3,A,0,0,D,12,10,6,4,6,10,4,5,1,0,0,0
13/08/2022,20:00:00,Barcelona,Vallecano,0,0,D,0,0,D,21,4,6,2,16,14,8,0,3,6,1,0
14/08/2022,16:30:00,Cadiz,Sociedad,0,1,A,0,1,A,7,15,2,7,9,20,3,6,4,2,0,0
14/08/2022,18:30:00,Valencia,Girona,1,0,H,1,0,H,17,5,2,1,18,14,4,4,2,3,1,0
14/08/2022,21:00:00,Almeria,Real Madrid,1,2,A,1,0,H,10,29,6,15,11,4,2,15,3,1,0,0
15/08/2022,16:30:00,Ath Bilbao,Mallorca,0,0,D,0,0,D,23,6,6,2,13,12,7,2,0,6,0,0
15/08/2022,18:30:00,Getafe,Ath Madrid,0,3,A,0,1,A,10,12,0,5,14,19,3,6,2,1,0,0
15/08/2022,20:30:00,Betis,Elche,3,0,H,2,0,H,17,4,8,2,10,18,8,4,3,6,0,1
19/08/2022,19:00:00,Espanol,Vallecano,0,2,A,0,1,A,13,8,1,3,12,17,9,2,2,5,1,1
19/08/2022,21:00:00,Sevilla,Valladolid,1,1,D,0,0,D,18,6,2,3,20,10,12,2,3,2,1,1
20/08/2022,16:30:00,Osasuna,Cadiz,2,0,H,1,0,H,16,9,3,2,11,13,2,2,2,5,0,1
20/08/2022,18:30:00,Mallorca,Betis,1,2,A,0,1,A,13,8,7,3,22,17,5,2,7,8,0,0
20/08/2022,21:00:00,Celta,Real Madrid,1,4,A,1,2,A,15,16,2,7,12,8,2,2,2,2,0,0
21/08/2022,16:30:00,Ath Bilbao,Valencia,1,0,H,1,0,H,12,10,2,0,11,15,6,3,5,2,0,0
21/08/2022,18:30:00,Ath Madrid,Villarreal,0,2,A,0,0,D,13,19,5,5,8,11,5,6,2,3,1,0
21/08/2022,21:00:00,Sociedad,Barcelona,1,4,A,1,1,D,10,15,5,7,16,9,3,6,2,1,0,0
22/08/2022,19:00:00,Elche,Almeria,1,1,D,1,1,D,13,12,3,7,12,16,6,5,1,4,0,1
22/08/2022,21:00:00,Girona,Getafe,3,1,H,1,0,H,12,7,6,3,16,18,5,2,3,6,0,1
26/08/2022,19:00:00,Girona,Celta,0,1,A,0,0,D,11,11,3,6,16,13,2,4,2,1,0,0
26/08/2022,21:00:00,Betis,Osasuna,1,0,H,1,0,H,7,12,1,2,9,21,2,4,0,3,1,0
27/08/2022,16:30:00,Elche,Sociedad,0,1,A,0,1,A,12,9,5,5,13,18,4,6,3,3,0,0
27/08/2022,18:30:00,Vallecano,Mallorca,0,2,A,0,1,A,15,9,0,4,11,18,7,3,1,3,0,0
27/08/2022,21:00:00,Almeria,Sevilla,2,1,H,1,1,D,11,13,5,5,18,11,5,2,5,8,0,0
28/08/2022,16:30:00,Getafe,Villarreal,0,0,D,0,0,D,8,11,2,6,11,19,1,4,1,5,0,0
28/08/2022,18:30:00,Barcelona,Valladolid,4,0,H,2,0,H,24,8,9,3,9,8,14,4,0,3,0,0
28/08/2022,21:00:00,Espanol,Real Madrid,1,3,A,1,1,D,15,19,4,6,15,12,7,7,0,0,1,0
29/08/2022,19:00:00,Cadiz,Ath Bilbao,0,4,A,0,1,A,9,20,3,8,18,4,0,6,2,1,0,0
29/08/2022,21:00:00,Valencia,Ath Madrid,0,1,A,0,0,D,12,13,2,7,15,17,6,2,4,3,0,0
02/09/2022,20:00:00,Celta,Cadiz,3,0,H,0,0,D,9,7,5,0,13,23,2,2,1,2,0,0
03/09/2022,13:00:00,Mallorca,Girona,1,1,D,0,0,D,10,10,4,4,23,9,6,3,4,2,0,0
03/09/2022,15:15:00,Real Madrid,Betis,2,1,H,1,1,D,22,8,4,4,8,12,9,2,0,1,0,0
03/09/2022,17:30:00,Sociedad,Ath Madrid,1,1,D,0,1,A,12,15,5,7,18,13,7,7,5,4,0,0
03/09/2022,20:00:00,Sevilla,Barcelona,0,3,A,0,2,A,9,18,4,7,15,14,4,4,2,4,0,0
04/09/2022,13:00:00,Osasuna,Vallecano,2,1,H,0,0,D,13,5,6,3,14,16,4,0,2,2,0,0
04/09/2022,15:15:00,Ath Bilbao,Espanol,0,1,A,0,0,D,17,9,2,2,12,12,4,2,3,2,0,0
04/09/2022,17:30:00,Villarreal,Elche,4,0,H,2,0,H,18,7,10,0,10,9,6,4,1,3,0,0
04/09/2022,20:00:00,Valencia,Getafe,5,1,H,3,0,H,24,7,9,4,11,21,9,1,3,6,1,1
05/09/2022,20:00:00,Valladolid,Almeria,1,0,H,0,0,D,14,12,6,1,11,20,2,8,1,6,0,0
09/09/2022,20:00:00,Girona,Valladolid,2,1,H,1,1,D,14,14,5,4,11,15,3,12,0,2,0,0
10/09/2022,13:00:00,Vallecano,Valencia,2,1,H,1,0,H,14,17,6,4,22,11,7,7,5,2,0,0
10/09/2022,15:15:00,Espanol,Sevilla,2,3,A,1,3,A,19,11,5,7,11,14,9,3,3,5,0,1
10/09/2022,17:30:00,Cadiz,Barcelona,0,4,A,0,0,D,6,16,0,8,12,13,5,6,1,2,0,0
10/09/2022,20:00:00,Ath Madrid,Celta,4,1,H,1,0,H,10,14,4,3,11,6,4,7,2,3,0,0
11/09/2022,13:00:00,Real Madrid,Mallorca,4,1,H,1,1,D,22,5,7,2,7,15,4,3,3,5,0,0
11/09/2022,15:15:00,Elche,Ath Bilbao,1,4,A,0,4,A,9,16,2,8,15,9,5,5,3,0,0,0
11/09/2022,17:30:00,Getafe,Sociedad,2,1,H,1,0,H,8,13,3,6,9,16,3,7,4,1,0,0
11/09/2022,20:00:00,Betis,Villarreal,1,0,H,0,0,D,16,14,5,3,11,14,9,8,1,1,0,0
12/09/2022,20:00:00,Almeria,Osasuna,0,1,A,0,1,A,7,15,2,4,4,9,5,10,0,2,0,0
16/09/2022,20:00:00,Valladolid,Cadiz,0,1,A,0,0,D,18,7,6,1,12,19,8,2,1,4,0,0
17/09/2022,13:00:00,Mallorca,Almeria,1,0,H,1,0,H,5,9,2,3,15,14,5,2,3,6,0,0
17/09/2022,15:15:00,Barcelona,Elche,3,0,H,2,0,H,25,1,9,1,11,9,6,0,2,2,0,1
17/09/2022,17:30:00,Valencia,Celta,3,0,H,1,0,H,14,6,7,2,18,23,5,4,3,2,0,1
17/09/2022,20:00:00,Ath Bilbao,Vallecano,3,2,H,3,1,H,14,11,7,2,13,13,2,7,1,2,0,0
18/09/2022,13:00:00,Osasuna,Getafe,0,2,A,0,1,A,12,10,4,4,15,15,8,1,7,3,1,1
18/09/2022,15:15:00,Villarreal,Sevilla,1,1,D,0,1,A,17,12,7,1,15,12,6,4,1,5,0,0
18/09/2022,17:30:00,Betis,Girona,2,1,H,1,1,D,9,8,3,3,9,8,2,4,0,3,0,0
18/09/2022,17:30:00,Sociedad,Espanol,2,1,H,2,1,H,14,14,6,4,18,8,4,2,3,0,0,0
18/09/2022,20:00:00,Ath Madrid,Real Madrid,1,2,A,0,2,A,12,6,5,3,15,16,8,1,4,2,1,0
30/09/2022,20:00:00,Ath Bilbao,Almeria,4,0,H,2,0,H,17,8,4,2,17,8,11,2,1,3,0,0
01/10/2022,13:00:00,Cadiz,Villarreal,0,0,D,0,0,D,10,14,2,6,13,8,6,5,2,3,1,0
01/10/2022,15:15:00,Getafe,Valladolid,2,3,A,2,2,D,14,14,6,7,23,13,4,2,2,4,0,0
01/10/2022,17:30:00,Sevilla,Ath Madrid,0,2,A,0,1,A,14,20,3,6,9,12,5,7,3,2,0,0
01/10/2022,20:00:00,Mallorca,Barcelona,0,1,A,0,1,A,13,11,3,3,9,13,5,5,2,4,0,0
02/10/2022,13:00:00,Espanol,Valencia,2,2,D,0,0,D,10,12,5,5,16,15,6,4,2,1,1,1
02/10/2022,15:15:00,Celta,Betis,1,0,H,1,0,H,11,9,4,4,26,3,5,3,4,3,0,1
02/10/2022,17:30:00,Girona,Sociedad,3,5,A,2,2,D,16,11,8,5,9,19,2,2,3,1,0,0
02/10/2022,20:00:00,Real Madrid,Osasuna,1,1,D,1,0,H,22,8,4,2,9,13,10,2,1,2,0,1
03/10/2022,20:00:00,Vallecano,Elche,2,1,H,1,1,D,15,5,6,2,5,19,13,3,1,8,0,0
07/10/2022,20:00:00,Osasuna,Valencia,1,2,A,0,1,A,11,15,2,7,11,19,7,5,3,6,2,1
08/10/2022,13:00:00,Almeria,Vallecano,3,1,H,3,0,H,10,12,4,4,22,12,7,6,4,2,1,0
08/10/2022,15:15:00,Ath Madrid,Girona,2,1,H,1,0,H,13,11,7,4,12,13,8,3,3,1,0,0
08/10/2022,17:30:00,Sevilla,Ath Bilbao,1,1,D,1,0,H,10,21,3,4,19,14,5,7,4,0,0,1
08/10/2022,20:00:00,Getafe,Real Madrid,0,1,A,0,1,A,9,19,2,4,10,5,4,4,0,0,0,0
09/10/2022,13:00:00,Valladolid,Betis,0,0,D,0,0,D,12,4,3,1,12,16,3,1,1,1,0,1
09/10/2022,15:15:00,Cadiz,Espanol,2,2,D,1,0,H,8,9,3,6,13,12,8,3,4,4,0,0
09/10/2022,17:30:00,Sociedad,Villarreal,1,0,H,1,0,H,17,5,5,1,21,18,9,3,5,3,0,0
09/10/2022,20:00:00,Barcelona,Celta,1,0,H,1,0,H,13,14,5,3,16,9,6,3,2,4,0,0
10/10/2022,20:00:00,Elche,Mallorca,1,1,D,1,0,H,7,11,2,4,12,17,5,7,4,5,1,1
14/10/2022,20:00:00,Vallecano,Getafe,0,0,D,0,0,D,16,6,3,3,13,17,4,1,2,3,0,0
15/10/2022,13:00:00,Girona,Cadiz,1,1,D,0,0,D,23,9,6,2,16,9,6,2,5,4,0,0
15/10/2022,15:15:00,Valencia,Elche,2,2,D,2,1,H,20,8,8,6,14,19,6,1,3,6,0,0
15/10/2022,17:30:00,Mallorca,Sevilla,0,1,A,0,0,D,9,4,5,1,17,15,1,3,2,3,0,0
15/10/2022,20:00:00,Ath Bilbao,Ath Madrid,0,1,A,0,0,D,13,3,3,1,14,17,6,1,0,6,0,0
16/10/2022,13:00:00,Celta,Sociedad,1,2,A,1,1,D,10,8,3,6,14,17,1,6,5,7,1,0
16/10/2022,15:15:00,Real Madrid,Barcelona,3,1,H,2,0,H,8,18,4,5,11,14,2,3,2,2,0,0
16/10/2022,17:30:00,Espanol,Valladolid,1,0,H,0,0,D,15,14,3,2,13,11,6,4,1,4,0,0
16/10/2022,20:00:00,Betis,Almeria,3,1,H,1,0,H,15,12,6,5,6,7,9,3,1,1,0,0
17/10/2022,20:00:00,Villarreal,Osasuna,2,0,H,1,0,H,12,14,9,3,14,23,8,4,2,6,0,0
18/10/2022,18:00:00,Sevilla,Valencia,1,1,D,0,1,A,18,13,5,5,11,26,11,6,4,7,1,0
18/10/2022,19:00:00,Getafe,Ath Bilbao,2,2,D,1,1,D,11,14,4,4,14,11,7,4,7,4,0,0
18/10/2022,20:00:00,Ath Madrid,Vallecano,1,1,D,1,0,H,12,14,4,4,11,11,3,4,3,0,0,0
19/10/2022,18:00:00,Cadiz,Betis,0,0,D,0,0,D,13,12,3,3,15,7,4,9,1,2,0,1
19/10/2022,18:00:00,Valladolid,Celta,4,1,H,1,1,D,9,22,7,5,12,11,3,7,1,1,0,0
19/10/2022,19:00:00,Sociedad,Mallorca,1,0,H,1,0,H,14,12,7,3,18,9,10,7,1,2,0,0
19/10/2022,20:00:00,Elche,Real Madrid,0,3,A,0,1,A,10,10,3,7,14,10,8,2,1,1,0,0
20/10/2022,18:00:00,Almeria,Girona,3,2,H,3,0,H,13,14,7,5,14,14,4,5,1,3,0,0
20/10/2022,19:00:00,Osasuna,Espanol,1,0,H,0,0,D,17,5,5,3,17,15,9,2,1,2,0,0
20/10/2022,20:00:00,Barcelona,Villarreal,3,0,H,3,0,H,16,5,5,1,18,11,8,0,0,1,0,0
22/10/2022,13:00:00,Vallecano,Cadiz,5,1,H,2,0,H,28,3,11,0,13,12,10,1,1,4,1,2
22/10/2022,15:15:00,Valladolid,Sociedad,1,0,H,1,0,H,9,20,2,2,19,14,4,10,2,3,0,0
22/10/2022,17:30:00,Valencia,Mallorca,1,2,A,0,0,D,13,10,3,5,14,19,5,3,3,5,0,0
22/10/2022,20:00:00,Real Madrid,Sevilla,3,1,H,1,0,H,18,9,6,2,9,12,4,3,1,4,0,0
23/10/2022,13:00:00,Espanol,Elche,2,2,D,1,1,D,13,9,5,4,13,10,5,3,2,3,0,0
23/10/2022,15:15:00,Betis,Ath Madrid,1,2,A,0,0,D,17,9,4,3,10,17,7,4,2,3,0,0
23/10/2022,17:30:00,Girona,Osasuna,1,1,D,1,1,D,7,9,1,2,11,11,3,5,2,3,0,0
23/10/2022,17:30:00,Villarreal,Almeria,2,1,H,0,1,A,11,15,5,4,7,8,10,4,4,1,1,0
23/10/2022,20:00:00,Barcelona,Ath Bilbao,4,0,H,3,0,H,10,5,7,3,7,13,1,2,2,2,0,0
24/10/2022,20:00:00,Celta,Getafe,1,1,D,0,1,A,17,4,5,1,10,13,10,0,1,1,0,0
28/10/2022,20:00:00,Mallorca,Espanol,1,1,D,0,0,D,12,7,5,2,15,9,4,4,4,1,0,0
29/10/2022,13:00:00,Almeria,Celta,3,1,H,0,1,A,19,8,5,3,10,7,6,4,4,0,0,1
29/10/2022,15:15:00,Cadiz,Ath Madrid,3,2,H,1,0,H,10,15,7,7,15,12,5,3,2,4,0,0
29/10/2022,17:30:00,Sevilla,Vallecano,0,1,A,0,0,D,10,15,4,5,9,20,6,6,6,1,0,0
29/10/2022,20:00:00,Valencia,Barcelona,0,1,A,0,0,D,3,13,2,2,13,7,3,10,4,5,0,0
30/10/2022,13:00:00,Osasuna,Valladolid,2,0,H,2,0,H,20,7,10,2,14,16,1,8,1,3,0,0
30/10/2022,15:15:00,Real Madrid,Girona,1,1,D,0,0,D,19,8,6,2,16,8,7,1,3,3,1,0
30/10/2022,17:30:00,Ath Bilbao,Villarreal,1,0,H,0,0,D,19,6,7,3,12,10,6,2,2,1,0,0
30/10/2022,20:00:00,Sociedad,Betis,0,2,A,0,0,D,14,10,7,4,22,16,5,3,4,4,0,0
31/10/2022,20:00:00,Elche,Getafe,0,1,A,0,0,D,12,8,5,3,12,11,6,2,0,3,0,1
04/11/2022,20:00:00,Girona,Ath Bilbao,2,1,H,0,0,D,19,11,10,7,11,11,7,1,1,1,0,0
05/11/2022,13:00:00,Getafe,Cadiz,0,0,D,0,0,D,13,15,2,4,15,16,5,5,5,2,2,1
05/11/2022,15:15:00,Valladolid,Elche,2,1,H,1,0,H,16,4,11,2,9,10,8,4,2,0,0,0
05/11/2022,17:30:00,Celta,Osasuna,1,2,A,1,2,A,13,8,5,4,12,20,2,3,1,5,0,0
05/11/2022,20:00:00,Barcelona,Almeria,2,0,H,0,0,D,27,4,13,1,14,13,9,1,2,1,0,0
06/11/2022,13:00:00,Ath Madrid,Espanol,1,1,D,0,0,D,27,6,7,2,13,10,12,2,3,5,0,1
06/11/2022,15:15:00,Sociedad,Valencia,1,1,D,1,1,D,9,14,4,3,11,12,1,11,2,0,1,0
06/11/2022,17:30:00,Villarreal,Mallorca,0,2,A,0,1,A,9,7,2,5,17,16,5,2,4,6,0,0
06/11/2022,20:00:00,Betis,Sevilla,1,1,D,1,0,H,9,22,4,6,6,20,1,4,4,5,2,1
07/11/2022,20:00:00,Vallecano,Real Madrid,3,2,H,2,2,D,15,16,7,2,22,11,4,5,4,5,0,0
08/11/2022,18:00:00,Elche,Girona,1,2,A,1,1,D,11,21,2,3,16,9,2,5,3,2,0,0
08/11/2022,19:00:00,Ath Bilbao,Valladolid,3,0,H,1,0,H,19,8,6,0,20,6,10,2,3,1,0,0
08/11/2022,20:30:00,Osasuna,Barcelona,1,2,A,1,0,H,15,9,3,3,15,6,2,5,4,4,0,2
09/11/2022,18:00:00,Almeria,Getafe,1,0,H,1,0,H,8,11,3,3,17,8,7,6,8,4,1,0
09/11/2022,18:00:00,Sevilla,Sociedad,1,2,A,1,2,A,6,17,3,9,9,12,2,1,2,2,2,0
09/11/2022,19:00:00,Espanol,Villarreal,0,1,A,0,0,D,14,10,6,3,11,6,4,7,1,3,0,0
09/11/2022,20:30:00,Mallorca,Ath Madrid,1,0,H,1,0,H,9,17,3,5,14,17,2,5,5,3,0,0
10/11/2022,18:00:00,Vallecano,Celta,0,0,D,0,0,D,10,11,3,3,19,16,5,3,7,1,0,0
10/11/2022,19:00:00,Valencia,Betis,3,0,H,0,0,D,15,5,7,1,12,9,5,5,1,3,0,1
10/11/2022,20:30:00,Real Madrid,Cadiz,2,1,H,1,0,H,18,10,5,5,12,16,7,1,3,3,0,0
29/12/2022,16:00:00,Girona,Vallecano,2,2,D,1,1,D,16,12,7,4,14,14,2,4,3,2,0,0
29/12/2022,18:15:00,Betis,Ath Bilbao,0,0,D,0,0,D,9,10,5,0,8,17,2,6,1,4,1,0
29/12/2022,20:30:00,Ath Madrid,Elche,2,0,H,0,0,D,18,5,4,1,14,20,3,5,3,4,1,2
30/12/2022,16:00:00,Getafe,Mallorca,2,0,H,0,0,D,14,3,6,0,10,19,4,2,0,1,0,0
30/12/2022,18:15:00,Cadiz,Almeria,1,1,D,0,1,A,12,18,6,9,7,14,3,2,2,0,0,0
30/12/2022,18:15:00,Celta,Sevilla,1,1,D,1,0,H,17,7,5,5,11,13,5,6,2,4,0,1
30/12/2022,20:30:00,Valladolid,Real Madrid,0,2,A,0,0,D,14,19,4,8,7,9,5,9,2,0,1,0
31/12/2022,13:00:00,Barcelona,Espanol,1,1,D,1,0,H,21,4,6,1,11,15,10,2,6,7,1,1
31/12/2022,15:15:00,Sociedad,Osasuna,2,0,H,1,0,H,9,11,2,3,10,15,3,2,1,1,0,0
31/12/2022,15:15:00,Villarreal,Valencia,2,1,H,1,1,D,14,13,8,4,12,16,5,2,1,3,0,0
06/01/2023,17:30:00,Elche,Celta,0,1,A,0,1,A,13,14,5,7,15,15,8,4,3,1,1,0
06/01/2023,20:00:00,Valencia,Cadiz,0,1,A,0,1,A,11,6,2,2,14,21,13,2,5,6,0,0
07/01/2023,15:15:00,Villarreal,Real Madrid,2,1,H,0,0,D,17,13,5,3,13,6,6,5,4,1,0,0
07/01/2023,17:30:00,Mallorca,Valladolid,1,0,H,0,0,D,13,9,4,1,14,17,6,2,2,3,0,0
07/01/2023,20:00:00,Espanol,Girona,2,2,D,0,1,A,12,12,6,5,13,16,5,2,3,2,0,0
08/01/2023,13:00:00,Almeria,Sociedad,0,2,A,0,0,D,6,9,1,6,13,14,4,2,1,0,0,0
08/01/2023,15:15:00,Vallecano,Betis,1,2,A,1,2,A,15,14,3,3,10,16,5,7,3,2,0,0
08/01/2023,17:30:00,Sevilla,Getafe,2,1,H,1,0,H,11,11,5,2,13,16,4,4,3,3,0,0
08/01/2023,20:00:00,Ath Madrid,Barcelona,0,1,A,0,1,A,20,10,5,2,8,16,7,4,2,3,1,1
09/01/2023,20:00:00,Ath Bilbao,Osasuna,0,0,D,0,0,D,17,3,3,1,8,13,14,1,0,1,0,0
13/01/2023,20:00:00,Celta,Villarreal,1,1,D,0,1,A,21,3,8,1,11,8,14,3,0,2,0,0
14/01/2023,13:00:00,Valladolid,Vallecano,0,1,A,0,0,D,9,13,2,6,17,18,4,8,2,2,0,0
14/01/2023,15:15:00,Girona,Sevilla,2,1,H,0,1,A,19,10,7,2,11,7,5,2,3,1,0,0
14/01/2023,17:30:00,Osasuna,Mallorca,1,0,H,0,0,D,15,6,4,2,15,19,3,1,2,3,0,0
14/01/2023,20:00:00,Sociedad,Ath Bilbao,3,1,H,2,1,H,11,6,5,2,20,15,4,2,5,1,0,1
15/01/2023,13:00:00,Getafe,Espanol,1,2,A,1,1,D,10,10,2,4,20,13,5,1,2,3,0,0
15/01/2023,15:15:00,Almeria,Ath Madrid,1,1,D,1,1,D,14,12,3,6,14,12,3,4,4,4,0,1
16/01/2023,20:00:00,Cadiz,Elche,1,1,D,1,0,H,16,12,3,5,11,21,3,6,3,2,0,0
20/01/2023,20:00:00,Mallorca,Celta,1,0,H,0,0,D,8,10,3,3,15,11,4,6,2,3,0,0
21/01/2023,13:00:00,Vallecano,Sociedad,0,2,A,0,2,A,14,12,2,7,11,11,3,4,0,0,0,0
21/01/2023,15:15:00,Espanol,Betis,1,0,H,1,0,H,8,13,2,4,18,8,7,4,3,2,0,0
21/01/2023,17:30:00,Ath Madrid,Valladolid,3,0,H,3,0,H,18,7,8,1,12,7,4,1,1,1,0,0
21/01/2023,20:00:00,Sevilla,Cadiz,1,0,H,0,0,D,17,4,9,1,15,14,8,1,1,4,0,1
22/01/2023,13:00:00,Villarreal,Girona,1,0,H,0,0,D,19,8,9,1,21,15,3,2,5,5,0,1
22/01/2023,15:15:00,Elche,Osasuna,1,1,D,0,1,A,13,8,4,4,19,9,7,2,2,1,0,0
22/01/2023,17:30:00,Barcelona,Getafe,1,0,H,1,0,H,8,7,4,3,11,6,4,2,1,2,0,0
22/01/2023,20:00:00,Ath Bilbao,Real Madrid,0,2,A,0,1,A,18,10,3,4,17,10,12,2,3,2,0,0
23/01/2023,20:00:00,Valencia,Almeria,2,2,D,0,0,D,16,14,6,3,8,8,6,2,2,1,0,0
27/01/2023,20:00:00,Almeria,Espanol,3,1,H,1,0,H,19,6,7,3,16,6,2,2,3,3,0,0
28/01/2023,13:00:00,Cadiz,Mallorca,2,0,H,2,0,H,11,9,4,2,13,12,6,2,2,2,0,0
28/01/2023,15:15:00,Girona,Barcelona,0,1,A,0,0,D,8,8,2,3,10,15,4,2,2,3,1,0
28/01/2023,17:30:00,Sevilla,Elche,3,0,H,3,0,H,22,6,8,1,7,8,5,2,1,3,0,1
28/01/2023,20:00:00,Getafe,Betis,0,1,A,0,0,D,6,13,1,2,25,12,6,1,4,2,0,0
29/01/2023,13:00:00,Valladolid,Valencia,1,0,H,0,0,D,13,15,6,2,14,15,4,7,3,1,0,0
29/01/2023,15:15:00,Osasuna,Ath Madrid,0,1,A,0,0,D,14,13,4,5,13,7,5,4,1,0,0,0
29/01/2023,17:30:00,Celta,Ath Bilbao,1,0,H,0,0,D,9,5,3,0,17,19,2,5,3,2,0,0
29/01/2023,20:00:00,Real Madrid,Sociedad,0,0,D,0,0,D,20,8,7,3,8,19,10,3,1,4,0,0
30/01/2023,20:00:00,Villarreal,Vallecano,0,1,A,0,0,D,12,11,3,3,11,18,5,4,2,3,0,0
01/02/2023,20:00:00,Betis,Barcelona,1,2,A,0,0,D,5,13,1,3,17,9,1,6,3,0,1,0
02/02/2023,20:00:00,Real Madrid,Valencia,2,0,H,0,0,D,19,4,7,0,12,17,6,6,3,1,0,1
03/02/2023,20:00:00,Ath Bilbao,Cadiz,4,1,H,3,1,H,17,15,9,3,14,12,0,3,2,1,1,0
04/02/2023,13:00:00,Espanol,Osasuna,1,1,D,0,1,A,9,9,4,3,9,17,4,3,3,5,1,1
04/02/2023,15:15:00,Elche,Villarreal,3,1,H,2,1,H,18,14,7,2,19,8,6,10,4,2,0,0
04/02/2023,17:30:00,Ath Madrid,Getafe,1,1,D,0,0,D,12,9,4,1,11,18,8,0,3,5,0,0
04/02/2023,20:00:00,Betis,Celta,3,4,A,2,2,D,15,9,7,7,11,13,5,5,2,3,1,0
05/02/2023,13:00:00,Mallorca,Real Madrid,1,0,H,1,0,H,4,20,1,1,29,14,1,12,5,5,0,0
05/02/2023,15:15:00,Girona,Valencia,1,0,H,0,0,D,20,8,8,4,11,10,8,4,1,4,0,0
05/02/2023,17:30:00,Sociedad,Valladolid,0,1,A,0,0,D,15,7,4,2,17,14,0,4,4,5,0,0
05/02/2023,20:00:00,Barcelona,Sevilla,3,0,H,0,0,D,16,3,7,1,8,10,8,3,0,2,0,0
06/02/2023,20:00:00,Vallecano,Almeria,2,0,H,0,0,D,15,14,11,5,16,9,3,7,3,3,0,0
10/02/2023,20:00:00,Cadiz,Girona,2,0,H,2,0,H,12,7,3,1,17,11,5,6,4,4,0,0
11/02/2023,15:15:00,Almeria,Betis,2,3,A,1,2,A,16,12,9,7,12,10,8,2,2,3,0,0
11/02/2023,17:30:00,Sevilla,Mallorca,2,0,H,2,0,H,15,6,6,0,9,14,8,2,5,2,0,0
11/02/2023,20:00:00,Valencia,Ath Bilbao,1,2,A,1,1,D,18,11,8,3,11,17,7,1,2,2,0,0
12/02/2023,13:00:00,Getafe,Vallecano,1,1,D,0,1,A,13,19,4,4,21,19,5,6,4,4,1,0
12/02/2023,15:15:00,Celta,Ath Madrid,0,1,A,0,0,D,14,10,3,2,10,13,7,5,2,2,0,1
12/02/2023,17:30:00,Valladolid,Osasuna,0,0,D,0,0,D,18,15,5,4,13,16,10,4,1,3,0,0
12/02/2023,20:00:00,Villarreal,Barcelona,0,1,A,0,1,A,11,7,2,4,22,18,6,2,4,4,0,0
13/02/2023,20:00:00,Espanol,Sociedad,2,3,A,0,1,A,10,11,6,5,9,17,4,3,4,1,1,0
15/02/2023,20:00:00,Real Madrid,Elche,4,0,H,3,0,H,26,7,13,0,5,13,6,4,1,3,0,0
17/02/2023,20:00:00,Girona,Almeria,6,2,H,4,0,H,14,16,8,4,10,8,1,7,1,1,0,0
18/02/2023,13:00:00,Sociedad,Celta,1,1,D,1,0,H,9,18,3,4,14,12,3,7,3,5,0,1
18/02/2023,15:15:00,Betis,Valladolid,2,1,H,2,1,H,16,17,10,3,18,15,4,6,3,5,0,0
18/02/2023,17:30:00,Mallorca,Villarreal,4,2,H,2,1,H,13,8,5,4,19,8,4,4,5,0,0,1
18/02/2023,20:00:00,Osasuna,Real Madrid,0,2,A,0,0,D,11,11,4,6,17,7,5,5,3,2,0,0
19/02/2023,13:00:00,Elche,Espanol,0,1,A,0,0,D,19,11,5,4,11,12,10,5,2,3,1,0
19/02/2023,15:15:00,Vallecano,Sevilla,1,1,D,0,1,A,18,7,5,2,15,6,7,3,4,1,0,0
19/02/2023,17:30:00,Ath Madrid,Ath Bilbao,1,0,H,0,0,D,17,8,5,2,7,13,6,5,2,3,0,0
19/02/2023,20:00:00,Barcelona,Cadiz,2,0,H,2,0,H,16,14,5,4,15,18,5,6,2,3,0,0
20/02/2023,20:00:00,Getafe,Valencia,1,0,H,0,0,D,15,8,6,3,11,8,4,5,6,1,0,0
24/02/2023,20:00:00,Elche,Betis,2,3,A,2,0,H,4,21,2,9,16,9,3,3,4,1,2,0
25/02/2023,13:00:00,Espanol,Mallorca,2,1,H,1,1,D,9,15,3,4,15,18,0,4,2,2,0,0
25/02/2023,15:15:00,Cadiz,Vallecano,1,0,H,0,0,D,5,11,3,2,19,19,4,6,3,4,0,1
25/02/2023,17:30:00,Real Madrid,Ath Madrid,1,1,D,0,0,D,18,7,7,2,10,8,7,4,3,3,0,1
25/02/2023,20:00:00,Valencia,Sociedad,1,0,H,1,0,H,8,11,3,3,13,12,7,8,6,3,0,0
26/02/2023,13:00:00,Ath Bilbao,Girona,2,3,A,1,3,A,17,8,3,4,17,8,11,3,5,5,0,0
26/02/2023,15:15:00,Celta,Valladolid,3,0,H,2,0,H,18,6,4,3,6,5,5,4,1,3,0,1
26/02/2023,17:30:00,Almeria,Barcelona,1,0,H,1,0,H,7,14,4,1,13,11,4,7,3,3,0,0
26/02/2023,20:00:00,Sevilla,Osasuna,2,3,A,0,1,A,22,11,8,4,10,15,10,2,4,2,1,0
27/02/2023,20:00:00,Villarreal,Getafe,2,1,H,1,1,D,11,8,5,3,9,13,6,6,0,1,0,0
03/03/2023,20:00:00,Sociedad,Cadiz,0,0,D,0,0,D,15,6,3,2,18,18,4,0,0,1,0,0
04/03/2023,13:00:00,Getafe,Girona,3,2,H,3,0,H,10,9,6,7,24,11,3,3,5,4,0,0
04/03/2023,15:15:00,Almeria,Villarreal,0,2,A,0,0,D,6,16,0,6,11,10,2,10,2,4,0,0
04/03/2023,17:30:00,Mallorca,Elche,0,1,A,0,0,D,14,15,3,6,17,14,6,7,3,3,0,0
04/03/2023,20:00:00,Ath Madrid,Sevilla,6,1,H,2,1,H,18,8,8,1,12,11,7,3,1,4,0,1
05/03/2023,13:00:00,Valladolid,Espanol,2,1,H,1,0,H,15,12,5,2,4,11,9,6,3,2,0,0
05/03/2023,15:15:00,Barcelona,Valencia,1,0,H,1,0,H,13,13,4,1,11,13,5,2,0,0,1,0
05/03/2023,17:30:00,Vallecano,Ath Bilbao,0,0,D,0,0,D,18,16,2,3,9,17,7,9,1,0,0,1
05/03/2023,20:00:00,Betis,Real Madrid,0,0,D,0,0,D,8,15,4,5,12,13,5,3,3,4,0,0
06/03/2023,20:00:00,Osasuna,Celta,0,0,D,0,0,D,10,6,5,0,12,12,6,4,0,2,0,0
10/03/2023,20:00:00,Cadiz,Getafe,2,2,D,1,0,H,11,16,4,10,13,16,2,6,4,5,1,1
11/03/2023,13:00:00,Real Madrid,Espanol,3,1,H,2,1,H,22,10,7,3,12,17,7,4,3,2,0,0
11/03/2023,15:15:00,Elche,Valladolid,1,1,D,0,1,A,24,5,10,1,19,11,10,3,4,6,0,2
11/03/2023,17:30:00,Celta,Vallecano,3,0,H,0,0,D,15,12,6,3,13,12,3,7,2,3,0,0
11/03/2023,20:00:00,Valencia,Osasuna,1,0,H,0,0,D,8,7,4,0,8,19,12,3,2,5,0,0
12/03/2023,13:00:00,Mallorca,Sociedad,1,1,D,0,1,A,8,8,2,2,19,20,3,2,2,2,0,1
12/03/2023,15:15:00,Sevilla,Almeria,2,1,H,1,1,D,27,13,5,5,8,11,6,4,4,4,0,0
12/03/2023,17:30:00,Villarreal,Betis,1,1,D,0,1,A,15,6,4,3,8,11,2,4,3,2,0,0
12/03/2023,20:00:00,Ath Bilbao,Barcelona,0,1,A,0,1,A,15,10,5,2,13,7,5,3,2,1,0,0
13/03/2023,20:00:00,Girona,Ath Madrid,0,1,A,0,0,D,6,14,4,4,6,12,1,3,2,3,0,0
17/03/2023,20:00:00,Valladolid,Ath Bilbao,1,3,A,0,1,A,15,15,3,6,9,14,2,9,2,2,0,0
18/03/2023,13:00:00,Almeria,Cadiz,1,1,D,0,0,D,17,10,5,4,12,12,5,2,1,4,0,0
18/03/2023,15:15:00,Vallecano,Girona,2,2,D,2,1,H,15,12,3,4,15,16,3,5,2,2,0,0
18/03/2023,17:30:00,Espanol,Celta,1,3,A,0,2,A,11,8,3,4,11,12,4,1,2,2,0,0
18/03/2023,20:00:00,Ath Madrid,Valencia,3,0,H,1,0,H,14,9,6,1,12,9,4,2,2,0,0,0
19/03/2023,13:00:00,Betis,Mallorca,1,0,H,0,0,D,10,5,3,1,8,15,4,4,1,2,0,0
19/03/2023,15:15:00,Osasuna,Villarreal,0,3,A,0,1,A,10,12,2,6,15,7,7,1,3,2,0,0
19/03/2023,15:15:00,Sociedad,Elche,2,0,H,0,0,D,17,4,4,3,16,16,5,3,2,1,0,0
19/03/2023,17:30:00,Getafe,Sevilla,2,0,H,0,0,D,15,11,4,4,22,10,4,1,4,2,0,0
19/03/2023,20:00:00,Barcelona,Real Madrid,2,1,H,1,1,D,17,11,7,3,12,13,8,1,4,3,0,0
31/03/2023,20:00:00,Mallorca,Osasuna,0,0,D,0,0,D,10,11,1,2,19,17,2,3,7,3,1,0
01/04/2023,13:00:00,Girona,Espanol,2,1,H,0,0,D,14,5,4,1,12,16,5,2,4,2,0,1
01/04/2023,15:15:00,Ath Bilbao,Getafe,0,0,D,0,0,D,17,9,3,1,8,9,13,3,0,0,0,0
01/04/2023,17:30:00,Cadiz,Sevilla,0,2,A,0,0,D,14,11,3,5,9,14,8,4,3,4,0,0
01/04/2023,20:00:00,Elche,Barcelona,0,4,A,0,1,A,15,12,2,6,11,11,11,3,0,3,0,0
02/04/2023,13:00:00,Celta,Almeria,2,2,D,2,2,D,21,8,5,3,13,12,4,1,3,5,0,0
02/04/2023,15:15:00,Real Madrid,Valladolid,6,0,H,4,0,H,30,12,17,2,17,11,9,1,0,1,0,0
02/04/2023,17:30:00,Villarreal,Sociedad,2,0,H,0,0,D,16,16,4,3,12,19,4,4,5,3,1,0
02/04/2023,20:00:00,Ath Madrid,Betis,1,0,H,0,0,D,13,6,7,2,20,11,5,1,1,2,0,0
03/04/2023,20:00:00,Valencia,Vallecano,1,1,D,0,1,A,18,7,4,2,15,16,13,3,2,3,0,0
07/04/2023,20:00:00,Sevilla,Celta,2,2,D,1,0,H,7,9,2,4,11,9,8,3,6,2,2,0
08/04/2023,13:00:00,Osasuna,Elche,2,1,H,0,1,A,22,7,6,1,15,7,9,2,1,3,0,0
08/04/2023,15:15:00,Espanol,Ath Bilbao,1,2,A,0,1,A,9,12,2,7,14,18,8,7,6,4,1,0
08/04/2023,17:30:00,Sociedad,Getafe,2,0,H,1,0,H,11,6,6,4,11,9,3,2,2,1,0,0
08/04/2023,20:00:00,Real Madrid,Villarreal,2,3,A,1,1,D,18,17,4,8,8,19,6,7,0,3,0,0
09/04/2023,13:00:00,Valladolid,Mallorca,3,3,D,1,0,H,10,14,6,6,13,20,1,2,3,5,0,0
09/04/2023,15:15:00,Betis,Cadiz,0,2,A,0,0,D,9,15,3,4,18,16,5,6,3,3,2,0
09/04/2023,17:30:00,Almeria,Valencia,2,1,H,0,0,D,10,11,4,4,11,11,3,7,3,2,0,0
09/04/2023,20:00:00,Vallecano,Ath Madrid,1,2,A,0,2,A,15,14,3,4,8,7,8,2,0,0,1,0
10/04/2023,20:00:00,Barcelona,Girona,0,0,D,0,0,D,18,5,3,0,14,14,12,2,0,2,0,0
14/04/2023,20:00:00,Vallecano,Osasuna,2,1,H,2,0,H,12,8,3,4,18,16,2,3,2,3,0,0
15/04/2023,13:00:00,Villarreal,Valladolid,1,2,A,0,2,A,22,14,7,7,9,18,8,5,1,6,0,0
15/04/2023,15:15:00,Ath Bilbao,Sociedad,2,0,H,1,0,H,13,13,5,4,16,14,5,2,5,2,0,0
15/04/2023,17:30:00,Betis,Espanol,3,1,H,2,0,H,15,13,8,4,9,13,4,13,2,2,0,0
15/04/2023,20:00:00,Cadiz,Real Madrid,0,2,A,0,0,D,12,35,3,11,12,7,2,9,1,0,0,0
16/04/2023,13:00:00,Girona,Elche,2,0,H,1,0,H,14,13,4,5,9,14,3,4,3,3,0,1
16/04/2023,15:15:00,Getafe,Barcelona,0,0,D,0,0,D,5,15,1,3,13,12,1,5,2,1,0,0
16/04/2023,17:30:00,Ath Madrid,Almeria,2,1,H,2,1,H,19,2,7,0,7,8,9,2,3,3,0,0
16/04/2023,20:00:00,Valencia,Sevilla,0,2,A,0,0,D,13,6,3,3,10,17,6,2,1,4,1,0
17/04/2023,20:00:00,Celta,Mallorca,0,1,A,0,1,A,12,8,3,2,10,19,7,5,2,1,1,0
21/04/2023,20:00:00,Espanol,Cadiz,0,0,D,0,0,D,14,11,5,2,8,22,6,3,4,2,0,0
22/04/2023,13:00:00,Osasuna,Betis,3,2,H,3,1,H,10,21,5,6,20,13,5,13,2,0,0,0
22/04/2023,15:15:00,Almeria,Ath Bilbao,1,2,A,0,1,A,12,14,4,3,8,20,3,4,2,4,0,0
22/04/2023,17:30:00,Sociedad,Vallecano,2,1,H,0,0,D,7,7,1,2,18,19,3,3,1,2,0,0
22/04/2023,17:30:00,Valladolid,Girona,1,0,H,1,0,H,15,12,6,6,14,9,5,7,1,1,0,0
22/04/2023,20:00:00,Real Madrid,Celta,2,0,H,1,0,H,17,12,5,2,10,10,8,3,1,2,0,0
23/04/2023,13:00:00,Elche,Valencia,0,2,A,0,2,A,7,5,1,3,12,6,11,6,3,1,0,0
23/04/2023,15:15:00,Barcelona,Ath Madrid,1,0,H,1,0,H,13,13,4,3,15,16,3,3,4,7,0,0
23/04/2023,17:30:00,Mallorca,Getafe,3,1,H,0,1,A,8,3,4,1,15,18,2,2,2,3,0,0
23/04/2023,20:00:00,Sevilla,Villarreal,2,1,H,1,0,H,17,17,4,5,12,10,5,3,1,2,0,0
25/04/2023,18:30:00,Cadiz,Osasuna,0,1,A,0,0,D,20,6,4,4,8,15,11,2,0,1,0,1
25/04/2023,18:30:00,Girona,Real Madrid,4,2,H,2,1,H,13,18,5,3,7,6,3,8,1,2,0,0
25/04/2023,21:00:00,Betis,Sociedad,0,0,D,0,0,D,10,10,1,3,13,23,2,4,1,3,0,0
26/04/2023,18:30:00,Ath Madrid,Mallorca,3,1,H,1,1,D,24,6,9,2,10,9,5,8,0,0,0,0
26/04/2023,18:30:00,Getafe,Almeria,1,2,A,0,1,A,21,23,9,11,15,9,4,6,2,2,1,0
26/04/2023,21:00:00,Celta,Elche,1,0,H,0,0,D,17,16,9,1,9,12,10,6,0,0,0,0
26/04/2023,21:00:00,Vallecano,Barcelona,2,1,H,1,0,H,9,10,6,5,10,14,3,9,1,4,0,0
27/04/2023,18:30:00,Valencia,Valladolid,2,1,H,0,1,A,18,8,5,2,16,17,6,2,0,4,0,0
27/04/2023,18:30:00,Villarreal,Espanol,4,2,H,0,1,A,31,13,13,4,14,10,9,2,2,4,0,1
27/04/2023,21:00:00,Ath Bilbao,Sevilla,0,1,A,0,0,D,7,4,2,1,7,11,8,2,3,3,0,0
28/04/2023,20:00:00,Osasuna,Sociedad,0,2,A,0,1,A,13,12,1,8,12,15,4,2,3,1,0,0
29/04/2023,15:15:00,Elche,Vallecano,4,0,H,1,0,H,18,14,9,3,13,16,3,8,1,2,0,1
29/04/2023,17:30:00,Real Madrid,Almeria,4,2,H,3,1,H,15,9,12,3,12,16,7,0,2,2,0,0
29/04/2023,20:00:00,Barcelona,Betis,4,0,H,3,0,H,15,4,8,1,10,9,10,0,0,2,0,1
30/04/2023,13:00:00,Cadiz,Valencia,2,1,H,1,0,H,8,16,4,4,14,10,5,6,6,2,0,0
30/04/2023,15:15:00,Villarreal,Celta,3,1,H,2,1,H,9,14,3,5,12,11,4,9,1,4,0,0
30/04/2023,17:30:00,Espanol,Getafe,1,0,H,1,0,H,17,7,8,2,12,23,6,3,3,5,0,0
30/04/2023,20:00:00,Valladolid,Ath Madrid,2,5,A,1,3,A,19,9,6,6,14,8,9,1,2,1,0,0
01/05/2023,18:00:00,Mallorca,Ath Bilbao,1,1,D,0,0,D,9,16,2,6,17,9,5,7,4,2,0,0
01/05/2023,20:00:00,Sevilla,Girona,0,2,A,0,1,A,23,9,5,3,14,11,6,1,1,1,0,0
02/05/2023,18:30:00,Almeria,Elche,2,1,H,1,0,H,10,14,4,1,8,9,7,13,2,2,0,0
02/05/2023,18:30:00,Barcelona,Osasuna,1,0,H,0,0,D,21,7,4,2,7,10,11,0,0,0,0,1
02/05/2023,21:00:00,Sociedad,Real Madrid,2,0,H,0,0,D,9,10,4,5,17,9,2,6,1,5,0,1
03/05/2023,18:30:00,Valencia,Villarreal,1,1,D,0,0,D,8,11,1,4,14,13,6,6,4,2,0,0
03/05/2023,21:00:00,Ath Madrid,Cadiz,5,1,H,2,0,H,18,2,8,1,12,9,5,2,3,2,0,0
03/05/2023,21:00:00,Getafe,Celta,1,0,H,1,0,H,14,7,4,1,21,14,1,5,7,5,0,1
04/05/2023,18:30:00,Girona,Mallorca,2,1,H,1,0,H,17,8,7,2,9,13,9,5,4,0,0,0
04/05/2023,18:30:00,Sevilla,Espanol,3,2,H,1,2,A,18,7,6,3,15,11,9,0,1,2,0,0
04/05/2023,21:00:00,Ath Bilbao,Betis,0,1,A,0,1,A,21,12,6,2,13,7,13,2,1,3,1,0
04/05/2023,21:00:00,Vallecano,Valladolid,2,1,H,0,0,D,16,7,6,4,18,15,3,4,0,0,0,0
12/05/2023,20:00:00,Mallorca,Cadiz,1,0,H,1,0,H,8,14,3,4,16,14,3,7,5,3,0,0
13/05/2023,13:00:00,Sociedad,Girona,2,2,D,2,2,D,18,13,6,6,22,13,7,4,5,3,0,1
13/05/2023,15:15:00,Osasuna,Almeria,3,1,H,0,0,D,18,8,7,3,7,7,4,1,0,0,0,0
13/05/2023,17:30:00,Villarreal,Ath Bilbao,5,1,H,2,1,H,17,11,11,5,11,13,7,5,4,3,0,0
13/05/2023,20:00:00,Real Madrid,Getafe,1,0,H,0,0,D,16,9,3,2,5,23,1,3,1,4,0,0
14/05/2023,13:00:00,Celta,Valencia,1,2,A,0,1,A,10,12,6,5,13,19,5,4,3,5,0,1
14/05/2023,15:15:00,Elche,Ath Madrid,1,0,H,1,0,H,15,13,4,4,16,3,3,5,2,0,0,0
14/05/2023,17:30:00,Valladolid,Sevilla,0,3,A,0,0,D,28,17,6,5,9,16,8,3,2,1,0,0
14/05/2023,20:00:00,Espanol,Barcelona,2,4,A,0,3,A,15,15,7,5,12,9,4,3,1,3,0,0
15/05/2023,20:00:00,Betis,Vallecano,3,1,H,2,0,H,11,16,5,4,11,9,6,5,3,2,0,1
19/05/2023,20:00:00,Cadiz,Valladolid,2,0,H,0,0,D,11,6,4,2,18,18,4,3,4,4,0,1
20/05/2023,13:00:00,Girona,Villarreal,1,2,A,1,1,D,9,10,3,5,16,11,3,1,2,1,0,0
20/05/2023,15:15:00,Ath Bilbao,Celta,2,1,H,1,0,H,10,8,3,3,17,12,8,5,4,1,0,0
20/05/2023,17:30:00,Almeria,Mallorca,3,0,H,2,0,H,12,7,3,3,11,15,4,6,1,2,0,0
20/05/2023,17:30:00,Getafe,Elche,1,1,D,1,1,D,9,13,5,4,19,11,5,6,3,1,0,0
20/05/2023,20:00:00,Barcelona,Sociedad,1,2,A,0,1,A,13,13,4,6,8,16,8,2,4,4,0,0
21/05/2023,13:00:00,Vallecano,Espanol,1,2,A,1,1,D,15,10,5,6,8,11,4,4,2,2,0,0
21/05/2023,15:15:00,Ath Madrid,Osasuna,3,0,H,1,0,H,15,12,5,2,6,11,8,10,0,2,0,0
21/05/2023,17:30:00,Valencia,Real Madrid,1,0,H,1,0,H,12,13,6,5,13,4,2,9,4,2,0,1
21/05/2023,20:00:00,Sevilla,Betis,0,0,D,0,0,D,10,5,4,0,14,11,4,3,2,2,0,1
23/05/2023,18:30:00,Celta,Girona,1,1,D,1,0,H,16,11,7,4,13,13,9,3,0,0,0,0
23/05/2023,18:30:00,Sociedad,Almeria,1,0,H,1,0,H,15,2,2,2,20,8,10,2,0,1,0,1
23/05/2023,21:00:00,Valladolid,Barcelona,3,1,H,2,0,H,8,16,4,6,13,9,2,6,1,0,0,0
24/05/2023,18:30:00,Elche,Sevilla,1,1,D,1,1,D,20,9,7,3,12,10,9,5,1,4,0,1
24/05/2023,18:30:00,Real Madrid,Vallecano,2,1,H,1,0,H,12,15,3,6,11,14,5,2,1,3,0,0
24/05/2023,18:30:00,Villarreal,Cadiz,2,0,H,2,0,H,13,16,7,8,14,8,7,6,1,2,0,0
24/05/2023,21:00:00,Betis,Getafe,0,1,A,0,0,D,11,9,4,2,8,12,2,5,2,5,1,0
24/05/2023,21:00:00,Espanol,Ath Madrid,3,3,D,0,2,A,26,16,13,7,6,9,16,1,2,3,0,0
25/05/2023,18:30:00,Mallorca,Valencia,1,0,H,0,0,D,4,15,3,5,15,12,2,4,4,2,0,0
25/05/2023,20:30:00,Osasuna,Ath Bilbao,2,0,H,0,0,D,9,10,3,5,17,13,3,6,3,3,0,0
27/05/2023,18:00:00,Sevilla,Real Madrid,1,2,A,1,1,D,11,6,1,3,23,10,1,1,2,4,1,0
28/05/2023,18:00:00,Almeria,Valladolid,0,0,D,0,0,D,23,8,7,2,11,16,2,4,0,4,0,0
28/05/2023,18:00:00,Ath Bilbao,Elche,0,1,A,0,0,D,27,6,8,2,7,10,19,3,1,1,0,0
28/05/2023,18:00:00,Ath Madrid,Sociedad,2,1,H,1,0,H,11,10,5,5,8,10,6,4,2,2,0,0
28/05/2023,18:00:00,Barcelona,Mallorca,3,0,H,2,0,H,28,3,9,1,4,9,14,3,0,0,0,1
28/05/2023,18:00:00,Cadiz,Celta,1,0,H,0,0,D,13,9,3,4,16,10,3,3,9,5,0,0
28/05/2023,18:00:00,Getafe,Osasuna,2,1,H,1,1,D,16,10,6,2,11,6,1,1,3,1,0,0
28/05/2023,18:00:00,Girona,Betis,1,2,A,1,0,H,9,18,3,7,14,12,8,5,0,1,0,0
28/05/2023,18:00:00,Valencia,Espanol,2,2,D,1,1,D,19,9,4,5,12,12,10,3,0,4,0,0
28/05/2023,18:00:00,Vallecano,Villarreal,2,1,H,0,0,D,15,7,4,2,9,9,4,6,3,5,0,0
04/06/2023,17:30:00,Mallorca,Vallecano,3,0,H,0,0,D,8,20,4,4,14,15,2,6,0,0,0,0
04/06/2023,17:30:00,Osasuna,Girona,2,1,H,0,0,D,14,11,7,6,12,9,5,2,1,5,0,0
04/06/2023,17:30:00,Real Madrid,Ath Bilbao,1,1,D,0,0,D,9,15,2,9,11,14,5,6,2,2,0,0
04/06/2023,17:30:00,Sociedad,Sevilla,2,1,H,1,0,H,17,9,6,4,10,13,5,2,0,1,0,0
04/06/2023,17:30:00,Villarreal,Ath Madrid,2,2,D,1,1,D,22,9,7,3,9,12,12,1,3,2,0,1
04/06/2023,20:00:00,Betis,Valencia,1,1,D,1,0,H,8,10,3,3,11,11,5,4,3,0,0,1
04/06/2023,20:00:00,Celta,Barcelona,2,1,H,1,0,H,12,9,9,2,13,9,2,4,2,2,0,0
04/06/2023,20:00:00,Elche,Cadiz,1,1,D,0,1,A,12,14,5,3,18,8,7,4,4,3,0,0
04/06/2023,20:00:00,Espanol,Almeria,3,3,D,1,1,D,12,11,8,4,11,12,7,6,2,3,0,0
04/06/2023,20:00:00,Valladolid,Getafe,0,0,D,0,0,D,15,4,0,1,9,25,6,1,1,3,0,0
11/08/2023,18:30:00,Almeria,Vallecano,0,2,A,0,2,A,19,10,5,4,16,25,8,3,1,3,0,0
11/08/2023,21:00:00,Sevilla,Valencia,1,2,A,0,0,D,9,10,3,3,15,17,8,1,3,2,1,0
12/08/2023,16:00:00,Sociedad,Girona,1,1,D,1,0,H,15,6,2,1,22,9,4,1,2,5,0,0
12/08/2023,18:30:00,Las Palmas,Mallorca,1,1,D,1,0,H,5,12,2,2,11,21,3,6,3,2,0,0
12/08/2023,20:30:00,Ath Bilbao,Real Madrid,0,2,A,0,2,A,7,14,1,8,18,6,7,5,3,1,0,0
13/08/2023,16:00:00,Celta,Osasuna,0,2,A,0,1,A,11,11,1,5,11,15,7,2,1,1,0,0
13/08/2023,18:30:00,Villarreal,Betis,1,2,A,0,1,A,18,12,5,5,13,17,9,4,1,3,0,0
13/08/2023,20:30:00,Getafe,Barcelona,0,0,D,0,0,D,5,14,2,4,20,11,3,4,8,2,1,1
14/08/2023,18:30:00,Cadiz,Alaves,1,0,H,1,0,H,12,10,3,2,19,15,2,4,3,2,1,0
14/08/2023,20:30:00,Ath Madrid,Granada,3,1,H,1,0,H,14,7,6,4,15,9,3,3,3,1,0,0
18/08/2023,18:30:00,Mallorca,Villarreal,0,1,A,0,0,D,8,15,1,3,12,11,6,5,2,4,0,0
18/08/2023,20:30:00,Valencia,Las Palmas,1,0,H,0,0,D,9,7,4,1,12,6,6,4,0,0,0,0
19/08/2023,16:00:00,Sociedad,Celta,1,1,D,1,0,H,11,17,2,6,12,12,9,7,2,1,0,0
19/08/2023,18:30:00,Almeria,Real Madrid,1,3,A,1,1,D,20,24,8,9,10,13,4,5,1,0,0,0
19/08/2023,20:30:00,Osasuna,Ath Bilbao,0,2,A,0,2,A,18,8,7,2,9,14,5,3,1,5,1,1
20/08/2023,18:00:00,Girona,Getafe,3,0,H,1,0,H,7,9,6,2,11,20,3,2,2,5,0,0
20/08/2023,18:30:00,Barcelona,Cadiz,2,0,H,0,0,D,23,10,10,1,9,22,10,2,4,3,0,0
20/08/2023,20:30:00,Betis,Ath Madrid,0,0,D,0,0,D,14,5,0,1,10,8,2,7,2,1,0,0
21/08/2023,18:00:00,Alaves,Sevilla,4,3,H,2,2,D,14,12,7,2,14,13,4,4,1,2,0,0
21/08/2023,20:30:00,Granada,Vallecano,0,2,A,0,0,D,14,17,7,9,14,11,5,6,2,1,1,0
25/08/2023,18:30:00,Las Palmas,Sociedad,0,0,D,0,0,D,11,8,5,1,7,29,5,7,1,4,0,0
25/08/2023,20:30:00,Celta,Real Madrid,0,1,A,0,0,D,13,10,4,3,19,14,3,5,2,3,0,0
26/08/2023,18:00:00,Cadiz,Almeria,1,1,D,0,0,D,11,5,3,2,16,22,7,3,0,5,1,1
26/08/2023,18:30:00,Granada,Mallorca,3,2,H,1,1,D,10,10,4,5,11,27,5,3,2,7,0,0
26/08/2023,20:30:00,Sevilla,Girona,1,2,A,1,1,D,21,8,4,3,11,18,6,6,2,1,0,0
27/08/2023,16:30:00,Villarreal,Barcelona,3,4,A,2,2,D,13,21,6,11,12,14,2,6,3,3,0,0
27/08/2023,18:30:00,Valencia,Osasuna,1,2,A,0,1,A,16,7,4,2,13,12,6,3,3,4,0,0
27/08/2023,20:30:00,Ath Bilbao,Betis,4,2,H,3,2,H,14,7,6,3,23,11,5,3,4,2,0,0
28/08/2023,18:30:00,Getafe,Alaves,1,0,H,0,0,D,15,16,4,2,13,15,4,5,1,2,0,0
28/08/2023,20:30:00,Vallecano,Ath Madrid,0,7,A,0,3,A,12,17,3,10,19,17,8,3,4,3,0,0
01/09/2023,18:30:00,Cadiz,Villarreal,3,1,H,2,1,H,18,7,4,3,21,15,7,3,5,4,0,1
01/09/2023,21:00:00,Almeria,Celta,2,3,A,0,2,A,16,14,5,8,9,9,6,5,1,1,0,0
02/09/2023,13:00:00,Sociedad,Granada,5,3,H,2,1,H,15,8,6,5,15,14,2,5,1,5,0,0
02/09/2023,15:15:00,Real Madrid,Getafe,2,1,H,0,1,A,26,6,12,2,12,16,11,1,2,6,0,0
02/09/2023,17:30:00,Alaves,Valencia,1,0,H,1,0,H,7,9,1,4,18,9,1,2,4,2,0,0
02/09/2023,20:00:00,Betis,Vallecano,1,0,H,0,0,D,14,15,5,6,22,20,2,3,3,5,0,0
03/09/2023,13:00:00,Girona,Las Palmas,1,0,H,0,0,D,11,10,6,5,15,10,3,5,3,3,0,0
03/09/2023,15:15:00,Mallorca,Ath Bilbao,0,0,D,0,0,D,8,11,2,3,12,17,3,5,0,1,0,0
03/09/2023,20:00:00,Osasuna,Barcelona,1,2,A,0,1,A,11,9,3,4,6,16,8,5,1,3,1,0
15/09/2023,20:00:00,Vallecano,Alaves,2,0,H,1,0,H,20,9,11,1,15,14,5,3,2,3,0,0
16/09/2023,13:00:00,Ath Bilbao,Cadiz,3,0,H,0,0,D,20,5,9,4,10,20,5,4,1,4,0,0
16/09/2023,15:15:00,Valencia,Ath Madrid,3,0,H,2,0,H,12,11,8,3,13,17,5,8,1,5,0,0
16/09/2023,17:30:00,Celta,Mallorca,0,1,A,0,0,D,16,7,4,4,9,15,10,1,1,3,0,0
16/09/2023,20:00:00,Barcelona,Betis,5,0,H,2,0,H,17,11,9,2,9,10,9,5,1,2,0,0
17/09/2023,13:00:00,Getafe,Osasuna,3,2,H,1,1,D,11,8,6,3,15,11,6,3,6,2,0,0
17/09/2023,15:15:00,Villarreal,Almeria,2,1,H,1,1,D,10,17,4,7,16,6,7,6,2,3,0,0
17/09/2023,17:30:00,Sevilla,Las Palmas,1,0,H,0,0,D,26,12,9,2,13,12,7,3,3,5,0,0
17/09/2023,20:00:00,Real Madrid,Sociedad,2,1,H,0,1,A,17,15,8,5,11,14,4,3,3,2,0,0
18/09/2023,20:00:00,Granada,Girona,2,4,A,0,3,A,12,13,5,7,13,21,4,5,3,3,0,0
22/09/2023,20:00:00,Alaves,Ath Bilbao,0,2,A,0,1,A,15,11,5,3,13,9,3,4,2,2,0,0
23/09/2023,13:00:00,Girona,Mallorca,5,3,H,4,1,H,23,15,10,5,10,12,6,5,1,5,0,0
23/09/2023,15:15:00,Osasuna,Sevilla,0,0,D,0,0,D,16,15,2,3,11,7,7,4,2,3,0,0
23/09/2023,17:30:00,Barcelona,Celta,3,2,H,0,1,A,15,13,6,7,10,11,2,3,2,1,0,0
23/09/2023,20:00:00,Almeria,Valencia,2,2,D,0,1,A,17,7,10,5,12,10,8,3,4,2,0,0
24/09/2023,13:00:00,Sociedad,Getafe,4,3,H,1,2,A,10,10,6,7,13,24,2,1,3,2,0,0
24/09/2023,15:15:00,Vallecano,Villarreal,1,1,D,1,1,D,11,13,6,6,20,18,2,8,2,3,0,1
24/09/2023,17:30:00,Betis,Cadiz,1,1,D,0,1,A,21,5,7,1,10,14,11,8,2,3,0,0
24/09/2023,17:30:00,Las Palmas,Granada,1,0,H,0,0,D,10,2,3,1,13,19,6,7,6,4,1,0
24/09/2023,20:00:00,Ath Madrid,Real Madrid,3,1,H,2,1,H,10,20,4,5,13,10,6,11,1,3,0,0
26/09/2023,18:00:00,Sevilla,Almeria,5,1,H,3,0,H,18,10,9,1,15,16,9,4,3,2,0,0
26/09/2023,20:30:00,Mallorca,Barcelona,2,2,D,2,1,H,10,10,5,4,19,7,7,2,4,1,1,0
27/09/2023,18:00:00,Ath Bilbao,Getafe,2,2,D,1,0,H,9,13,4,5,9,19,5,4,5,6,1,0
27/09/2023,18:00:00,Real Madrid,Las Palmas,2,0,H,1,0,H,21,16,9,2,7,9,7,2,0,1,0,0
27/09/2023,18:00:00,Villarreal,Girona,1,2,A,0,0,D,14,17,3,5,9,11,5,6,3,2,0,0
27/09/2023,20:30:00,Cadiz,Vallecano,0,0,D,0,0,D,9,9,2,4,16,13,1,2,5,6,0,1
27/09/2023,20:30:00,Valencia,Sociedad,0,1,A,0,1,A,9,2,2,1,14,17,0,2,4,7,1,0
28/09/2023,18:00:00,Celta,Alaves,1,1,D,1,0,H,8,21,0,11,9,11,2,8,5,3,1,0
28/09/2023,18:00:00,Granada,Betis,1,1,D,0,0,D,19,13,7,3,14,10,5,7,2,1,0,0
28/09/2023,20:30:00,Osasuna,Ath Madrid,0,2,A,0,1,A,13,4,2,3,14,4,7,2,3,3,1,1
29/09/2023,20:00:00,Barcelona,Sevilla,1,0,H,0,0,D,18,12,5,3,11,15,13,3,2,3,0,0
30/09/2023,13:00:00,Getafe,Villarreal,0,0,D,0,0,D,22,3,9,0,19,11,6,4,2,4,0,1
30/09/2023,15:15:00,Vallecano,Mallorca,2,2,D,1,1,D,19,9,5,4,12,20,5,0,2,5,0,0
30/09/2023,17:30:00,Girona,Real Madrid,0,3,A,0,2,A,13,14,3,7,13,14,1,4,2,2,0,1
30/09/2023,20:00:00,Sociedad,Ath Bilbao,3,0,H,1,0,H,8,18,5,3,20,9,5,7,2,2,0,0
01/10/2023,13:00:00,Almeria,Granada,3,3,D,3,0,H,17,19,5,4,18,14,1,5,2,1,0,0
01/10/2023,15:15:00,Alaves,Osasuna,0,2,A,0,1,A,17,10,3,3,13,13,4,2,2,3,1,0
01/10/2023,20:00:00,Ath Madrid,Cadiz,3,2,H,1,2,A,18,8,9,4,5,10,5,3,1,3,0,0
01/10/2023,20:00:00,Betis,Valencia,3,0,H,1,0,H,15,9,7,2,11,10,5,3,2,2,0,0
02/10/2023,20:00:00,Las Palmas,Celta,2,1,H,0,0,D,16,11,5,3,13,14,4,5,2,1,0,0
06/10/2023,20:00:00,Ath Bilbao,Almeria,3,0,H,1,0,H,23,4,9,1,11,7,6,2,2,0,0,0
07/10/2023,13:00:00,Cadiz,Girona,0,1,A,0,0,D,8,20,2,5,12,13,5,5,1,3,1,0
07/10/2023,15:15:00,Real Madrid,Osasuna,4,0,H,1,0,H,19,7,9,1,9,6,5,4,2,2,0,0
07/10/2023,17:30:00,Mallorca,Valencia,1,1,D,1,1,D,9,11,5,3,17,11,3,6,2,1,0,0
07/10/2023,20:00:00,Sevilla,Vallecano,2,2,D,0,2,A,22,7,6,4,16,19,12,2,5,2,0,0
08/10/2023,13:00:00,Villarreal,Las Palmas,1,2,A,0,1,A,9,8,4,5,17,7,7,2,4,4,0,0
08/10/2023,15:15:00,Ath Madrid,Sociedad,2,1,H,1,0,H,14,13,5,4,9,12,1,4,3,3,0,0
08/10/2023,17:30:00,Alaves,Betis,1,1,D,1,1,D,15,6,5,2,13,9,5,3,3,3,0,1
08/10/2023,17:30:00,Celta,Getafe,2,2,D,2,2,D,26,3,11,2,14,20,13,1,1,8,0,1
08/10/2023,20:00:00,Granada,Barcelona,2,2,D,2,1,H,7,22,2,10,12,7,1,11,4,1,0,0
20/10/2023,20:00:00,Osasuna,Granada,2,0,H,1,0,H,12,13,6,3,19,13,1,7,3,4,0,1
21/10/2023,13:00:00,Sociedad,Mallorca,1,0,H,0,0,D,14,18,6,7,14,16,2,5,3,3,0,0
21/10/2023,15:15:00,Getafe,Betis,1,1,D,1,1,D,14,13,4,3,17,11,4,8,5,2,0,0
21/10/2023,17:30:00,Sevilla,Real Madrid,1,1,D,0,0,D,17,14,7,5,13,6,4,6,5,2,0,0
21/10/2023,20:00:00,Celta,Ath Madrid,0,3,A,0,1,A,16,12,3,7,10,10,7,5,3,2,1,0
22/10/2023,13:00:00,Las Palmas,Vallecano,0,1,A,0,0,D,12,12,6,4,13,11,10,5,4,3,0,1
22/10/2023,15:15:00,Girona,Almeria,5,2,H,3,2,H,19,9,8,5,11,14,9,6,1,2,0,0
22/10/2023,17:30:00,Villarreal,Alaves,1,1,D,0,0,D,12,16,3,7,15,10,9,3,4,3,0,0
22/10/2023,20:00:00,Barcelona,Ath Bilbao,1,0,H,0,0,D,12,10,7,3,11,18,4,7,3,3,0,0
23/10/2023,20:00:00,Valencia,Cadiz,2,0,H,2,0,H,12,5,4,4,16,16,4,6,0,3,0,1
27/10/2023,20:00:00,Girona,Celta,1,0,H,0,0,D,12,4,2,2,15,12,10,1,3,2,0,0
28/10/2023,13:00:00,Almeria,Las Palmas,1,2,A,0,1,A,10,10,4,3,13,19,3,2,3,1,0,0
28/10/2023,15:15:00,Barcelona,Real Madrid,1,2,A,1,0,H,15,13,3,4,15,15,6,3,2,1,0,0
28/10/2023,17:30:00,Mallorca,Getafe,0,0,D,0,0,D,15,8,4,0,10,25,8,3,0,1,0,0
28/10/2023,20:00:00,Cadiz,Sevilla,2,2,D,2,1,H,10,20,5,10,17,12,2,4,6,4,0,0
29/10/2023,13:00:00,Betis,Osasuna,2,1,H,1,0,H,9,7,2,1,10,25,6,3,3,4,0,0
29/10/2023,15:15:00,Vallecano,Sociedad,2,2,D,1,1,D,16,15,7,3,17,16,4,5,3,2,0,0
29/10/2023,17:30:00,Ath Bilbao,Valencia,2,2,D,1,0,H,12,11,7,5,11,10,10,4,3,1,0,0
29/10/2023,20:00:00,Ath Madrid,Alaves,2,1,H,2,0,H,11,8,7,1,10,11,4,4,3,2,0,0
30/10/2023,20:00:00,Granada,Villarreal,2,3,A,2,3,A,18,6,8,5,14,15,4,1,0,4,0,0
03/11/2023,20:00:00,Las Palmas,Ath Madrid,2,1,H,0,0,D,9,13,3,5,12,9,3,4,0,3,0,0
04/11/2023,13:00:00,Osasuna,Girona,2,4,A,1,1,D,15,11,3,4,14,10,2,7,5,3,0,0
04/11/2023,15:15:00,Betis,Mallorca,2,0,H,1,0,H,22,8,3,1,13,16,6,1,1,4,0,1
04/11/2023,17:30:00,Celta,Sevilla,1,1,D,1,0,H,15,13,3,5,14,10,4,6,2,5,1,0
04/11/2023,20:00:00,Sociedad,Barcelona,0,1,A,0,0,D,13,12,6,4,16,8,8,3,3,3,0,0
05/11/2023,13:00:00,Alaves,Almeria,1,0,H,0,0,D,23,9,3,3,13,14,12,6,2,3,0,0
05/11/2023,15:15:00,Valencia,Granada,1,0,H,1,0,H,11,6,2,1,20,15,0,4,3,5,0,0
05/11/2023,17:30:00,Villarreal,Ath Bilbao,2,3,A,0,3,A,17,17,6,7,11,18,9,3,4,4,0,0
05/11/2023,20:00:00,Real Madrid,Vallecano,0,0,D,0,0,D,22,4,5,0,12,15,11,1,3,5,0,0
06/11/2023,20:00:00,Getafe,Cadiz,1,0,H,0,0,D,13,6,3,2,18,12,6,3,7,1,1,0
10/11/2023,20:00:00,Ath Bilbao,Celta,4,3,H,2,2,D,21,13,12,5,15,13,7,2,2,2,0,0
11/11/2023,13:00:00,Vallecano,Girona,1,2,A,1,1,D,22,19,9,7,15,13,8,3,1,2,0,0
11/11/2023,15:15:00,Almeria,Sociedad,1,3,A,0,0,D,7,18,2,6,18,19,5,5,2,2,0,0
11/11/2023,17:30:00,Granada,Getafe,1,1,D,1,1,D,12,10,6,6,14,9,3,5,4,2,0,0
11/11/2023,17:30:00,Osasuna,Las Palmas,1,1,D,0,0,D,11,6,3,1,25,10,8,3,1,1,0,0
11/11/2023,20:00:00,Real Madrid,Valencia,5,1,H,2,0,H,16,10,7,4,7,26,4,4,1,3,0,0
12/11/2023,15:15:00,Barcelona,Alaves,2,1,H,0,1,A,11,8,6,1,11,10,2,1,2,1,0,0
12/11/2023,17:30:00,Sevilla,Betis,1,1,D,0,0,D,13,14,4,6,18,14,9,5,1,1,0,0
12/11/2023,20:00:00,Ath Madrid,Villarreal,3,1,H,1,1,D,25,11,10,7,8,8,6,3,0,2,0,0
24/11/2023,20:00:00,Alaves,Granada,3,1,H,2,0,H,8,11,5,4,10,13,6,2,1,3,0,0
25/11/2023,13:00:00,Vallecano,Barcelona,1,1,D,1,0,H,10,15,4,4,23,13,1,4,3,4,0,0
25/11/2023,15:15:00,Valencia,Celta,0,0,D,0,0,D,8,13,0,1,13,7,5,7,3,2,0,0
25/11/2023,17:30:00,Getafe,Almeria,2,1,H,2,1,H,18,13,5,4,12,8,3,6,2,4,0,0
25/11/2023,20:00:00,Ath Madrid,Mallorca,1,0,H,0,0,D,20,8,3,1,8,19,7,3,0,0,0,0
26/11/2023,13:00:00,Villarreal,Osasuna,3,1,H,0,0,D,10,15,3,7,9,14,2,4,0,0,0,0
26/11/2023,15:15:00,Sociedad,Sevilla,2,1,H,2,0,H,11,8,8,2,22,8,4,4,2,1,0,2
26/11/2023,17:30:00,Cadiz,Real Madrid,0,3,A,0,1,A,13,14,4,5,16,16,4,4,3,3,0,0
26/11/2023,20:00:00,Betis,Las Palmas,1,0,H,1,0,H,12,15,6,4,7,12,7,6,1,2,0,0
27/11/2023,20:00:00,Girona,Ath Bilbao,1,1,D,0,0,D,12,13,2,6,8,16,2,6,1,1,0,0
29/11/2023,20:00:00,Mallorca,Cadiz,1,1,D,1,1,D,16,6,3,3,14,18,7,0,2,3,0,0
01/12/2023,20:00:00,Las Palmas,Getafe,2,0,H,1,0,H,11,12,6,4,11,9,4,4,0,5,0,1
02/12/2023,13:00:00,Girona,Valencia,2,1,H,0,0,D,9,9,5,3,6,7,3,2,2,3,0,0
02/12/2023,15:15:00,Ath Bilbao,Vallecano,4,0,H,1,0,H,9,11,4,3,15,11,7,2,1,2,0,0
02/12/2023,17:30:00,Real Madrid,Granada,2,0,H,1,0,H,11,1,4,0,10,12,6,0,2,1,0,0
02/12/2023,20:00:00,Osasuna,Sociedad,1,1,D,1,1,D,9,17,3,5,12,10,1,8,3,3,0,0
03/12/2023,13:00:00,Mallorca,Alaves,0,0,D,0,0,D,7,7,3,4,16,15,5,4,4,2,0,0
03/12/2023,15:15:00,Almeria,Betis,0,0,D,0,0,D,20,6,8,2,12,8,4,6,0,3,0,1
03/12/2023,17:30:00,Sevilla,Villarreal,1,1,D,0,0,D,18,5,4,4,6,16,8,4,3,2,0,0
03/12/2023,20:00:00,Barcelona,Ath Madrid,1,0,H,1,0,H,13,9,2,4,17,12,7,2,5,4,0,0
04/12/2023,20:00:00,Celta,Cadiz,1,1,D,0,1,A,26,2,7,1,14,18,12,1,1,6,0,1
08/12/2023,20:00:00,Getafe,Valencia,1,0,H,0,0,D,8,3,6,0,15,14,7,0,2,4,1,2
09/12/2023,13:00:00,Alaves,Las Palmas,0,1,A,0,1,A,19,9,5,2,13,13,12,3,3,4,0,0
09/12/2023,15:15:00,Betis,Real Madrid,1,1,D,0,0,D,14,12,6,2,14,7,8,6,2,1,0,0
09/12/2023,17:30:00,Villarreal,Sociedad,0,3,A,0,3,A,20,16,4,5,10,22,5,3,2,1,0,0
09/12/2023,20:00:00,Mallorca,Sevilla,1,0,H,1,0,H,6,19,3,5,15,6,4,12,2,2,0,0
10/12/2023,13:00:00,Ath Madrid,Almeria,2,1,H,2,0,H,13,19,4,5,13,11,3,15,1,0,0,0
10/12/2023,17:30:00,Cadiz,Osasuna,1,1,D,1,0,H,12,13,5,5,15,16,2,4,1,2,0,0
10/12/2023,20:00:00,Barcelona,Girona,2,4,A,1,2,A,31,15,11,7,7,10,8,3,1,2,0,0
11/12/2023,20:00:00,Granada,Ath Bilbao,1,1,D,0,1,A,7,19,4,4,9,11,1,8,0,2,0,0
11/12/2023,20:00:00,Vallecano,Celta,0,0,D,0,0,D,17,4,4,2,15,10,8,1,3,0,0,0
15/12/2023,20:00:00,Osasuna,Vallecano,1,0,H,0,0,D,10,9,4,3,20,13,9,1,2,3,0,0
16/12/2023,13:00:00,Celta,Granada,1,0,H,1,0,H,11,7,4,2,20,18,7,1,6,2,1,0
16/12/2023,15:15:00,Ath Bilbao,Ath Madrid,2,0,H,0,0,D,16,7,7,3,7,10,3,7,0,1,0,0
16/12/2023,17:30:00,Sevilla,Getafe,0,3,A,0,2,A,12,14,4,7,18,18,4,2,3,3,0,0
16/12/2023,20:00:00,Valencia,Barcelona,1,1,D,0,0,D,11,16,4,8,9,11,4,6,1,2,0,0
17/12/2023,13:00:00,Almeria,Mallorca,0,0,D,0,0,D,7,20,1,2,12,9,4,4,2,1,0,0
17/12/2023,15:15:00,Sociedad,Betis,0,0,D,0,0,D,12,12,4,3,12,12,3,7,3,4,0,0
17/12/2023,17:30:00,Las Palmas,Cadiz,1,1,D,1,0,H,7,13,2,5,9,12,4,6,1,3,0,0
17/12/2023,20:00:00,Real Madrid,Villarreal,4,1,H,2,0,H,22,3,9,1,14,12,11,0,2,3,0,0
18/12/2023,20:00:00,Girona,Alaves,3,0,H,2,0,H,9,12,4,2,9,7,3,2,0,1,0,0
19/12/2023,18:00:00,Vallecano,Valencia,0,1,A,0,0,D,7,8,1,3,16,18,8,1,1,5,0,1
19/12/2023,20:30:00,Ath Madrid,Getafe,3,3,D,1,0,H,8,29,4,9,7,14,1,12,3,3,1,0
19/12/2023,20:30:00,Granada,Sevilla,0,3,A,0,2,A,12,12,3,5,10,18,6,4,2,1,0,0
20/12/2023,18:00:00,Barcelona,Almeria,3,2,H,1,1,D,30,10,11,5,16,9,12,0,3,3,0,0
20/12/2023,20:30:00,Ath Bilbao,Las Palmas,1,0,H,0,0,D,19,5,10,1,12,11,5,2,1,3,0,0
20/12/2023,20:30:00,Villarreal,Celta,3,2,H,2,0,H,12,15,8,5,16,15,4,7,2,4,0,0
21/12/2023,18:00:00,Betis,Girona,1,1,D,0,1,A,21,12,4,4,6,9,7,6,2,2,0,0
21/12/2023,18:00:00,Cadiz,Sociedad,0,0,D,0,0,D,10,8,2,1,16,15,7,5,3,1,0,0
21/12/2023,20:30:00,Alaves,Real Madrid,0,1,A,0,0,D,8,9,2,4,18,13,3,3,3,1,0,1
21/12/2023,20:30:00,Mallorca,Osasuna,3,2,H,1,1,D,15,12,8,7,11,12,6,0,3,1,0,0
23/12/2023,15:15:00,Ath Madrid,Sevilla,1,0,H,0,0,D,12,8,4,2,12,19,6,5,7,3,1,0
02/01/2024,16:00:00,Getafe,Vallecano,0,2,A,0,1,A,5,12,0,8,16,16,2,3,6,3,2,0
02/01/2024,18:15:00,Sociedad,Alaves,1,1,D,0,0,D,16,7,6,2,9,17,6,4,4,4,1,0
02/01/2024,20:30:00,Valencia,Villarreal,3,1,H,2,0,H,11,8,8,4,12,15,4,3,2,5,0,0
03/01/2024,16:00:00,Granada,Cadiz,2,0,H,1,0,H,15,15,8,2,17,16,5,6,3,4,0,1
03/01/2024,18:15:00,Celta,Betis,2,1,H,1,1,D,19,14,6,3,10,12,8,7,0,2,0,0
03/01/2024,18:15:00,Real Madrid,Mallorca,1,0,H,0,0,D,17,7,5,0,5,15,5,4,2,3,0,0
03/01/2024,20:30:00,Girona,Ath Madrid,4,3,H,3,2,H,17,18,9,12,8,10,7,8,0,1,0,0
04/01/2024,16:00:00,Osasuna,Almeria,1,0,H,1,0,H,14,4,2,0,14,5,5,4,1,2,0,0
04/01/2024,18:15:00,Sevilla,Ath Bilbao,0,2,A,0,1,A,11,15,2,6,9,19,5,4,3,1,0,0
04/01/2024,20:30:00,Las Palmas,Barcelona,1,2,A,1,0,H,12,15,3,5,14,5,5,10,5,2,1,0
12/01/2024,20:00:00,Sevilla,Alaves,2,3,A,0,2,A,19,16,4,8,12,13,5,4,4,3,0,0
13/01/2024,13:00:00,Las Palmas,Villarreal,3,0,H,1,0,H,8,17,3,3,13,11,4,6,4,3,0,0
13/01/2024,15:15:00,Mallorca,Celta,1,1,D,1,1,D,17,6,6,2,18,18,10,1,4,1,0,0
13/01/2024,17:30:00,Ath Bilbao,Sociedad,2,1,H,2,0,H,10,9,3,1,16,21,5,5,1,4,0,0
13/01/2024,20:00:00,Betis,Granada,1,0,H,0,0,D,25,6,6,2,11,17,13,1,3,4,0,0
14/01/2024,13:00:00,Almeria,Girona,0,0,D,0,0,D,20,5,3,1,13,8,4,3,4,4,0,1
14/01/2024,15:15:00,Cadiz,Valencia,1,4,A,1,1,D,10,9,2,5,15,15,3,1,4,2,0,0
19/01/2024,20:00:00,Alaves,Cadiz,1,0,H,0,0,D,13,9,3,1,15,18,4,4,0,4,0,0
20/01/2024,13:00:00,Vallecano,Las Palmas,0,2,A,0,1,A,16,10,3,5,19,8,12,0,3,1,1,0
20/01/2024,15:15:00,Villarreal,Mallorca,1,1,D,1,0,H,18,8,5,2,13,11,4,6,2,2,1,0
20/01/2024,17:30:00,Valencia,Ath Bilbao,1,0,H,0,0,D,6,6,1,3,11,14,4,2,0,3,0,0
20/01/2024,20:00:00,Celta,Sociedad,0,1,A,0,1,A,6,6,2,2,12,18,6,3,1,2,0,0
21/01/2024,13:00:00,Osasuna,Getafe,3,2,H,2,0,H,13,10,7,7,14,16,1,4,4,4,0,0
21/01/2024,15:15:00,Real Madrid,Almeria,3,2,H,0,2,A,18,10,6,2,9,17,6,3,3,5,0,0
21/01/2024,17:30:00,Betis,Barcelona,2,4,A,0,1,A,14,11,5,4,12,9,3,4,1,2,0,0
21/01/2024,20:00:00,Girona,Sevilla,5,1,H,3,1,H,12,9,8,3,9,11,4,5,0,2,0,0
22/01/2024,20:00:00,Granada,Ath Madrid,0,1,A,0,0,D,17,10,2,5,11,16,6,2,2,2,1,0
26/01/2024,20:00:00,Almeria,Alaves,0,3,A,0,1,A,19,11,7,3,17,12,11,3,1,2,0,0
27/01/2024,13:00:00,Sociedad,Vallecano,0,0,D,0,0,D,6,5,3,0,16,14,2,2,2,4,0,0
27/01/2024,15:15:00,Las Palmas,Real Madrid,1,2,A,0,0,D,7,13,2,5,17,14,1,6,3,3,0,0
27/01/2024,17:30:00,Barcelona,Villarreal,3,5,A,0,1,A,22,9,10,6,8,13,10,0,3,4,0,0
27/01/2024,20:00:00,Mallorca,Betis,0,1,A,0,1,A,14,8,1,2,14,6,5,4,2,1,0,0
28/01/2024,13:00:00,Celta,Girona,0,1,A,0,1,A,10,15,5,6,13,11,5,7,1,1,0,0
28/01/2024,15:15:00,Cadiz,Ath Bilbao,0,0,D,0,0,D,9,8,2,0,13,14,6,8,4,2,0,0
28/01/2024,17:30:00,Sevilla,Osasuna,1,1,D,1,0,H,10,11,5,4,19,13,2,4,3,0,1,0
28/01/2024,20:00:00,Ath Madrid,Valencia,2,0,H,1,0,H,12,10,8,3,9,9,3,6,2,0,0,0
29/01/2024,20:00:00,Getafe,Granada,2,0,H,2,0,H,7,16,4,3,17,11,4,3,2,1,0,0
31/01/2024,18:00:00,Barcelona,Osasuna,1,0,H,0,0,D,16,9,4,1,9,12,6,6,1,2,0,1
31/01/2024,20:00:00,Ath Madrid,Vallecano,2,1,H,1,1,D,8,10,3,2,11,13,5,6,0,3,0,0
01/02/2024,20:00:00,Getafe,Real Madrid,0,2,A,0,1,A,10,16,2,9,16,5,2,6,1,2,0,0
02/02/2024,20:00:00,Ath Bilbao,Mallorca,4,0,H,2,0,H,13,6,6,2,17,15,6,2,0,1,0,0
03/02/2024,13:00:00,Valencia,Almeria,2,1,H,2,0,H,7,15,2,5,17,16,0,6,4,5,0,0
03/02/2024,15:15:00,Granada,Las Palmas,1,1,D,1,0,H,3,16,1,6,6,16,2,9,4,3,1,1
03/02/2024,17:30:00,Alaves,Barcelona,1,3,A,0,1,A,13,8,2,5,15,10,14,5,2,2,0,1
03/02/2024,20:00:00,Girona,Sociedad,0,0,D,0,0,D,11,11,3,2,8,19,3,4,2,3,0,0
04/02/2024,13:00:00,Villarreal,Cadiz,0,0,D,0,0,D,19,8,4,2,14,14,13,2,3,1,0,0
04/02/2024,15:15:00,Osasuna,Celta,0,3,A,0,2,A,18,6,1,5,10,10,9,1,2,0,0,0
04/02/2024,17:30:00,Betis,Getafe,1,1,D,1,1,D,9,11,3,2,9,19,3,5,7,4,0,0
04/02/2024,20:00:00,Real Madrid,Ath Madrid,1,1,D,1,0,H,17,10,4,5,6,15,2,8,0,5,0,0
05/02/2024,20:00:00,Vallecano,Sevilla,1,2,A,1,2,A,22,10,5,6,8,10,6,0,2,2,0,0
09/02/2024,20:00:00,Cadiz,Betis,0,2,A,0,1,A,14,13,5,5,12,10,5,3,1,1,0,0
10/02/2024,13:00:00,Alaves,Villarreal,1,1,D,1,1,D,17,12,4,4,7,11,10,9,0,2,0,0
10/02/2024,15:15:00,Sociedad,Osasuna,0,1,A,0,0,D,21,9,3,2,11,11,7,4,0,0,0,0
10/02/2024,17:30:00,Real Madrid,Girona,4,0,H,2,0,H,16,5,6,0,9,12,0,2,1,2,0,0
10/02/2024,20:00:00,Las Palmas,Valencia,2,0,H,0,0,D,8,7,3,1,9,9,5,0,2,0,0,0
11/02/2024,13:00:00,Getafe,Celta,3,2,H,2,0,H,11,9,4,4,16,13,0,4,1,2,0,0
11/02/2024,15:15:00,Mallorca,Vallecano,2,1,H,0,0,D,8,11,5,4,17,11,5,1,4,0,0,0
11/02/2024,17:30:00,Sevilla,Ath Madrid,1,0,H,1,0,H,10,16,6,5,8,5,2,7,2,1,0,0
11/02/2024,20:00:00,Barcelona,Granada,3,3,D,1,1,D,11,11,6,5,13,9,6,2,1,2,0,0
12/02/2024,20:00:00,Almeria,Ath Bilbao,0,0,D,0,0,D,10,12,4,4,17,15,4,10,4,1,1,0
16/02/2024,20:00:00,Villarreal,Getafe,1,1,D,0,1,A,20,11,7,2,13,13,8,3,0,1,0,0
17/02/2024,13:00:00,Ath Madrid,Las Palmas,5,0,H,2,0,H,13,11,7,2,19,9,3,5,2,2,0,0
17/02/2024,15:15:00,Osasuna,Cadiz,2,0,H,0,0,D,11,5,4,1,20,12,5,4,4,2,0,0
17/02/2024,17:30:00,Celta,Barcelona,1,2,A,0,1,A,13,14,4,4,11,13,2,5,2,4,0,0
17/02/2024,20:00:00,Valencia,Sevilla,0,0,D,0,0,D,14,1,4,1,5,8,7,2,0,1,0,0
18/02/2024,13:00:00,Vallecano,Real Madrid,1,1,D,1,1,D,8,11,3,4,17,7,4,10,4,3,0,1
18/02/2024,15:15:00,Granada,Almeria,1,1,D,0,1,A,19,13,7,3,13,22,10,4,2,3,0,0
18/02/2024,17:30:00,Mallorca,Sociedad,1,2,A,1,1,D,4,19,1,5,12,18,3,9,7,5,1,0
18/02/2024,20:00:00,Betis,Alaves,0,0,D,0,0,D,13,13,2,4,13,9,6,8,5,2,0,0
19/02/2024,20:00:00,Ath Bilbao,Girona,3,2,H,1,0,H,14,12,7,6,16,13,3,4,1,2,0,0
23/02/2024,20:00:00,Sociedad,Villarreal,1,3,A,0,1,A,21,6,8,4,15,14,13,2,3,4,0,0
24/02/2024,15:15:00,Barcelona,Getafe,4,0,H,1,0,H,17,10,9,4,12,18,5,8,1,4,0,0
24/02/2024,17:30:00,Alaves,Mallorca,1,1,D,0,0,D,9,15,1,8,7,15,3,3,0,2,0,0
24/02/2024,20:00:00,Almeria,Ath Madrid,2,2,D,1,1,D,9,18,4,9,13,12,2,7,1,1,0,0
25/02/2024,13:00:00,Cadiz,Celta,2,2,D,0,1,A,19,7,6,3,13,20,9,1,2,3,0,0
25/02/2024,15:15:00,Betis,Ath Bilbao,3,1,H,2,1,H,13,3,5,1,14,12,5,3,1,6,0,1
25/02/2024,17:30:00,Las Palmas,Osasuna,1,1,D,0,0,D,9,6,3,2,6,15,6,7,2,1,0,0
25/02/2024,20:00:00,Real Madrid,Sevilla,1,0,H,0,0,D,16,4,6,1,10,13,7,2,1,3,0,0
26/02/2024,20:00:00,Girona,Vallecano,3,0,H,0,0,D,14,7,8,1,13,16,2,2,3,5,0,1
01/03/2024,20:00:00,Celta,Almeria,1,0,H,0,0,D,15,3,6,0,8,14,7,0,1,2,0,1
02/03/2024,13:00:00,Sevilla,Sociedad,3,2,H,2,1,H,12,13,5,4,12,15,2,5,1,2,0,0
02/03/2024,15:15:00,Vallecano,Cadiz,1,1,D,0,0,D,9,16,5,5,14,17,4,9,1,1,0,0
02/03/2024,17:30:00,Getafe,Las Palmas,3,3,D,3,1,H,16,14,5,5,28,9,4,4,4,1,0,0
02/03/2024,20:00:00,Valencia,Real Madrid,2,2,D,2,1,H,12,10,5,5,18,11,2,2,2,3,0,1
03/03/2024,13:00:00,Villarreal,Granada,5,1,H,3,0,H,16,9,10,3,12,15,6,4,1,2,0,0
03/03/2024,15:15:00,Ath Madrid,Betis,2,1,H,2,0,H,17,12,12,6,9,12,4,6,1,2,0,0
03/03/2024,17:30:00,Mallorca,Girona,1,0,H,1,0,H,16,15,2,4,19,9,8,5,5,0,0,0
03/03/2024,20:00:00,Ath Bilbao,Barcelona,0,0,D,0,0,D,8,8,2,2,14,11,4,4,3,3,0,0
04/03/2024,20:00:00,Osasuna,Alaves,1,0,H,0,0,D,15,10,4,4,15,11,5,5,2,1,0,0
08/03/2024,20:00:00,Barcelona,Mallorca,1,0,H,0,0,D,20,9,6,3,9,14,4,1,1,1,0,0
09/03/2024,13:00:00,Valencia,Getafe,1,0,H,1,0,H,10,15,3,5,10,19,5,5,2,3,0,0
09/03/2024,15:15:00,Cadiz,Ath Madrid,2,0,H,1,0,H,7,8,3,4,20,15,3,1,4,5,0,0
09/03/2024,17:30:00,Granada,Sociedad,2,3,A,2,1,H,13,11,6,8,17,11,4,6,1,2,0,0
09/03/2024,20:00:00,Girona,Osasuna,2,0,H,1,0,H,11,7,6,1,10,16,5,7,3,3,0,0
10/03/2024,13:00:00,Alaves,Vallecano,1,0,H,1,0,H,12,9,4,3,13,10,7,5,2,2,0,0
10/03/2024,15:15:00,Las Palmas,Ath Bilbao,0,2,A,0,1,A,14,7,2,2,8,14,10,3,3,3,0,0
10/03/2024,17:30:00,Real Madrid,Celta,4,0,H,1,0,H,24,11,13,1,8,13,12,1,2,3,0,0
10/03/2024,20:00:00,Betis,Villarreal,2,3,A,2,1,H,13,6,4,4,12,17,11,4,3,4,1,1
11/03/2024,20:00:00,Almeria,Sevilla,2,2,D,1,0,H,14,19,4,6,6,11,1,8,2,2,0,0
15/03/2024,20:00:00,Sociedad,Cadiz,2,0,H,1,0,H,14,13,6,2,15,6,8,2,3,1,0,0
16/03/2024,13:00:00,Mallorca,Granada,1,0,H,0,0,D,18,8,8,3,17,9,10,2,2,0,0,0
16/03/2024,15:15:00,Osasuna,Real Madrid,2,4,A,1,2,A,9,17,4,9,18,9,5,7,3,2,0,0
16/03/2024,17:30:00,Getafe,Girona,1,0,H,1,0,H,11,13,3,3,16,13,2,5,4,4,0,0
16/03/2024,20:00:00,Ath Bilbao,Alaves,2,0,H,2,0,H,16,7,4,3,7,13,5,4,1,3,0,0
17/03/2024,13:00:00,Sevilla,Celta,1,2,A,1,0,H,11,18,4,5,13,6,3,8,4,0,0,0
17/03/2024,15:15:00,Las Palmas,Almeria,0,1,A,0,1,A,21,3,6,2,8,17,11,3,2,2,0,0
17/03/2024,15:15:00,Villarreal,Valencia,1,0,H,0,0,D,13,14,7,7,12,12,6,2,5,1,0,0
17/03/2024,17:30:00,Vallecano,Betis,2,0,H,1,0,H,8,11,4,1,22,16,4,8,4,4,0,0
17/03/2024,20:00:00,Ath Madrid,Barcelona,0,3,A,0,1,A,12,9,3,5,15,9,7,3,3,1,1,0
29/03/2024,20:00:00,Cadiz,Granada,1,0,H,0,0,D,13,10,5,2,17,14,5,2,2,4,0,0
30/03/2024,13:00:00,Getafe,Sevilla,0,1,A,0,1,A,18,10,5,3,11,15,7,3,4,5,0,0
30/03/2024,15:15:00,Almeria,Osasuna,0,3,A,0,2,A,12,6,5,4,12,14,6,1,3,2,0,0
30/03/2024,17:30:00,Valencia,Mallorca,0,0,D,0,0,D,14,11,5,3,8,11,3,3,0,2,0,0
30/03/2024,20:00:00,Barcelona,Las Palmas,1,0,H,0,0,D,14,8,2,0,11,9,6,1,5,1,0,1
31/03/2024,13:00:00,Celta,Vallecano,0,0,D,0,0,D,13,8,0,2,12,16,3,2,3,3,0,0
31/03/2024,15:15:00,Girona,Betis,3,2,H,1,1,D,9,7,5,4,13,14,5,4,3,4,0,0
31/03/2024,17:30:00,Alaves,Sociedad,0,1,A,0,0,D,3,12,0,3,10,15,3,8,2,2,0,0
31/03/2024,20:00:00,Real Madrid,Ath Bilbao,2,0,H,1,0,H,9,7,4,3,9,13,4,7,2,1,0,0
01/04/2024,20:00:00,Villarreal,Ath Madrid,1,2,A,0,1,A,11,14,2,8,14,22,3,3,3,3,0,0
04/04/2024,19:00:00,Granada,Valencia,0,1,A,0,0,D,13,6,3,2,20,15,5,4,3,1,0,0
12/04/2024,20:00:00,Betis,Celta,2,1,H,0,0,D,15,12,3,5,7,10,6,5,1,0,0,0
13/04/2024,13:00:00,Ath Madrid,Girona,3,1,H,2,1,H,17,12,4,5,18,12,2,0,3,2,0,0
13/04/2024,15:15:00,Vallecano,Getafe,0,0,D,0,0,D,11,7,2,0,17,19,3,0,4,6,0,0
13/04/2024,17:30:00,Mallorca,Real Madrid,0,1,A,0,0,D,6,16,2,9,18,7,4,2,2,1,0,0
13/04/2024,20:00:00,Cadiz,Barcelona,0,1,A,0,1,A,14,12,3,2,17,15,8,4,3,3,0,0
14/04/2024,13:00:00,Las Palmas,Sevilla,0,2,A,0,1,A,5,10,2,3,8,13,6,2,3,3,1,0
14/04/2024,15:15:00,Granada,Alaves,2,0,H,2,0,H,9,8,3,3,16,11,1,5,3,2,0,0
14/04/2024,17:30:00,Ath Bilbao,Villarreal,1,1,D,0,0,D,13,10,6,2,13,12,3,1,3,3,0,1
14/04/2024,20:00:00,Sociedad,Almeria,2,2,D,1,1,D,17,7,4,3,16,8,5,1,2,2,1,0
15/04/2024,20:00:00,Osasuna,Valencia,0,1,A,0,1,A,13,4,2,3,10,10,4,1,0,2,0,0
19/04/2024,20:00:00,Ath Bilbao,Granada,1,1,D,1,1,D,17,5,6,0,11,15,11,4,4,2,0,0
20/04/2024,13:00:00,Celta,Las Palmas,4,1,H,2,1,H,21,9,13,4,10,9,8,4,1,0,0,0
20/04/2024,15:15:00,Vallecano,Osasuna,2,1,H,0,1,A,17,6,6,2,9,15,5,1,4,1,0,0
20/04/2024,17:30:00,Valencia,Betis,1,2,A,0,1,A,8,12,5,6,18,10,7,6,2,3,0,0
20/04/2024,20:00:00,Girona,Cadiz,4,1,H,2,0,H,10,12,5,5,11,14,2,4,1,2,0,0
21/04/2024,13:00:00,Getafe,Sociedad,1,1,D,1,1,D,6,7,4,3,12,18,0,4,0,2,0,0
21/04/2024,15:15:00,Almeria,Villarreal,1,2,A,1,1,D,24,11,5,3,10,16,5,2,3,4,1,0
21/04/2024,17:30:00,Alaves,Ath Madrid,2,0,H,1,0,H,8,15,3,4,20,12,1,11,5,3,0,0
21/04/2024,20:00:00,Real Madrid,Barcelona,3,2,H,1,1,D,14,14,8,6,11,12,2,8,3,2,0,0
22/04/2024,20:00:00,Sevilla,Mallorca,2,1,H,0,0,D,11,8,4,6,10,8,4,4,0,2,0,0
26/04/2024,20:00:00,Sociedad,Real Madrid,0,1,A,0,1,A,9,5,3,3,13,11,11,3,3,4,0,0
27/04/2024,13:00:00,Las Palmas,Girona,0,2,A,0,1,A,10,6,5,3,12,10,4,2,1,3,0,0
27/04/2024,15:15:00,Almeria,Getafe,1,3,A,1,1,D,21,8,11,5,15,31,9,2,5,4,1,0
27/04/2024,17:30:00,Alaves,Celta,3,0,H,0,0,D,16,4,8,0,10,9,8,3,3,3,0,0
27/04/2024,20:00:00,Ath Madrid,Ath Bilbao,3,1,H,1,1,D,8,7,3,1,16,15,3,5,3,2,0,0
28/04/2024,13:00:00,Cadiz,Mallorca,1,1,D,0,1,A,10,9,2,2,14,21,3,1,3,2,0,0
28/04/2024,15:15:00,Granada,Osasuna,3,0,H,1,0,H,12,11,4,2,17,5,0,6,4,0,0,0
28/04/2024,17:30:00,Villarreal,Vallecano,3,0,H,1,0,H,15,20,7,4,15,8,3,6,2,1,0,0
28/04/2024,20:00:00,Betis,Sevilla,1,1,D,1,0,H,15,10,5,1,9,20,4,6,3,5,0,0
29/04/2024,20:00:00,Barcelona,Valencia,4,2,H,1,2,A,27,5,13,3,12,5,15,1,1,0,0,1
03/05/2024,20:00:00,Getafe,Ath Bilbao,0,2,A,0,1,A,34,7,9,2,6,9,10,6,0,2,0,2
04/05/2024,13:00:00,Sociedad,Las Palmas,2,0,H,2,0,H,9,7,4,1,12,11,7,2,2,1,0,0
04/05/2024,15:15:00,Real Madrid,Cadiz,3,0,H,0,0,D,19,7,9,2,6,12,7,4,0,1,0,0
04/05/2024,17:30:00,Girona,Barcelona,4,2,H,1,2,A,9,16,7,7,11,8,5,4,0,3,0,0
04/05/2024,20:00:00,Mallorca,Ath Madrid,0,1,A,0,1,A,7,9,4,4,12,7,6,2,2,0,0,0
05/05/2024,13:00:00,Osasuna,Betis,0,2,A,0,2,A,12,10,2,4,13,13,8,5,2,2,1,0
05/05/2024,15:15:00,Celta,Villarreal,3,2,H,2,1,H,23,11,7,3,11,5,2,1,4,0,0,1
05/05/2024,17:30:00,Valencia,Alaves,0,1,A,0,0,D,13,14,1,4,9,17,5,7,1,3,0,0
05/05/2024,20:00:00,Sevilla,Granada,3,0,H,1,0,H,11,8,5,3,15,13,5,4,2,2,0,0
05/05/2024,20:00:00,Vallecano,Almeria,0,1,A,0,1,A,27,7,10,2,17,15,9,2,3,2,0,0
10/05/2024,20:00:00,Alaves,Girona,2,2,D,1,2,A,14,15,8,5,13,6,5,3,3,2,0,0
11/05/2024,13:00:00,Mallorca,Las Palmas,1,0,H,1,0,H,7,7,2,1,18,10,2,2,6,2,0,0
11/05/2024,15:15:00,Villarreal,Sevilla,3,2,H,1,2,A,25,8,7,4,12,14,10,1,3,5,0,0
11/05/2024,17:30:00,Granada,Real Madrid,0,4,A,0,2,A,12,13,1,7,11,10,8,5,2,0,0,0
11/05/2024,20:00:00,Ath Bilbao,Osasuna,2,2,D,0,1,A,15,13,6,3,9,14,8,6,2,4,0,0
12/05/2024,13:00:00,Cadiz,Getafe,1,0,H,1,0,H,13,10,6,4,23,16,6,2,5,2,0,0
12/05/2024,15:15:00,Ath Madrid,Celta,1,0,H,0,0,D,21,6,8,2,7,9,4,7,1,1,0,0
12/05/2024,17:30:00,Valencia,Vallecano,0,0,D,0,0,D,13,12,5,1,14,21,6,3,1,2,0,0
12/05/2024,20:00:00,Betis,Almeria,3,2,H,2,1,H,14,14,7,7,9,10,3,5,0,2,0,0
13/05/2024,20:00:00,Barcelona,Sociedad,2,0,H,1,0,H,14,10,5,3,12,14,6,2,2,3,0,0
14/05/2024,18:30:00,Osasuna,Mallorca,1,1,D,1,0,H,10,10,4,4,12,11,2,4,0,1,0,0
14/05/2024,20:30:00,Real Madrid,Alaves,5,0,H,3,0,H,22,18,11,10,6,12,4,1,1,1,0,0
14/05/2024,21:00:00,Girona,Villarreal,0,1,A,0,0,D,22,11,5,3,3,14,5,1,1,5,0,1
15/05/2024,18:30:00,Sevilla,Cadiz,0,1,A,0,0,D,14,19,3,7,13,11,1,9,6,2,0,0
15/05/2024,18:30:00,Vallecano,Granada,2,1,H,1,0,H,18,10,9,1,12,17,6,6,4,3,1,0
15/05/2024,21:00:00,Celta,Ath Bilbao,2,1,H,0,1,A,10,7,4,2,15,14,2,3,2,0,0,0
15/05/2024,21:00:00,Getafe,Ath Madrid,0,3,A,0,2,A,8,7,3,3,17,7,6,3,4,3,0,0
16/05/2024,18:30:00,Las Palmas,Betis,2,2,D,1,1,D,16,6,9,4,9,12,4,8,2,1,0,0
16/05/2024,20:30:00,Almeria,Barcelona,0,2,A,0,1,A,12,16,3,7,9,11,4,7,0,1,0,0
16/05/2024,21:00:00,Sociedad,Valencia,1,0,H,1,0,H,10,7,5,3,11,13,3,3,0,2,0,0
18/05/2024,20:00:00,Alaves,Getafe,1,0,H,1,0,H,9,10,2,4,13,27,2,1,5,7,0,1
19/05/2024,18:00:00,Ath Bilbao,Sevilla,2,0,H,2,0,H,15,9,6,4,12,5,8,3,1,1,0,0
19/05/2024,18:00:00,Ath Madrid,Osasuna,1,4,A,0,1,A,15,15,2,6,12,9,7,5,2,2,0,0
19/05/2024,18:00:00,Barcelona,Vallecano,3,0,H,1,0,H,14,15,6,4,10,7,7,5,4,2,0,0
19/05/2024,18:00:00,Betis,Sociedad,0,2,A,0,2,A,18,5,9,2,12,18,6,2,3,4,0,0
19/05/2024,18:00:00,Cadiz,Las Palmas,0,0,D,0,0,D,10,9,3,1,13,12,5,3,3,1,1,0
19/05/2024,18:00:00,Granada,Celta,1,2,A,0,0,D,11,8,3,5,15,12,10,2,2,1,0,0
19/05/2024,18:00:00,Mallorca,Almeria,2,2,D,1,1,D,29,7,8,3,9,9,12,2,2,3,0,0
19/05/2024,18:00:00,Valencia,Girona,1,3,A,0,1,A,20,18,6,5,10,8,5,4,2,0,0,0
19/05/2024,18:00:00,Villarreal,Real Madrid,4,4,D,1,4,A,21,12,7,6,15,12,3,3,3,2,0,0
24/05/2024,20:00:00,Girona,Granada,7,0,H,3,0,H,16,10,9,2,6,13,4,2,3,5,0,1
25/05/2024,13:00:00,Osasuna,Villarreal,1,1,D,1,0,H,12,11,6,3,13,6,6,4,4,3,0,0
25/05/2024,15:15:00,Sociedad,Ath Madrid,0,2,A,0,1,A,14,10,4,4,19,15,8,4,3,5,0,1
25/05/2024,17:30:00,Almeria,Cadiz,6,1,H,0,1,A,27,12,12,4,4,9,1,4,2,2,0,0
25/05/2024,17:30:00,Vallecano,Ath Bilbao,0,1,A,0,0,D,17,7,4,1,6,13,8,2,1,1,0,0
25/05/2024,20:00:00,Real Madrid,Betis,0,0,D,0,0,D,13,11,5,3,8,11,4,5,2,1,0,0
26/05/2024,13:00:00,Getafe,Mallorca,1,2,A,0,0,D,16,9,6,4,12,10,3,4,0,2,0,0
26/05/2024,15:15:00,Celta,Valencia,2,2,D,0,1,A,9,12,4,1,17,18,2,2,0,0,0,0
26/05/2024,15:15:00,Las Palmas,Alaves,1,1,D,0,0,D,10,14,4,4,16,10,2,6,2,1,0,0
26/05/2024,20:00:00,Sevilla,Barcelona,1,2,A,1,1,D,15,11,6,6,11,9,6,5,2,1,0,0
15/08/2024,18:00:00,Ath Bilbao,Getafe,1,1,D,1,0,H,7,9,4,2,15,12,5,6,4,1,0,0
15/08/2024,20:30:00,Betis,Girona,1,1,D,1,0,H,19,13,4,2,11,7,4,4,2,0,0,0
16/08/2024,18:00:00,Celta,Alaves,2,1,H,0,1,A,6,10,4,2,8,23,3,3,3,2,0,0
16/08/2024,20:30:00,Las Palmas,Sevilla,2,2,D,1,1,D,13,16,5,5,12,13,6,3,0,0,0,0
17/08/2024,18:00:00,Osasuna,Leganes,1,1,D,0,1,A,16,10,5,4,14,12,6,4,3,2,0,0
17/08/2024,20:30:00,Valencia,Barcelona,1,2,A,1,1,D,6,18,1,8,11,13,3,8,2,3,0,0
18/08/2024,18:00:00,Sociedad,Vallecano,1,2,A,0,0,D,11,12,5,5,14,21,10,5,2,4,0,0
18/08/2024,20:30:00,Mallorca,Real Madrid,1,1,D,0,1,A,12,13,5,4,11,6,8,7,1,0,0,1
19/08/2024,18:00:00,Valladolid,Espanol,1,0,H,1,0,H,12,10,3,2,15,8,3,2,2,2,0,0
19/08/2024,20:30:00,Villarreal,Ath Madrid,2,2,D,2,2,D,8,10,3,5,6,10,2,3,1,3,0,0
23/08/2024,18:00:00,Celta,Valencia,3,1,H,2,1,H,7,13,5,5,9,11,4,7,3,0,0,0
23/08/2024,20:30:00,Sevilla,Villarreal,1,2,A,1,1,D,15,6,9,5,15,7,7,2,3,5,0,0
24/08/2024,16:00:00,Osasuna,Mallorca,1,0,H,0,0,D,15,11,5,2,10,8,5,4,2,1,0,0
24/08/2024,18:00:00,Barcelona,Ath Bilbao,2,1,H,1,1,D,13,9,5,2,11,16,5,6,4,5,0,0
24/08/2024,20:30:00,Espanol,Sociedad,0,1,A,0,0,D,13,8,3,4,14,18,7,4,2,2,0,0
24/08/2024,20:30:00,Getafe,Vallecano,0,0,D,0,0,D,12,3,0,1,16,18,3,2,1,2,0,0
25/08/2024,16:00:00,Real Madrid,Valladolid,3,0,H,0,0,D,17,8,9,2,10,15,5,5,1,1,0,0
25/08/2024,18:00:00,Leganes,Las Palmas,2,1,H,0,0,D,10,10,5,5,11,10,3,7,1,1,0,0
25/08/2024,18:15:00,Alaves,Betis,0,0,D,0,0,D,3,13,1,3,16,13,3,8,1,4,1,0
25/08/2024,20:30:00,Ath Madrid,Girona,3,0,H,1,0,H,11,13,6,5,11,10,1,9,1,3,0,0
26/08/2024,20:30:00,Villarreal,Celta,4,3,H,1,2,A,22,18,9,8,8,6,7,4,4,3,0,0
27/08/2024,18:00:00,Mallorca,Sevilla,0,0,D,0,0,D,12,16,4,7,15,10,5,9,0,1,0,1
27/08/2024,20:30:00,Vallecano,Barcelona,1,2,A,1,0,H,8,22,4,5,17,11,6,6,3,1,0,0
28/08/2024,18:00:00,Ath Bilbao,Valencia,1,0,H,1,0,H,13,2,4,0,14,9,5,3,1,3,0,0
28/08/2024,18:00:00,Valladolid,Leganes,0,0,D,0,0,D,12,8,2,1,13,19,4,4,1,5,0,0
28/08/2024,20:30:00,Ath Madrid,Espanol,0,0,D,0,0,D,24,8,7,1,6,9,9,3,0,2,0,0
28/08/2024,20:30:00,Sociedad,Alaves,1,2,A,1,1,D,8,12,1,5,16,12,8,6,4,4,1,0
29/08/2024,18:00:00,Girona,Osasuna,4,0,H,1,0,H,10,1,5,0,10,9,5,0,0,0,0,0
29/08/2024,20:30:00,Las Palmas,Real Madrid,1,1,D,1,0,H,7,25,3,8,16,13,2,6,0,2,0,0
31/08/2024,16:00:00,Barcelona,Valladolid,7,0,H,3,0,H,23,5,10,2,6,12,10,1,0,3,0,0
31/08/2024,18:00:00,Ath Bilbao,Ath Madrid,0,1,A,0,0,D,8,9,1,2,13,9,2,2,3,1,0,0
31/08/2024,18:15:00,Espanol,Vallecano,2,1,H,1,1,D,10,17,5,5,14,16,3,7,3,2,0,0
31/08/2024,20:30:00,Leganes,Mallorca,0,1,A,0,1,A,4,12,2,3,11,17,1,3,1,3,0,0
31/08/2024,20:30:00,Valencia,Villarreal,1,1,D,1,1,D,22,9,6,3,15,11,14,3,3,5,0,1
01/09/2024,16:00:00,Alaves,Las Palmas,2,0,H,1,0,H,15,12,5,7,13,9,6,5,3,0,0,0
01/09/2024,16:00:00,Osasuna,Celta,3,2,H,2,1,H,10,12,4,3,19,10,6,3,2,0,0,1
01/09/2024,18:00:00,Sevilla,Girona,0,2,A,0,1,A,16,11,5,4,6,14,7,5,3,2,0,0
01/09/2024,18:15:00,Getafe,Sociedad,0,0,D,0,0,D,16,1,1,0,14,16,4,1,1,1,0,0
01/09/2024,20:30:00,Real Madrid,Betis,2,0,H,0,0,D,20,12,8,2,8,16,7,3,2,0,0,0
13/09/2024,20:00:00,Betis,Leganes,2,0,H,0,0,D,14,3,5,0,11,18,11,1,1,2,0,0
14/09/2024,13:00:00,Mallorca,Villarreal,1,2,A,0,1,A,10,21,5,4,11,10,7,6,3,3,1,0
14/09/2024,15:15:00,Espanol,Alaves,3,2,H,1,1,D,9,19,4,6,17,14,0,5,2,3,0,0
14/09/2024,17:30:00,Sevilla,Getafe,1,0,H,1,0,H,10,15,4,4,19,15,3,4,3,4,1,0
14/09/2024,20:00:00,Sociedad,Real Madrid,0,2,A,0,0,D,11,16,2,7,12,9,6,6,4,1,0,0
15/09/2024,13:00:00,Celta,Valladolid,3,1,H,2,0,H,14,6,7,1,14,15,5,3,3,5,0,1
15/09/2024,15:15:00,Girona,Barcelona,1,4,A,0,2,A,9,20,4,9,13,4,1,6,3,2,0,1
15/09/2024,17:30:00,Las Palmas,Ath Bilbao,2,3,A,0,2,A,15,9,6,4,8,12,9,3,1,2,0,1
15/09/2024,20:00:00,Ath Madrid,Valencia,3,0,H,1,0,H,14,5,5,1,10,8,7,3,1,2,0,0
16/09/2024,20:00:00,Vallecano,Osasuna,3,1,H,0,1,A,17,5,6,2,12,15,7,4,3,2,0,0
17/09/2024,18:00:00,Mallorca,Sociedad,1,0,H,1,0,H,10,13,4,4,5,10,5,5,1,1,0,0
18/09/2024,18:00:00,Betis,Getafe,2,1,H,0,0,D,18,15,8,5,10,20,8,4,3,5,0,0
19/09/2024,18:00:00,Leganes,Ath Bilbao,0,2,A,0,0,D,14,10,3,4,12,11,4,7,3,0,0,0
20/09/2024,20:00:00,Alaves,Sevilla,2,1,H,1,0,H,10,8,4,2,11,16,3,5,1,4,0,0
21/09/2024,13:00:00,Valladolid,Sociedad,0,0,D,0,0,D,15,14,2,4,15,12,5,7,4,4,0,0
21/09/2024,15:15:00,Osasuna,Las Palmas,2,1,H,1,1,D,13,11,2,4,14,11,2,4,2,5,0,0
21/09/2024,17:30:00,Valencia,Girona,2,0,H,0,0,D,7,8,2,3,13,10,5,4,3,2,0,0
21/09/2024,20:00:00,Real Madrid,Espanol,4,1,H,0,0,D,31,10,14,2,7,5,9,4,4,3,0,0
22/09/2024,13:00:00,Getafe,Leganes,1,1,D,0,0,D,12,6,3,3,16,17,6,2,3,2,0,0
22/09/2024,15:15:00,Ath Bilbao,Celta,3,1,H,2,1,H,10,11,7,4,16,11,3,6,3,2,0,0
22/09/2024,17:30:00,Villarreal,Barcelona,1,5,A,1,2,A,13,17,4,10,12,12,7,3,6,1,0,0
22/09/2024,20:00:00,Vallecano,Ath Madrid,1,1,D,1,0,H,15,10,3,5,9,12,3,4,0,0,0,0
23/09/2024,20:00:00,Betis,Mallorca,1,2,A,1,1,D,14,6,6,6,12,12,6,3,3,2,0,0
24/09/2024,18:00:00,Sevilla,Valladolid,2,1,H,1,0,H,22,8,5,2,14,12,6,4,5,4,1,0
24/09/2024,18:00:00,Valencia,Osasuna,0,0,D,0,0,D,10,9,2,2,6,11,10,5,2,3,0,0
24/09/2024,20:00:00,Real Madrid,Alaves,3,2,H,2,0,H,10,12,4,3,7,10,4,4,4,0,0,0
25/09/2024,18:00:00,Girona,Vallecano,0,0,D,0,0,D,11,2,0,0,8,16,4,3,3,4,0,0
25/09/2024,20:00:00,Barcelona,Getafe,1,0,H,1,0,H,16,7,4,1,4,14,7,5,1,1,0,0
26/09/2024,18:00:00,Espanol,Villarreal,1,2,A,1,1,D,11,15,2,4,12,14,4,1,5,3,0,0
26/09/2024,18:00:00,Las Palmas,Betis,1,1,D,1,1,D,8,14,2,5,21,10,1,4,4,2,0,0
26/09/2024,20:00:00,Celta,Ath Madrid,0,1,A,0,0,D,9,7,4,2,10,7,2,3,2,2,0,0
27/09/2024,20:00:00,Valladolid,Mallorca,1,2,A,0,0,D,11,14,1,6,15,9,7,4,3,2,0,0
28/09/2024,13:00:00,Getafe,Alaves,2,0,H,1,0,H,14,9,8,1,17,24,2,2,3,6,0,0
28/09/2024,15:15:00,Vallecano,Leganes,1,1,D,1,0,H,15,13,6,3,12,7,5,5,2,1,0,0
28/09/2024,17:30:00,Sociedad,Valencia,3,0,H,1,0,H,11,9,6,4,7,12,6,4,0,0,0,0
28/09/2024,20:00:00,Osasuna,Barcelona,4,2,H,2,0,H,11,12,6,5,13,3,5,8,2,2,0,0
29/09/2024,13:00:00,Celta,Girona,1,1,D,0,1,A,12,9,2,4,9,14,4,4,1,0,0,0
29/09/2024,15:15:00,Ath Bilbao,Sevilla,1,1,D,1,0,H,13,13,3,4,6,7,4,7,0,3,1,0
29/09/2024,17:30:00,Betis,Espanol,1,0,H,0,0,D,20,8,12,1,14,20,8,4,2,4,0,0
29/09/2024,20:00:00,Ath Madrid,Real Madrid,1,1,D,0,0,D,12,12,4,4,11,11,5,5,3,1,1,0
30/09/2024,20:00:00,Villarreal,Las Palmas,3,1,H,1,0,H,17,7,7,3,14,10,3,2,0,3,0,0
04/10/2024,20:00:00,Leganes,Valencia,0,0,D,0,0,D,8,6,0,1,15,14,1,2,2,2,0,0
05/10/2024,13:00:00,Espanol,Mallorca,2,1,H,1,0,H,8,11,3,4,14,19,4,6,1,5,0,0
05/10/2024,15:15:00,Getafe,Osasuna,1,1,D,1,0,H,11,6,3,2,17,10,4,2,2,4,0,0
05/10/2024,17:30:00,Las Palmas,Celta,0,1,A,0,1,A,24,8,5,1,9,13,11,2,3,8,0,2
05/10/2024,17:30:00,Valladolid,Vallecano,1,2,A,0,0,D,13,17,5,3,13,18,5,13,4,2,0,0
05/10/2024,20:00:00,Real Madrid,Villarreal,2,0,H,1,0,H,11,10,2,1,7,11,2,5,0,1,0,0
06/10/2024,13:00:00,Girona,Ath Bilbao,2,1,H,1,1,D,14,13,6,4,12,13,6,1,4,3,0,1
06/10/2024,15:15:00,Alaves,Barcelona,0,3,A,0,3,A,11,14,2,8,13,8,11,3,2,2,0,0
06/10/2024,17:30:00,Sevilla,Betis,1,0,H,0,0,D,14,11,5,3,15,15,4,1,6,3,1,0
06/10/2024,20:00:00,Sociedad,Ath Madrid,1,1,D,0,1,A,16,4,8,1,10,9,5,1,0,2,0,0
18/10/2024,20:00:00,Alaves,Valladolid,2,3,A,1,1,D,10,12,4,4,15,14,5,6,6,2,1,0
19/10/2024,13:00:00,Ath Bilbao,Espanol,4,1,H,3,0,H,10,5,6,2,15,22,5,5,2,3,0,0
19/10/2024,15:15:00,Osasuna,Betis,1,2,A,0,1,A,19,11,6,7,12,8,10,2,2,1,0,1
19/10/2024,17:30:00,Girona,Sociedad,0,1,A,0,1,A,8,14,3,4,10,12,6,6,2,1,0,0
19/10/2024,20:00:00,Celta,Real Madrid,1,2,A,0,1,A,13,10,5,3,16,13,6,2,2,1,0,0
20/10/2024,13:00:00,Mallorca,Vallecano,1,0,H,0,0,D,19,10,5,2,9,13,9,2,1,1,0,0
20/10/2024,15:15:00,Ath Madrid,Leganes,3,1,H,0,1,A,24,5,9,2,14,8,8,2,5,1,0,0
20/10/2024,17:30:00,Villarreal,Getafe,1,1,D,1,0,H,10,21,4,4,18,21,5,5,4,3,0,0
20/10/2024,20:00:00,Barcelona,Sevilla,5,1,H,3,0,H,21,7,9,1,6,14,5,5,1,2,0,0
21/10/2024,20:00:00,Valencia,Las Palmas,2,3,A,1,1,D,14,11,7,6,12,12,11,2,4,9,1,0
25/10/2024,20:00:00,Espanol,Sevilla,0,2,A,0,2,A,16,6,1,3,14,9,13,2,2,0,0,0
26/10/2024,13:00:00,Valladolid,Villarreal,1,2,A,0,1,A,7,21,3,9,16,13,4,6,4,3,0,0
26/10/2024,15:15:00,Vallecano,Alaves,1,0,H,0,0,D,16,15,4,7,8,14,6,2,2,4,1,0
26/10/2024,17:30:00,Las Palmas,Girona,1,0,H,1,0,H,12,8,3,3,12,14,3,5,4,5,0,1
26/10/2024,20:00:00,Real Madrid,Barcelona,0,4,A,0,0,D,9,15,4,7,15,17,10,3,2,5,0,0
27/10/2024,13:00:00,Leganes,Celta,3,0,H,0,0,D,7,18,4,5,15,17,4,2,2,2,0,0
27/10/2024,15:15:00,Getafe,Valencia,1,1,D,0,1,A,15,2,4,1,20,20,8,2,3,7,0,0
27/10/2024,17:30:00,Betis,Ath Madrid,1,0,H,1,0,H,24,10,3,3,8,4,3,10,3,2,0,0
27/10/2024,20:00:00,Sociedad,Osasuna,0,2,A,0,2,A,19,10,9,4,7,14,14,4,3,4,0,0
28/10/2024,20:00:00,Mallorca,Ath Bilbao,0,0,D,0,0,D,4,20,1,1,9,12,1,14,5,1,1,0
01/11/2024,20:00:00,Alaves,Mallorca,1,0,H,0,0,D,13,7,3,2,19,12,7,2,3,2,0,0
02/11/2024,13:00:00,Osasuna,Valladolid,1,0,H,1,0,H,20,7,4,4,21,12,7,2,1,5,0,0
02/11/2024,15:15:00,Girona,Leganes,4,3,H,2,2,D,15,8,6,5,17,15,6,1,2,4,0,0
03/11/2024,13:00:00,Ath Madrid,Las Palmas,2,0,H,1,0,H,15,1,3,1,13,13,9,1,1,1,0,0
03/11/2024,15:15:00,Barcelona,Espanol,3,1,H,3,0,H,14,10,9,3,13,14,9,5,0,3,0,0
03/11/2024,17:30:00,Sevilla,Sociedad,0,2,A,0,1,A,8,9,0,3,6,17,5,9,2,1,0,0
03/11/2024,20:00:00,Ath Bilbao,Betis,1,1,D,0,0,D,17,7,8,4,9,8,6,2,0,0,0,0
04/11/2024,20:00:00,Celta,Getafe,1,0,H,1,0,H,10,10,3,2,12,11,0,2,1,4,0,1
08/11/2024,20:00:00,Vallecano,Las Palmas,1,3,A,0,1,A,35,11,7,3,9,13,12,4,1,3,0,0
09/11/2024,13:00:00,Real Madrid,Osasuna,4,0,H,2,0,H,18,2,8,0,9,16,11,3,0,2,0,0
09/11/2024,15:15:00,Villarreal,Alaves,3,0,H,1,0,H,13,9,3,3,17,21,7,2,1,3,0,0
09/11/2024,20:00:00,Leganes,Sevilla,1,0,H,0,0,D,8,13,4,2,7,10,0,6,2,1,0,1
10/11/2024,13:00:00,Betis,Celta,2,2,D,1,1,D,19,3,6,2,12,8,2,0,3,0,0,0
10/11/2024,15:15:00,Mallorca,Ath Madrid,0,1,A,0,0,D,12,9,6,2,10,16,7,2,1,3,0,0
10/11/2024,17:30:00,Getafe,Girona,0,1,A,0,1,A,8,3,0,2,25,16,5,2,3,3,0,0
10/11/2024,17:30:00,Valladolid,Ath Bilbao,1,1,D,0,0,D,6,17,3,1,12,12,5,5,4,4,0,0
10/11/2024,20:00:00,Sociedad,Barcelona,1,0,H,1,0,H,14,11,6,0,17,6,7,6,3,1,0,0
22/11/2024,20:00:00,Getafe,Valladolid,2,0,H,0,0,D,12,6,5,3,15,15,3,2,3,2,0,0
23/11/2024,13:00:00,Valencia,Betis,4,2,H,1,1,D,11,7,5,3,10,16,2,4,4,2,0,0
23/11/2024,15:15:00,Ath Madrid,Alaves,2,1,H,0,1,A,11,4,8,1,18,19,5,0,3,3,0,0
23/11/2024,17:30:00,Girona,Espanol,4,1,H,4,0,H,12,9,5,1,4,19,6,3,0,3,0,0
23/11/2024,17:30:00,Las Palmas,Mallorca,2,3,A,0,0,D,14,10,3,3,10,18,4,3,4,2,0,1
23/11/2024,20:00:00,Celta,Barcelona,2,2,D,0,1,A,15,9,8,4,13,9,5,1,5,5,0,1
24/11/2024,13:00:00,Osasuna,Villarreal,2,2,D,2,0,H,4,17,3,7,12,13,0,8,6,5,0,0
24/11/2024,15:15:00,Sevilla,Vallecano,1,0,H,1,0,H,11,9,3,1,14,14,8,3,2,5,0,1
24/11/2024,17:30:00,Leganes,Real Madrid,0,3,A,0,1,A,4,16,0,9,17,11,2,4,2,0,0,0
24/11/2024,20:00:00,Ath Bilbao,Sociedad,1,0,H,1,0,H,12,6,4,1,18,9,4,4,3,4,0,0
29/11/2024,20:00:00,Mallorca,Valencia,2,1,H,1,1,D,9,7,3,1,9,14,3,6,0,0,0,0
30/11/2024,13:00:00,Barcelona,Las Palmas,1,2,A,0,0,D,27,5,8,3,7,11,7,0,0,0,0,0
30/11/2024,15:15:00,Alaves,Leganes,1,1,D,0,0,D,18,6,7,3,15,15,13,8,1,4,0,0
30/11/2024,17:30:00,Espanol,Celta,3,1,H,1,0,H,9,16,5,2,13,7,2,5,2,2,0,0
30/11/2024,20:00:00,Valladolid,Ath Madrid,0,5,A,0,3,A,9,13,1,9,6,11,3,5,1,2,0,0
01/12/2024,13:00:00,Villarreal,Girona,2,2,D,1,0,H,13,13,4,6,8,13,1,5,2,6,0,0
01/12/2024,15:15:00,Real Madrid,Getafe,2,0,H,2,0,H,13,8,4,3,7,26,5,3,2,6,0,0
01/12/2024,17:30:00,Vallecano,Ath Bilbao,1,2,A,1,0,H,7,12,4,7,14,8,1,7,3,0,0,0
01/12/2024,20:00:00,Sociedad,Betis,2,0,H,2,0,H,2,7,1,2,28,10,0,4,3,2,0,0
02/12/2024,20:00:00,Sevilla,Osasuna,1,1,D,0,0,D,12,7,5,3,11,15,5,1,1,1,0,0
03/12/2024,18:00:00,Mallorca,Barcelona,1,5,A,1,1,D,6,20,1,9,13,13,2,5,4,3,0,0
04/12/2024,20:00:00,Ath Bilbao,Real Madrid,2,1,H,0,0,D,9,10,3,5,21,9,5,2,3,3,0,0
06/12/2024,20:00:00,Celta,Mallorca,2,0,H,1,0,H,12,9,5,4,9,12,3,3,1,0,0,1
07/12/2024,13:00:00,Las Palmas,Valladolid,2,1,H,1,1,D,11,9,5,2,17,13,3,3,4,3,0,0
07/12/2024,15:15:00,Betis,Barcelona,2,2,D,0,1,A,12,9,6,3,15,14,6,4,1,2,0,0
07/12/2024,17:30:00,Valencia,Vallecano,0,1,A,0,1,A,14,6,6,1,5,12,9,4,2,2,0,0
07/12/2024,20:00:00,Girona,Real Madrid,0,3,A,0,1,A,10,10,4,7,6,7,6,3,3,2,0,0
08/12/2024,13:00:00,Leganes,Sociedad,0,3,A,0,1,A,11,15,2,5,12,15,5,3,2,2,0,0
08/12/2024,15:15:00,Ath Bilbao,Villarreal,2,0,H,1,0,H,12,11,4,1,15,10,3,3,2,1,0,0
08/12/2024,17:30:00,Osasuna,Alaves,2,2,D,0,1,A,16,6,8,3,13,14,8,3,4,3,0,0
08/12/2024,20:00:00,Ath Madrid,Sevilla,4,3,H,1,2,A,14,4,9,3,11,8,5,3,4,3,0,0
09/12/2024,20:00:00,Getafe,Espanol,1,0,H,1,0,H,15,9,6,1,14,15,3,3,3,6,0,0
13/12/2024,20:00:00,Valladolid,Valencia,1,0,H,1,0,H,2,14,1,2,10,10,1,7,4,3,1,0
14/12/2024,13:00:00,Espanol,Osasuna,0,0,D,0,0,D,9,6,3,0,13,13,5,4,3,1,0,0
14/12/2024,15:15:00,Mallorca,Girona,2,1,H,1,1,D,8,13,2,1,10,14,2,4,5,2,1,0
14/12/2024,17:30:00,Sevilla,Celta,1,0,H,0,0,D,8,10,3,2,12,9,3,4,7,3,0,0
14/12/2024,20:00:00,Vallecano,Real Madrid,3,3,D,2,2,D,14,13,5,6,18,8,4,3,4,2,0,0
15/12/2024,13:00:00,Ath Madrid,Getafe,1,0,H,0,0,D,11,7,3,1,13,15,8,3,3,1,0,0
15/12/2024,15:15:00,Alaves,Ath Bilbao,1,1,D,0,1,A,6,9,3,2,14,17,2,4,2,2,0,0
15/12/2024,17:30:00,Sociedad,Las Palmas,0,0,D,0,0,D,15,9,4,3,17,12,8,6,2,3,0,0
15/12/2024,17:30:00,Villarreal,Betis,1,2,A,0,1,A,17,10,4,4,19,10,5,5,5,2,0,1
15/12/2024,20:00:00,Barcelona,Leganes,0,1,A,0,1,A,20,6,4,4,5,13,8,2,0,2,0,0
18/12/2024,20:30:00,Espanol,Valencia,1,1,D,1,0,H,10,14,3,4,13,11,4,7,1,0,0,0
18/12/2024,20:30:00,Villarreal,Vallecano,1,1,D,1,1,D,14,18,5,3,10,15,7,7,4,3,1,0
20/12/2024,20:00:00,Girona,Valladolid,3,0,H,2,0,H,23,1,7,1,13,7,9,1,3,1,0,0
21/12/2024,13:00:00,Getafe,Mallorca,0,1,A,0,0,D,18,9,5,2,19,13,3,0,4,3,0,0
21/12/2024,15:15:00,Celta,Sociedad,2,0,H,2,0,H,11,7,7,1,19,13,5,7,3,5,0,0
21/12/2024,17:30:00,Osasuna,Ath Bilbao,1,2,A,1,1,D,6,13,3,8,10,13,4,4,0,1,0,0
21/12/2024,20:00:00,Barcelona,Ath Madrid,1,2,A,1,0,H,19,5,7,4,11,8,11,3,0,3,0,0
22/12/2024,13:00:00,Valencia,Alaves,2,2,D,0,1,A,8,11,3,3,20,15,5,4,2,1,0,0
22/12/2024,15:15:00,Real Madrid,Sevilla,4,2,H,3,1,H,16,10,8,5,5,14,6,6,1,2,0,0
22/12/2024,17:30:00,Las Palmas,Espanol,1,0,H,0,0,D,10,9,4,2,9,16,2,2,4,2,0,0
22/12/2024,17:30:00,Leganes,Villarreal,2,5,A,2,2,D,5,18,3,9,17,15,1,5,1,2,2,0
22/12/2024,20:00:00,Betis,Vallecano,1,1,D,1,0,H,14,10,5,4,9,14,5,5,0,4,0,0
03/01/2025,20:00:00,Valencia,Real Madrid,1,2,A,1,0,H,8,17,5,5,16,9,2,5,2,3,0,1
10/01/2025,20:00:00,Vallecano,Celta,2,1,H,1,1,D,8,23,5,7,18,9,3,3,2,3,0,1
11/01/2025,13:00:00,Alaves,Girona,0,1,A,0,0,D,11,3,2,1,16,11,6,3,1,4,0,0
11/01/2025,15:15:00,Valladolid,Betis,1,0,H,0,0,D,12,14,1,3,21,10,1,8,2,4,0,0
11/01/2025,17:30:00,Espanol,Leganes,1,1,D,1,1,D,15,14,5,6,15,19,8,4,2,2,0,1
11/01/2025,20:00:00,Sevilla,Valencia,1,1,D,0,0,D,15,5,5,1,16,8,10,1,1,2,0,0
12/01/2025,13:00:00,Las Palmas,Getafe,1,2,A,0,0,D,15,12,7,3,14,17,4,5,2,3,0,0
12/01/2025,15:15:00,Ath Madrid,Osasuna,1,0,H,0,0,D,9,6,5,1,8,14,4,0,2,0,0,0
13/01/2025,20:00:00,Sociedad,Villarreal,1,0,H,0,0,D,6,15,3,5,17,6,3,7,4,2,0,0
17/01/2025,20:00:00,Espanol,Valladolid,2,1,H,1,0,H,12,11,4,4,13,16,1,7,2,2,0,0
18/01/2025,13:00:00,Girona,Sevilla,1,2,A,1,0,H,7,14,4,6,6,15,7,4,0,4,0,0
18/01/2025,15:15:00,Leganes,Ath Madrid,1,0,H,0,0,D,9,19,3,4,16,6,2,9,1,3,0,0
18/01/2025,17:30:00,Betis,Alaves,1,3,A,1,1,D,7,9,2,5,12,24,2,3,4,5,1,0
18/01/2025,20:00:00,Getafe,Barcelona,1,1,D,1,1,D,10,21,4,5,9,9,2,10,3,2,0,0
19/01/2025,13:00:00,Celta,Ath Bilbao,1,2,A,0,0,D,3,14,1,6,14,6,3,4,0,0,0,0
19/01/2025,15:15:00,Real Madrid,Las Palmas,4,1,H,3,1,H,26,6,13,2,11,13,8,2,0,1,0,1
19/01/2025,17:30:00,Osasuna,Vallecano,1,1,D,0,1,A,12,8,3,3,9,13,6,3,3,2,0,0
19/01/2025,20:00:00,Valencia,Sociedad,1,0,H,1,0,H,7,9,2,3,10,12,4,7,3,4,0,0
20/01/2025,20:00:00,Villarreal,Mallorca,4,0,H,4,0,H,14,9,7,2,9,12,6,5,1,3,0,0
24/01/2025,20:00:00,Las Palmas,Osasuna,1,1,D,0,0,D,16,16,7,4,14,17,4,2,7,8,1,0
25/01/2025,13:00:00,Mallorca,Betis,0,1,A,0,0,D,16,8,3,3,12,18,4,4,2,2,1,0
25/01/2025,15:15:00,Ath Madrid,Villarreal,1,1,D,0,1,A,20,11,8,1,10,14,5,6,4,2,0,0
25/01/2025,17:30:00,Sevilla,Espanol,1,1,D,0,1,A,25,6,4,1,13,14,5,1,1,4,0,0
25/01/2025,20:00:00,Valladolid,Real Madrid,0,3,A,0,1,A,6,20,2,4,11,12,1,7,3,3,1,0
26/01/2025,13:00:00,Vallecano,Girona,2,1,H,0,0,D,17,12,7,5,19,9,4,1,3,1,0,0
26/01/2025,15:15:00,Sociedad,Getafe,0,3,A,0,0,D,13,13,4,4,11,15,5,2,3,6,0,0
26/01/2025,17:30:00,Ath Bilbao,Leganes,0,0,D,0,0,D,29,5,3,2,10,8,16,1,1,1,0,0
26/01/2025,20:00:00,Barcelona,Valencia,7,1,H,5,0,H,22,7,11,2,10,12,14,4,0,1,0,0
27/01/2025,20:00:00,Alaves,Celta,1,1,D,1,0,H,3,5,1,2,15,14,3,4,2,3,0,0
31/01/2025,20:00:00,Leganes,Vallecano,0,1,A,0,0,D,5,19,1,3,7,19,2,9,2,4,1,0
01/02/2025,13:00:00,Getafe,Sevilla,0,0,D,0,0,D,7,13,1,1,15,12,6,5,4,6,0,0
01/02/2025,15:15:00,Villarreal,Valladolid,5,1,H,1,0,H,22,8,8,2,9,14,3,6,1,2,0,0
01/02/2025,17:30:00,Ath Madrid,Mallorca,2,0,H,1,0,H,17,10,5,1,9,14,10,4,2,3,0,0
01/02/2025,20:00:00,Espanol,Real Madrid,1,0,H,0,0,D,5,21,2,7,14,3,1,8,2,0,0,0
02/02/2025,13:00:00,Barcelona,Alaves,1,0,H,0,0,D,11,3,4,0,8,20,5,2,5,2,0,0
02/02/2025,15:15:00,Valencia,Celta,2,1,H,1,0,H,8,3,5,2,9,17,5,2,1,2,0,0
02/02/2025,17:30:00,Osasuna,Sociedad,2,1,H,1,0,H,11,13,4,3,10,8,3,5,3,3,0,0
02/02/2025,20:00:00,Betis,Ath Bilbao,2,2,D,2,1,H,10,12,6,4,10,20,3,7,3,1,0,0
03/02/2025,20:00:00,Girona,Las Palmas,2,1,H,1,0,H,12,10,4,2,12,12,11,3,2,2,0,0
07/02/2025,20:00:00,Vallecano,Valladolid,1,0,H,0,0,D,20,8,6,3,11,15,4,2,2,2,0,0
08/02/2025,13:00:00,Celta,Betis,3,2,H,0,2,A,14,12,6,5,11,11,4,7,3,5,0,0
08/02/2025,15:15:00,Ath Bilbao,Girona,3,0,H,2,0,H,23,3,8,1,7,12,11,2,0,4,0,0
08/02/2025,17:30:00,Las Palmas,Villarreal,1,2,A,0,0,D,20,9,4,4,12,12,6,5,6,3,0,0
08/02/2025,20:00:00,Real Madrid,Ath Madrid,1,1,D,0,1,A,23,10,9,1,14,13,6,1,1,3,0,0
09/02/2025,13:00:00,Alaves,Getafe,0,1,A,0,1,A,12,4,4,3,16,16,8,3,2,6,0,0
09/02/2025,15:15:00,Valencia,Leganes,2,0,H,2,0,H,18,12,4,4,14,9,9,3,1,1,0,0
09/02/2025,17:30:00,Sociedad,Espanol,2,1,H,1,0,H,13,4,3,1,11,17,6,0,1,2,0,0
09/02/2025,20:00:00,Sevilla,Barcelona,1,4,A,1,1,D,8,10,4,6,14,6,5,6,5,2,0,1
10/02/2025,20:00:00,Mallorca,Osasuna,1,1,D,0,0,D,10,19,2,4,7,11,7,11,1,4,0,0
14/02/2025,20:00:00,Girona,Getafe,1,2,A,0,1,A,14,10,4,6,11,23,3,3,2,3,1,0
15/02/2025,13:00:00,Leganes,Alaves,3,3,D,2,1,H,8,16,3,7,18,15,3,2,4,5,1,0
15/02/2025,15:15:00,Osasuna,Real Madrid,1,1,D,0,1,A,11,17,4,6,16,7,6,2,3,1,0,1
15/02/2025,17:30:00,Ath Madrid,Celta,1,1,D,0,0,D,9,11,3,4,8,18,2,7,3,5,1,0
15/02/2025,20:00:00,Villarreal,Valencia,1,1,D,1,0,H,13,12,4,3,6,17,4,5,0,5,0,0
16/02/2025,13:00:00,Espanol,Ath Bilbao,1,1,D,0,0,D,12,14,4,4,12,8,2,7,1,1,0,0
16/02/2025,15:15:00,Valladolid,Sevilla,0,4,A,0,2,A,7,11,2,6,11,10,3,2,4,2,0,0
16/02/2025,17:30:00,Mallorca,Las Palmas,3,1,H,3,0,H,14,9,5,4,7,13,3,5,1,4,0,0
16/02/2025,20:00:00,Betis,Sociedad,3,0,H,0,0,D,24,5,8,1,9,15,5,5,0,2,0,2
17/02/2025,20:00:00,Barcelona,Vallecano,1,0,H,1,0,H,14,9,5,4,11,9,4,5,2,3,0,0
21/02/2025,20:00:00,Celta,Osasuna,1,0,H,0,0,D,12,18,5,1,11,13,5,4,1,0,0,0
22/02/2025,13:00:00,Alaves,Espanol,0,1,A,0,0,D,15,9,5,2,13,17,7,0,2,2,0,0
22/02/2025,15:15:00,Vallecano,Villarreal,0,1,A,0,0,D,10,10,5,5,15,12,3,5,1,4,1,0
22/02/2025,17:30:00,Valencia,Ath Madrid,0,3,A,0,2,A,18,11,2,3,18,16,7,0,1,3,0,0
22/02/2025,20:00:00,Las Palmas,Barcelona,0,2,A,0,0,D,10,15,2,5,13,4,5,3,1,1,0,0
23/02/2025,13:00:00,Ath Bilbao,Valladolid,7,1,H,4,0,H,29,5,16,3,10,5,4,4,2,3,0,1
23/02/2025,15:15:00,Real Madrid,Girona,2,0,H,1,0,H,22,6,5,2,1,7,11,5,0,2,0,0
23/02/2025,17:30:00,Getafe,Betis,1,2,A,0,1,A,10,13,4,6,17,20,2,5,3,0,1,1
23/02/2025,20:00:00,Sociedad,Leganes,3,0,H,1,0,H,12,8,5,2,13,13,3,3,3,3,0,0
24/02/2025,20:00:00,Sevilla,Mallorca,1,1,D,1,0,H,19,13,4,2,11,12,4,4,1,3,0,0
28/02/2025,20:00:00,Valladolid,Las Palmas,1,1,D,0,1,A,23,4,7,3,11,8,13,4,2,1,0,1
01/03/2025,13:00:00,Girona,Celta,2,2,D,1,1,D,9,10,6,6,8,17,4,2,0,0,0,0
01/03/2025,15:15:00,Vallecano,Sevilla,1,1,D,0,0,D,20,10,8,5,14,9,6,6,1,0,0,0
01/03/2025,17:30:00,Betis,Real Madrid,2,1,H,1,1,D,18,9,3,2,17,12,9,2,3,4,0,0
01/03/2025,20:00:00,Ath Madrid,Ath Bilbao,1,0,H,0,0,D,12,15,4,3,7,8,6,2,2,3,0,0
02/03/2025,13:00:00,Leganes,Getafe,1,0,H,0,0,D,5,9,1,0,15,15,2,6,1,1,0,0
02/03/2025,15:15:00,Barcelona,Sociedad,4,0,H,2,0,H,33,0,10,0,15,6,12,0,0,0,0,1
02/03/2025,17:30:00,Mallorca,Alaves,1,1,D,1,0,H,15,19,4,7,20,14,3,9,0,2,0,0
02/03/2025,20:00:00,Osasuna,Valencia,3,3,D,3,2,H,12,12,5,5,10,7,3,3,2,1,0,0
08/03/2025,13:00:00,Celta,Leganes,2,1,H,2,1,H,7,12,4,6,10,9,2,5,3,2,0,0
08/03/2025,15:15:00,Alaves,Villarreal,1,0,H,1,0,H,5,24,3,2,11,13,1,6,3,1,2,0
08/03/2025,17:30:00,Valencia,Valladolid,2,1,H,1,1,D,17,11,4,4,11,10,5,4,1,3,0,0
09/03/2025,13:00:00,Getafe,Ath Madrid,2,1,H,0,0,D,11,4,3,2,10,14,4,4,6,2,0,1
09/03/2025,15:15:00,Real Madrid,Vallecano,2,1,H,2,1,H,10,20,5,6,12,17,4,6,3,1,0,0
09/03/2025,17:30:00,Ath Bilbao,Mallorca,1,1,D,0,0,D,8,9,2,2,6,13,3,3,1,3,0,0
09/03/2025,17:30:00,Betis,Las Palmas,1,0,H,0,0,D,14,8,6,1,12,14,11,1,2,8,0,1
09/03/2025,20:00:00,Sociedad,Sevilla,0,1,A,0,0,D,7,9,2,4,14,12,6,3,2,1,0,0
10/03/2025,20:00:00,Espanol,Girona,1,1,D,0,0,D,7,18,4,4,11,13,4,9,3,3,0,0
14/03/2025,20:00:00,Las Palmas,Alaves,2,2,D,0,1,A,14,9,7,3,10,22,4,5,5,5,0,0
15/03/2025,13:00:00,Valladolid,Celta,0,1,A,0,0,D,5,10,2,1,9,15,3,4,3,3,0,0
15/03/2025,15:15:00,Mallorca,Espanol,2,1,H,0,0,D,20,2,7,0,10,12,6,2,0,2,0,0
15/03/2025,17:30:00,Villarreal,Real Madrid,1,2,A,1,2,A,23,9,10,5,17,3,11,4,2,1,0,0
15/03/2025,20:00:00,Girona,Valencia,1,1,D,0,0,D,14,12,4,2,12,5,9,4,2,1,0,0
16/03/2025,13:00:00,Leganes,Betis,2,3,A,2,0,H,10,21,4,6,16,5,3,7,2,1,0,0
16/03/2025,15:15:00,Sevilla,Ath Bilbao,0,1,A,0,0,D,11,9,4,4,13,12,4,6,4,2,0,0
16/03/2025,17:30:00,Osasuna,Getafe,1,2,A,1,0,H,12,7,4,4,19,15,3,2,2,3,0,1
16/03/2025,17:30:00,Vallecano,Sociedad,2,2,D,0,1,A,10,8,5,4,16,9,4,4,3,2,0,0
16/03/2025,20:00:00,Ath Madrid,Barcelona,2,4,A,1,0,H,7,13,2,6,10,11,6,6,1,3,0,0
27/03/2025,20:00:00,Barcelona,Osasuna,3,0,H,2,0,H,19,4,5,0,7,14,8,4,1,3,0,0
29/03/2025,13:00:00,Sociedad,Valladolid,2,1,H,1,0,H,12,12,2,5,20,10,3,6,2,3,0,0
29/03/2025,15:15:00,Espanol,Ath Madrid,1,1,D,0,1,A,8,13,1,2,12,14,4,3,2,1,0,0
29/03/2025,17:30:00,Alaves,Vallecano,0,2,A,0,1,A,12,11,4,5,14,12,8,5,3,5,0,0
29/03/2025,20:00:00,Real Madrid,Leganes,3,2,H,1,2,A,24,10,10,4,9,13,8,3,1,4,0,0
30/03/2025,13:00:00,Getafe,Villarreal,1,2,A,1,2,A,11,9,4,3,16,21,3,1,1,4,0,0
30/03/2025,15:15:00,Barcelona,Girona,4,1,H,1,0,H,21,4,9,2,8,11,10,2,0,1,0,0
30/03/2025,17:30:00,Ath Bilbao,Osasuna,0,0,D,0,0,D,11,5,5,2,12,12,3,4,1,1,0,0
30/03/2025,17:30:00,Valencia,Mallorca,1,0,H,0,0,D,8,8,2,2,16,15,4,5,5,5,0,0
30/03/2025,20:00:00,Betis,Sevilla,2,1,H,2,1,H,11,6,3,2,10,22,2,2,4,4,0,0
31/03/2025,20:00:00,Celta,Las Palmas,1,1,D,1,0,H,19,4,7,2,17,5,4,2,3,0,0,0
04/04/2025,20:00:00,Vallecano,Espanol,0,4,A,0,2,A,16,15,5,7,8,10,8,4,2,2,0,0
05/04/2025,13:00:00,Girona,Alaves,0,1,A,0,0,D,11,14,6,3,9,16,1,5,1,4,0,0
05/04/2025,15:15:00,Real Madrid,Valencia,1,2,A,0,1,A,21,10,9,2,10,13,9,4,0,4,0,0
05/04/2025,17:30:00,Mallorca,Celta,1,2,A,1,0,H,7,10,2,4,9,11,4,2,3,0,0,0
05/04/2025,20:00:00,Barcelona,Betis,1,1,D,1,1,D,13,6,5,2,16,12,9,3,2,1,0,0
06/04/2025,13:00:00,Las Palmas,Sociedad,1,3,A,0,1,A,13,13,5,8,7,10,5,4,0,2,0,0
06/04/2025,15:15:00,Sevilla,Ath Madrid,1,2,A,1,1,D,11,13,6,5,14,12,7,7,1,4,0,0
06/04/2025,17:30:00,Valladolid,Getafe,0,4,A,0,3,A,5,16,0,9,11,17,3,4,3,1,1,0
06/04/2025,20:00:00,Villarreal,Ath Bilbao,0,0,D,0,0,D,12,11,4,2,9,13,6,5,0,1,1,0
07/04/2025,20:00:00,Leganes,Osasuna,1,1,D,0,0,D,13,14,7,6,18,14,4,8,3,3,0,0
11/04/2025,20:00:00,Valencia,Sevilla,1,0,H,1,0,H,8,12,6,5,10,18,3,3,3,2,0,0
12/04/2025,13:00:00,Sociedad,Mallorca,0,2,A,0,1,A,15,7,4,3,11,12,8,2,3,1,0,0
12/04/2025,15:15:00,Getafe,Las Palmas,1,3,A,1,0,H,11,10,6,5,14,15,3,2,0,2,1,0
12/04/2025,17:30:00,Celta,Espanol,0,2,A,0,1,A,16,5,6,3,14,10,13,5,2,2,0,0
12/04/2025,20:00:00,Leganes,Barcelona,0,1,A,0,0,D,6,12,1,3,10,4,4,8,2,1,0,0
13/04/2025,13:00:00,Osasuna,Girona,2,1,H,1,0,H,13,18,6,8,17,15,4,4,2,0,0,0
13/04/2025,15:15:00,Alaves,Real Madrid,0,1,A,0,1,A,13,11,6,4,21,12,4,4,4,4,1,1
13/04/2025,17:30:00,Betis,Villarreal,1,2,A,1,1,D,24,8,5,2,4,13,5,5,0,4,0,0
13/04/2025,20:00:00,Ath Bilbao,Vallecano,3,1,H,0,1,A,13,11,4,3,12,7,7,1,4,3,0,0
14/04/2025,20:00:00,Ath Madrid,Valladolid,4,2,H,2,1,H,24,6,9,3,11,8,5,1,1,1,0,0
18/04/2025,20:00:00,Espanol,Getafe,1,0,H,1,0,H,9,9,3,4,12,15,6,8,0,2,0,1
19/04/2025,13:00:00,Vallecano,Valencia,1,1,D,1,0,H,11,10,4,3,18,13,5,2,3,1,0,0
19/04/2025,15:15:00,Barcelona,Celta,4,3,H,1,1,D,18,11,6,8,10,13,4,1,2,2,0,0
19/04/2025,17:30:00,Mallorca,Leganes,0,0,D,0,0,D,11,15,1,1,17,15,4,4,2,1,0,0
19/04/2025,20:00:00,Las Palmas,Ath Madrid,1,0,H,0,0,D,8,7,2,2,13,13,4,4,3,1,0,0
20/04/2025,13:00:00,Valladolid,Osasuna,2,3,A,0,2,A,12,11,5,6,12,17,5,2,2,0,0,0
20/04/2025,15:15:00,Villarreal,Sociedad,2,2,D,1,1,D,20,4,5,4,12,12,10,4,5,1,0,0
20/04/2025,17:30:00,Sevilla,Alaves,1,1,D,1,1,D,10,11,2,3,10,11,3,6,2,2,0,0
20/04/2025,20:00:00,Real Madrid,Ath Bilbao,1,0,H,0,0,D,22,3,7,1,7,15,14,1,1,2,0,0
21/04/2025,20:00:00,Girona,Betis,1,3,A,0,3,A,11,17,5,9,13,11,8,9,3,2,0,0
22/04/2025,18:00:00,Valencia,Espanol,1,1,D,0,1,A,16,8,7,3,7,7,6,4,2,1,0,0
22/04/2025,20:30:00,Barcelona,Mallorca,1,0,H,0,0,D,40,4,13,0,10,7,13,2,0,1,0,0
23/04/2025,18:00:00,Ath Bilbao,Las Palmas,1,0,H,1,0,H,13,10,4,2,13,9,3,3,1,3,0,0
23/04/2025,18:00:00,Celta,Villarreal,3,0,H,1,0,H,21,4,9,1,16,10,6,3,2,1,0,1
23/04/2025,20:30:00,Alaves,Sociedad,1,0,H,0,0,D,10,6,1,0,17,17,6,6,4,5,0,0
23/04/2025,20:30:00,Getafe,Real Madrid,0,1,A,0,1,A,20,14,6,7,15,7,4,4,3,1,0,0
24/04/2025,18:00:00,Leganes,Girona,1,1,D,0,0,D,7,8,1,3,16,18,4,5,4,2,1,0
24/04/2025,18:00:00,Osasuna,Sevilla,1,0,H,1,0,H,9,12,2,3,14,13,4,4,4,2,0,1
24/04/2025,20:30:00,Ath Madrid,Vallecano,3,0,H,2,0,H,10,12,5,5,8,15,6,3,0,2,0,0
24/04/2025,20:30:00,Betis,Valladolid,5,1,H,1,1,D,16,10,6,5,7,7,4,4,1,0,0,0
27/04/2025,15:15:00,Villarreal,Espanol,1,0,H,0,0,D,14,12,5,1,19,11,8,6,4,0,0,0
02/05/2025,20:00:00,Vallecano,Getafe,1,0,H,1,0,H,13,12,8,1,12,13,7,3,3,2,0,1
03/05/2025,13:00:00,Alaves,Ath Madrid,0,0,D,0,0,D,8,9,2,2,18,13,3,5,3,2,0,0
03/05/2025,15:15:00,Villarreal,Osasuna,4,2,H,3,0,H,15,11,5,4,10,18,2,8,4,1,0,0
03/05/2025,17:30:00,Las Palmas,Valencia,2,3,A,1,1,D,15,10,3,5,12,6,9,5,1,1,0,0
03/05/2025,20:00:00,Valladolid,Barcelona,1,2,A,1,0,H,5,24,4,7,12,15,4,8,3,2,0,0
04/05/2025,13:00:00,Real Madrid,Celta,3,2,H,2,0,H,17,14,6,7,5,11,4,6,2,1,0,0
04/05/2025,15:15:00,Sevilla,Leganes,2,2,D,1,1,D,25,9,7,3,17,12,8,2,4,5,0,0
04/05/2025,17:30:00,Espanol,Betis,1,2,A,1,0,H,11,20,5,10,16,10,3,7,2,0,0,0
04/05/2025,20:00:00,Sociedad,Ath Bilbao,0,0,D,0,0,D,12,3,3,1,18,13,7,3,1,2,0,0
05/05/2025,20:00:00,Girona,Mallorca,1,0,H,1,0,H,13,9,6,1,11,14,5,2,0,2,0,0
09/05/2025,20:00:00,Las Palmas,Vallecano,0,1,A,0,0,D,11,16,2,5,8,9,8,8,2,3,0,0
10/05/2025,13:00:00,Valencia,Getafe,3,0,H,3,0,H,10,10,6,3,17,20,2,6,3,5,0,0
10/05/2025,15:15:00,Celta,Sevilla,3,2,H,1,1,D,8,19,4,10,11,16,3,6,0,2,1,0
10/05/2025,17:30:00,Girona,Villarreal,0,1,A,0,0,D,7,14,0,5,13,10,5,3,2,3,0,0
10/05/2025,17:30:00,Mallorca,Valladolid,2,1,H,1,1,D,12,16,4,7,16,12,5,10,2,1,0,0
10/05/2025,20:00:00,Ath Madrid,Sociedad,4,0,H,4,0,H,13,6,7,1,7,12,3,3,0,1,0,0
11/05/2025,13:00:00,Leganes,Espanol,3,2,H,2,0,H,13,12,5,6,14,18,3,8,2,2,0,0
11/05/2025,15:15:00,Barcelona,Real Madrid,4,3,H,4,2,H,23,9,9,5,17,15,10,2,4,3,0,0
11/05/2025,17:30:00,Ath Bilbao,Alaves,1,0,H,0,0,D,11,4,3,1,17,12,9,2,1,1,0,0
11/05/2025,20:00:00,Betis,Osasuna,1,1,D,0,0,D,10,16,5,5,8,12,6,7,3,2,0,0
13/05/2025,18:00:00,Valladolid,Girona,0,1,A,0,0,D,11,13,4,5,5,19,6,4,0,0,0,0
13/05/2025,19:00:00,Sociedad,Celta,0,1,A,0,1,A,15,6,5,2,18,11,14,1,3,1,0,0
13/05/2025,20:30:00,Sevilla,Las Palmas,1,0,H,0,0,D,10,14,3,3,22,15,4,2,6,6,0,0
14/05/2025,18:00:00,Alaves,Valencia,1,0,H,0,0,D,11,10,5,3,16,10,9,4,4,3,0,0
14/05/2025,18:00:00,Villarreal,Leganes,3,0,H,3,0,H,17,23,7,6,5,11,3,6,1,1,0,0
14/05/2025,20:30:00,Real Madrid,Mallorca,2,1,H,0,1,A,39,4,13,2,6,15,26,0,0,3,0,0
15/05/2025,18:00:00,Vallecano,Betis,2,2,D,2,0,H,20,10,6,3,8,18,10,7,1,3,0,0
15/05/2025,18:00:00,Osasuna,Ath Madrid,2,0,H,1,0,H,9,9,3,5,12,11,3,5,1,1,0,0
15/05/2025,20:30:00,Espanol,Barcelona,0,2,A,0,0,D,9,12,1,4,8,10,3,3,2,2,1,0
15/05/2025,20:30:00,Getafe,Ath Bilbao,0,2,A,0,0,D,11,9,1,2,10,7,2,5,1,0,0,0
18/05/2025,18:00:00,Ath Madrid,Betis,4,1,H,2,0,H,20,12,11,7,12,9,7,4,1,1,0,0
18/05/2025,18:00:00,Barcelona,Villarreal,2,3,A,2,1,H,24,7,9,3,14,9,11,3,2,0,0,0
18/05/2025,18:00:00,Celta,Vallecano,1,2,A,1,2,A,24,7,7,2,10,17,9,2,2,3,0,0
18/05/2025,18:00:00,Las Palmas,Leganes,0,1,A,0,1,A,12,11,3,4,15,12,9,2,2,2,0,0
18/05/2025,18:00:00,Mallorca,Getafe,1,2,A,0,0,D,7,10,1,4,14,9,3,4,2,2,0,0
18/05/2025,18:00:00,Osasuna,Espanol,2,0,H,1,0,H,16,16,3,6,11,5,8,6,1,1,0,0
18/05/2025,18:00:00,Sevilla,Real Madrid,0,2,A,0,0,D,6,16,1,6,7,9,1,7,0,1,2,0
18/05/2025,18:00:00,Sociedad,Girona,3,2,H,2,1,H,15,9,9,5,10,9,9,2,1,3,0,0
18/05/2025,18:00:00,Valencia,Ath Bilbao,0,1,A,0,0,D,6,10,2,4,10,16,5,3,3,1,0,0
18/05/2025,18:00:00,Valladolid,Alaves,0,1,A,0,1,A,7,14,1,4,12,24,5,9,0,2,0,0
23/05/2025,20:00:00,Betis,Valencia,1,1,D,1,0,H,14,9,4,2,8,12,3,2,1,2,0,0
24/05/2025,15:15:00,Real Madrid,Sociedad,2,0,H,1,0,H,16,9,8,1,5,7,11,4,0,0,0,0
24/05/2025,17:30:00,Espanol,Las Palmas,2,0,H,0,0,D,8,10,3,4,12,11,3,6,3,2,0,0
24/05/2025,17:30:00,Leganes,Valladolid,3,0,H,3,0,H,16,6,6,2,11,16,3,4,0,1,0,0
24/05/2025,20:00:00,Alaves,Osasuna,1,1,D,0,0,D,14,19,5,5,15,6,5,9,2,2,0,0
24/05/2025,20:00:00,Getafe,Celta,1,2,A,1,1,D,6,15,1,8,13,10,2,6,3,4,1,0
24/05/2025,20:00:00,Vallecano,Mallorca,0,0,D,0,0,D,27,9,8,2,9,14,11,2,2,2,0,0
25/05/2025,13:00:00,Girona,Ath Madrid,0,4,A,0,0,D,2,19,1,11,13,11,1,8,0,1,0,0
25/05/2025,15:15:00,Villarreal,Sevilla,4,2,H,3,1,H,12,17,7,6,8,14,3,5,0,1,0,0
25/05/2025,20:00:00,Ath Bilbao,Barcelona,0,3,A,0,2,A,10,13,1,4,21,10,2,6,1,0,0,0
15/08/2025,18:00:00,Girona,Vallecano,1,3,A,0,3,A,7,16,2,5,8,17,2,4,0,1,1,0
15/08/2025,20:30:00,Villarreal,Oviedo,2,0,H,2,0,H,25,5,10,4,10,8,10,1,1,2,0,1
16/08/2025,18:30:00,Mallorca,Barcelona,0,3,A,0,2,A,4,24,1,8,8,17,3,6,4,1,2,0
16/08/2025,20:30:00,Alaves,Levante,2,1,H,1,0,H,15,7,4,3,15,13,10,1,0,1,0,0
16/08/2025,20:30:00,Valencia,Sociedad,1,1,D,0,0,D,18,13,2,3,5,11,8,7,1,2,0,0
17/08/2025,16:00:00,Celta,Getafe,0,2,A,0,0,D,11,10,3,3,15,17,9,3,3,2,0,0
17/08/2025,18:30:00,Ath Bilbao,Sevilla,3,2,H,2,0,H,14,12,3,6,8,12,10,1,0,2,0,0
17/08/2025,20:30:00,Espanol,Ath Madrid,2,1,H,0,1,A,10,15,5,4,14,11,1,3,3,3,0,0
18/08/2025,20:00:00,Elche,Betis,1,1,D,0,1,A,6,12,2,4,14,13,1,3,0,1,0,0
19/08/2025,20:00:00,Real Madrid,Osasuna,1,0,H,0,0,D,18,2,5,0,10,12,7,0,1,0,0,1
22/08/2025,20:30:00,Betis,Alaves,1,0,H,1,0,H,16,11,5,5,10,17,5,2,2,3,0,0
23/08/2025,16:00:00,Mallorca,Celta,1,1,D,0,1,A,12,8,4,2,12,12,3,4,3,3,0,0
23/08/2025,18:30:00,Ath Madrid,Elche,1,1,D,1,1,D,13,6,6,2,14,7,10,2,0,3,0,0
23/08/2025,20:30:00,Levante,Barcelona,2,3,A,2,0,H,8,26,5,10,10,8,0,11,3,1,0,0
24/08/2025,16:00:00,Osasuna,Valencia,1,0,H,1,0,H,16,4,4,1,14,13,3,4,2,1,0,1
24/08/2025,18:30:00,Sociedad,Espanol,2,2,D,0,2,A,15,14,7,3,16,18,5,2,2,2,0,0
24/08/2025,18:30:00,Villarreal,Girona,5,0,H,4,0,H,19,5,7,2,8,9,8,1,1,2,0,0
24/08/2025,20:30:00,Oviedo,Real Madrid,0,3,A,0,1,A,6,26,3,10,8,7,1,9,2,1,0,0
25/08/2025,18:30:00,Ath Bilbao,Vallecano,1,0,H,0,0,D,11,6,4,1,13,13,3,6,0,4,0,0
25/08/2025,20:30:00,Sevilla,Getafe,1,2,A,1,1,D,12,9,3,6,10,24,5,3,2,2,0,0
27/08/2025,20:00:00,Celta,Betis,1,1,D,0,1,A,14,7,5,2,13,11,10,4,1,2,0,0
29/08/2025,18:30:00,Elche,Levante,2,0,H,0,0,D,16,11,5,1,14,17,4,2,1,2,0,0
29/08/2025,20:30:00,Valencia,Getafe,3,0,H,1,0,H,7,11,4,1,18,7,8,6,2,0,0,0
30/08/2025,16:00:00,Alaves,Ath Madrid,1,1,D,1,1,D,5,15,2,6,10,17,1,6,2,3,0,0
30/08/2025,18:00:00,Oviedo,Sociedad,1,0,H,1,0,H,8,18,1,6,7,18,1,10,2,1,0,0
30/08/2025,18:30:00,Girona,Sevilla,0,2,A,0,1,A,20,13,5,4,5,14,11,3,0,2,0,0
30/08/2025,20:30:00,Real Madrid,Mallorca,2,1,H,2,1,H,17,9,7,5,12,7,4,5,2,0,0,0
31/08/2025,16:00:00,Celta,Villarreal,1,1,D,0,0,D,10,8,2,3,11,8,1,5,1,1,0,0
31/08/2025,18:00:00,Betis,Ath Bilbao,1,2,A,0,0,D,9,15,2,6,9,16,4,10,1,4,0,1
31/08/2025,18:30:00,Espanol,Osasuna,1,0,H,0,0,D,10,10,4,3,13,14,2,3,2,3,0,0
31/08/2025,20:30:00,Vallecano,Barcelona,1,1,D,0,1,A,12,12,6,3,16,8,9,4,4,1,0,0
12/09/2025,20:00:00,Sevilla,Elche,2,2,D,1,0,H,7,5,3,2,23,19,2,2,4,3,0,0
13/09/2025,13:00:00,Getafe,Oviedo,2,0,H,2,0,H,10,5,3,1,12,18,4,3,2,5,0,1
13/09/2025,15:15:00,Sociedad,Real Madrid,1,2,A,0,2,A,23,16,4,6,17,7,12,4,2,1,0,1
13/09/2025,17:30:00,Ath Bilbao,Alaves,0,1,A,0,0,D,12,4,3,2,17,21,6,6,4,3,0,0
13/09/2025,20:00:00,Ath Madrid,Villarreal,2,0,H,1,0,H,8,8,3,1,12,15,8,3,2,4,0,0
14/09/2025,13:00:00,Celta,Girona,1,1,D,0,1,A,21,13,7,8,7,9,10,3,0,3,0,0
14/09/2025,15:15:00,Levante,Betis,2,2,D,2,1,H,5,28,2,9,16,11,4,12,3,2,0,0
14/09/2025,17:30:00,Osasuna,Vallecano,2,0,H,1,0,H,9,19,7,6,13,7,3,6,3,2,0,0
14/09/2025,20:00:00,Barcelona,Valencia,6,0,H,1,0,H,24,2,10,1,9,8,5,4,0,1,0,0
15/09/2025,20:00:00,Espanol,Mallorca,3,2,H,2,1,H,9,24,3,10,9,16,3,9,2,1,1,0
19/09/2025,20:00:00,Betis,Sociedad,3,1,H,1,1,D,21,11,6,5,7,20,3,5,3,7,0,0
20/09/2025,13:00:00,Girona,Levante,0,4,A,0,1,A,7,14,1,7,11,17,5,4,4,3,2,0
20/09/2025,15:15:00,Real Madrid,Espanol,2,0,H,1,0,H,16,8,5,1,10,20,5,3,2,0,0,0
20/09/2025,17:30:00,Alaves,Sevilla,1,2,A,1,1,D,8,9,5,3,20,19,4,4,1,7,0,0
20/09/2025,17:30:00,Villarreal,Osasuna,2,1,H,0,1,A,26,6,8,3,10,11,7,0,2,3,0,1
20/09/2025,20:00:00,Valencia,Ath Bilbao,2,0,H,0,0,D,13,11,5,5,13,6,5,6,1,1,0,1
21/09/2025,13:00:00,Vallecano,Celta,1,1,D,0,0,D,15,9,5,5,8,10,5,7,1,1,0,0
21/09/2025,15:15:00,Mallorca,Ath Madrid,1,1,D,0,0,D,8,12,3,7,14,6,3,6,0,0,0,1
21/09/2025,17:30:00,Elche,Oviedo,1,0,H,1,0,H,15,12,5,4,9,18,3,3,2,2,0,0
21/09/2025,20:00:00,Barcelona,Getafe,3,0,H,2,0,H,16,3,7,2,9,15,3,2,2,4,0,0
23/09/2025,18:00:00,Ath Bilbao,Girona,1,1,D,0,1,A,17,6,5,3,19,15,8,1,0,2,0,0
23/09/2025,18:00:00,Espanol,Valencia,2,2,D,0,1,A,21,5,10,2,9,9,8,3,1,4,0,0
23/09/2025,20:30:00,Levante,Real Madrid,1,4,A,0,2,A,11,24,2,10,17,9,1,7,1,1,0,0
23/09/2025,20:30:00,Sevilla,Villarreal,1,2,A,0,1,A,16,12,2,5,17,14,3,3,2,3,0,0
24/09/2025,18:00:00,Getafe,Alaves,1,1,D,0,0,D,7,10,1,4,14,20,2,7,2,3,0,0
24/09/2025,20:30:00,Ath Madrid,Vallecano,3,2,H,1,1,D,20,9,8,3,6,12,8,6,3,4,0,0
24/09/2025,20:30:00,Sociedad,Mallorca,1,0,H,0,0,D,17,7,4,3,13,15,11,2,2,2,0,0
25/09/2025,18:30:00,Osasuna,Elche,1,1,D,1,0,H,9,12,2,4,19,13,2,3,2,2,0,0
25/09/2025,20:30:00,Oviedo,Barcelona,1,3,A,1,0,H,7,22,3,10,10,6,6,9,1,0,0,0
26/09/2025,20:00:00,Girona,Espanol,0,0,D,0,0,D,12,20,3,5,9,11,8,4,0,1,0,0
27/09/2025,13:00:00,Getafe,Levante,1,1,D,0,1,A,11,11,4,3,15,16,6,2,4,3,0,0
27/09/2025,15:15:00,Ath Madrid,Real Madrid,5,2,H,2,2,D,13,6,7,2,17,14,7,2,5,4,0,0
27/09/2025,17:30:00,Mallorca,Alaves,1,0,H,1,0,H,12,12,3,3,14,18,4,8,2,3,0,0
27/09/2025,20:00:00,Villarreal,Ath Bilbao,1,0,H,0,0,D,14,16,5,4,13,11,6,5,2,0,0,0
28/09/2025,13:00:00,Vallecano,Sevilla,0,1,A,0,0,D,18,4,6,1,12,15,12,4,3,2,1,0
28/09/2025,15:15:00,Elche,Celta,2,1,H,1,1,D,17,8,8,2,12,20,7,2,3,3,0,0
28/09/2025,17:30:00,Barcelona,Sociedad,2,1,H,1,1,D,22,7,12,2,6,12,12,1,1,2,0,0
28/09/2025,20:00:00,Betis,Osasuna,2,0,H,2,0,H,12,12,6,1,6,7,5,5,0,1,0,0
30/09/2025,19:00:00,Valencia,Oviedo,1,2,A,1,0,H,16,10,5,4,14,12,5,4,1,4,0,1
03/10/2025,20:00:00,Osasuna,Getafe,2,1,H,1,1,D,7,6,3,2,11,14,1,6,1,4,0,0
04/10/2025,13:00:00,Oviedo,Levante,0,2,A,0,1,A,13,14,2,5,10,10,9,3,2,2,0,0
04/10/2025,15:15:00,Girona,Valencia,2,1,H,1,0,H,4,19,4,6,13,12,0,7,5,1,2,0
04/10/2025,17:30:00,Ath Bilbao,Mallorca,2,1,H,1,0,H,18,7,5,2,16,13,7,2,5,6,0,1
04/10/2025,20:00:00,Real Madrid,Villarreal,3,1,H,0,0,D,26,9,7,2,9,14,4,0,2,4,0,1
05/10/2025,13:00:00,Alaves,Elche,3,1,H,0,0,D,25,6,5,3,13,9,14,4,3,1,0,1
05/10/2025,15:15:00,Sevilla,Barcelona,4,1,H,2,1,H,13,17,5,8,18,9,7,6,7,5,0,0
05/10/2025,17:30:00,Espanol,Betis,1,2,A,1,0,H,14,12,5,3,16,4,10,5,2,6,0,0
05/10/2025,17:30:00,Sociedad,Vallecano,0,1,A,0,0,D,10,7,3,2,13,21,7,5,1,2,0,0
05/10/2025,20:00:00,Celta,Ath Madrid,1,1,D,0,1,A,18,6,4,1,7,10,6,3,1,3,0,1
17/10/2025,20:00:00,Oviedo,Espanol,0,2,A,0,0,D,13,19,4,10,9,8,3,5,2,1,0,0
18/10/2025,13:00:00,Sevilla,Mallorca,1,3,A,1,0,H,13,7,4,6,16,13,9,2,2,1,0,0
18/10/2025,15:15:00,Barcelona,Girona,2,1,H,1,1,D,27,11,9,4,10,7,11,5,1,2,0,0
18/10/2025,17:30:00,Villarreal,Betis,2,2,D,1,0,H,7,16,3,3,13,10,5,6,1,1,0,0
18/10/2025,20:00:00,Ath Madrid,Osasuna,1,0,H,0,0,D,18,9,9,2,10,11,4,2,1,3,0,0
19/10/2025,13:00:00,Elche,Ath Bilbao,0,0,D,0,0,D,15,4,5,1,14,20,6,2,2,3,0,0
19/10/2025,15:15:00,Celta,Sociedad,1,1,D,1,0,H,4,17,1,7,10,20,1,10,4,3,1,0
19/10/2025,17:30:00,Levante,Vallecano,0,3,A,0,2,A,17,10,4,5,6,18,11,4,0,1,0,0
19/10/2025,20:00:00,Getafe,Real Madrid,0,1,A,0,0,D,7,23,1,10,27,11,1,4,4,1,2,0
20/10/2025,20:00:00,Alaves,Valencia,0,0,D,0,0,D,13,5,3,2,13,20,7,0,1,2,0,0
24/10/2025,20:00:00,Sociedad,Sevilla,2,1,H,2,1,H,5,6,3,1,19,14,1,9,1,3,0,0
25/10/2025,13:00:00,Girona,Oviedo,3,3,D,0,1,A,8,10,6,5,13,16,11,4,4,3,0,0
25/10/2025,15:15:00,Espanol,Elche,1,0,H,0,0,D,16,13,7,4,14,15,4,2,4,2,0,0
25/10/2025,17:30:00,Ath Bilbao,Getafe,0,1,A,0,0,D,7,8,4,3,15,14,1,5,1,3,0,0
25/10/2025,20:00:00,Valencia,Villarreal,0,2,A,0,1,A,15,12,3,5,13,14,7,5,2,4,0,0
26/10/2025,13:00:00,Mallorca,Levante,1,1,D,0,1,A,20,13,4,5,8,13,5,4,3,2,0,0
26/10/2025,15:15:00,Real Madrid,Barcelona,2,1,H,2,1,H,23,15,10,6,12,9,12,4,5,5,1,1
26/10/2025,17:30:00,Osasuna,Celta,2,3,A,2,1,H,17,11,7,5,10,13,6,2,3,4,0,0
26/10/2025,20:00:00,Vallecano,Alaves,1,0,H,0,0,D,15,12,5,2,13,11,7,5,1,3,0,0
27/10/2025,20:00:00,Betis,Ath Madrid,0,2,A,0,2,A,17,9,5,4,9,18,2,5,2,1,0,0
31/10/2025,20:00:00,Getafe,Girona,2,1,H,0,0,D,12,8,4,4,17,15,8,3,1,1,0,0
01/11/2025,13:00:00,Villarreal,Vallecano,4,0,H,1,0,H,16,13,7,3,7,11,3,5,1,1,0,0
01/11/2025,15:15:00,Ath Madrid,Sevilla,3,0,H,0,0,D,15,10,6,2,9,12,9,4,0,3,0,0
01/11/2025,17:30:00,Sociedad,Ath Bilbao,3,2,H,1,1,D,9,11,5,4,20,8,6,2,2,3,0,0
01/11/2025,20:00:00,Real Madrid,Valencia,4,0,H,3,0,H,21,4,11,1,14,7,7,1,1,1,0,0
02/11/2025,13:00:00,Levante,Celta,1,2,A,0,1,A,9,20,3,6,10,12,4,4,2,3,1,0
02/11/2025,15:15:00,Alaves,Espanol,2,1,H,2,0,H,13,18,4,2,14,12,1,6,4,2,1,0
02/11/2025,17:30:00,Barcelona,Elche,3,1,H,2,1,H,17,9,5,3,12,16,6,3,0,1,0,0
02/11/2025,20:00:00,Betis,Mallorca,3,0,H,3,0,H,15,14,8,1,9,8,4,5,0,3,0,0
03/11/2025,20:00:00,Oviedo,Osasuna,0,0,D,0,0,D,8,11,2,5,17,17,4,2,3,1,0,0
07/11/2025,20:00:00,Elche,Sociedad,1,1,D,0,0,D,12,13,3,5,14,15,1,3,1,3,0,0
08/11/2025,13:00:00,Girona,Alaves,1,0,H,1,0,H,10,14,2,5,9,15,6,1,0,3,0,0
08/11/2025,15:15:00,Sevilla,Osasuna,1,0,H,0,0,D,10,9,4,3,21,13,5,6,5,3,0,0
08/11/2025,17:30:00,Ath Madrid,Levante,3,1,H,1,1,D,25,6,10,3,5,6,21,4,3,1,0,0
08/11/2025,20:00:00,Espanol,Villarreal,0,2,A,0,1,A,14,9,3,3,9,9,4,2,0,2,0,0
09/11/2025,13:00:00,Ath Bilbao,Oviedo,1,0,H,1,0,H,21,5,7,2,12,8,7,4,1,1,0,0
09/11/2025,15:15:00,Vallecano,Real Madrid,0,0,D,0,0,D,13,21,2,5,17,7,5,8,3,2,0,0
09/11/2025,17:30:00,Mallorca,Getafe,1,0,H,1,0,H,6,14,4,3,15,8,1,14,0,2,0,0
09/11/2025,17:30:00,Valencia,Betis,1,1,D,0,0,D,17,9,4,2,13,10,7,2,3,3,0,0
09/11/2025,20:00:00,Celta,Barcelona,2,4,A,2,3,A,5,21,3,9,13,10,2,5,1,5,0,1
21/11/2025,20:00:00,Valencia,Levante,1,0,H,0,0,D,14,8,3,1,16,15,7,0,4,3,0,0
22/11/2025,13:00:00,Alaves,Celta,0,1,A,0,0,D,5,7,2,4,21,15,4,2,2,2,0,0
22/11/2025,15:15:00,Barcelona,Ath Bilbao,4,0,H,2,0,H,19,13,7,2,9,9,5,7,0,2,0,1
22/11/2025,17:30:00,Osasuna,Sociedad,1,3,A,1,0,H,14,19,4,9,13,7,3,3,3,2,1,0
22/11/2025,20:00:00,Villarreal,Mallorca,2,1,H,1,1,D,14,9,7,3,17,8,3,1,2,2,0,0
23/11/2025,13:00:00,Oviedo,Vallecano,0,0,D,0,0,D,8,11,3,3,11,13,5,6,1,2,1,1
23/11/2025,15:15:00,Betis,Girona,1,1,D,0,1,A,23,11,7,4,10,16,8,0,3,4,1,0
23/11/2025,17:30:00,Getafe,Ath Madrid,0,1,A,0,0,D,9,13,1,6,9,17,6,7,2,3,0,0
23/11/2025,20:00:00,Elche,Real Madrid,2,2,D,0,0,D,15,20,6,7,10,8,2,8,4,0,1,0
24/11/2025,20:00:00,Espanol,Sevilla,2,1,H,0,0,D,8,22,5,6,18,7,4,13,4,1,0,0
28/11/2025,20:00:00,Getafe,Elche,1,0,H,0,0,D,15,9,6,4,18,11,3,5,2,2,0,0
29/11/2025,13:00:00,Mallorca,Osasuna,2,2,D,0,0,D,7,14,4,2,10,15,2,8,3,4,0,0
29/11/2025,15:15:00,Barcelona,Alaves,3,1,H,2,1,H,18,9,6,2,10,17,5,4,2,3,0,0
29/11/2025,17:30:00,Levante,Ath Bilbao,0,2,A,0,2,A,11,14,4,4,11,19,4,2,3,2,0,0
29/11/2025,20:00:00,Ath Madrid,Oviedo,2,0,H,2,0,H,14,12,8,1,5,8,7,2,0,1,0,0
30/11/2025,13:00:00,Sociedad,Villarreal,2,3,A,0,1,A,18,10,7,5,15,18,8,2,3,7,0,0
30/11/2025,15:15:00,Sevilla,Betis,0,2,A,0,0,D,9,9,3,4,14,22,6,4,2,3,1,0
30/11/2025,17:30:00,Celta,Espanol,0,1,A,0,0,D,11,9,4,2,12,15,4,3,1,2,0,0
30/11/2025,20:00:00,Girona,Real Madrid,1,1,D,1,0,H,10,25,4,4,9,13,2,5,3,0,0,0
01/12/2025,20:00:00,Vallecano,Valencia,1,1,D,1,0,H,19,10,7,2,11,9,10,5,1,1,0,0
02/12/2025,20:00:00,Barcelona,Ath Madrid,3,1,H,1,1,D,19,7,6,2,12,9,5,4,1,1,0,0
03/12/2025,18:00:00,Ath Bilbao,Real Madrid,0,3,A,0,2,A,9,13,4,8,15,4,5,7,2,0,0,0
05/12/2025,20:00:00,Oviedo,Mallorca,0,0,D,0,0,D,15,13,3,6,14,12,8,5,2,1,2,0
06/12/2025,13:00:00,Villarreal,Getafe,2,0,H,1,0,H,10,6,5,0,19,15,5,3,2,4,0,1
06/12/2025,15:15:00,Alaves,Sociedad,1,0,H,1,0,H,14,10,3,1,20,16,5,8,2,2,0,0
06/12/2025,17:30:00,Betis,Barcelona,3,5,A,1,4,A,17,16,5,8,14,9,7,7,5,2,0,0
06/12/2025,20:00:00,Ath Bilbao,Ath Madrid,1,0,H,0,0,D,14,7,3,3,9,12,5,6,3,2,0,0
07/12/2025,13:00:00,Elche,Girona,3,0,H,1,0,H,11,8,6,4,18,13,2,2,0,3,0,0
07/12/2025,15:15:00,Valencia,Sevilla,1,1,D,0,0,D,11,4,3,1,12,18,2,2,3,6,0,0
07/12/2025,17:30:00,Espanol,Vallecano,1,0,H,1,0,H,9,6,2,2,19,22,6,2,4,8,1,1
07/12/2025,20:00:00,Real Madrid,Celta,0,2,A,0,0,D,23,7,7,5,6,12,8,1,6,1,3,0
08/12/2025,20:00:00,Osasuna,Levante,2,0,H,2,0,H,14,11,6,5,15,7,3,3,2,2,0,0
12/12/2025,20:00:00,Sociedad,Girona,1,2,A,1,0,H,9,14,4,3,20,5,4,3,1,2,0,0
13/12/2025,13:00:00,Ath Madrid,Valencia,2,1,H,1,0,H,10,13,6,2,13,11,5,7,3,1,0,0
13/12/2025,15:15:00,Mallorca,Elche,3,1,H,1,1,D,15,9,8,0,13,13,1,1,3,0,0,0
13/12/2025,17:30:00,Barcelona,Osasuna,2,0,H,0,0,D,24,3,7,2,5,8,14,1,0,3,0,0
13/12/2025,20:00:00,Getafe,Espanol,0,1,A,0,0,D,11,6,1,4,18,17,6,4,5,1,0,0
14/12/2025,13:00:00,Sevilla,Oviedo,4,0,H,2,0,H,13,5,7,1,11,12,5,3,1,2,0,1
14/12/2025,15:15:00,Celta,Ath Bilbao,2,0,H,0,0,D,5,14,2,2,11,13,1,4,3,2,0,0
14/12/2025,20:00:00,Alaves,Real Madrid,1,2,A,0,1,A,6,13,2,6,12,13,5,7,3,1,0,0
15/12/2025,20:00:00,Vallecano,Betis,0,0,D,0,0,D,23,13,7,6,10,7,8,3,4,1,0,0
19/12/2025,20:00:00,Valencia,Mallorca,1,1,D,0,1,A,17,4,2,2,10,12,12,3,2,3,0,0
20/12/2025,13:00:00,Oviedo,Celta,0,0,D,0,0,D,10,6,3,2,14,7,4,3,2,1,0,0
20/12/2025,15:15:00,Levante,Sociedad,1,1,D,0,1,A,13,18,3,6,16,13,7,10,6,2,0,0
20/12/2025,17:30:00,Osasuna,Alaves,3,0,H,0,0,D,16,7,7,3,16,11,9,0,2,2,0,0
20/12/2025,20:00:00,Real Madrid,Sevilla,2,0,H,1,0,H,18,14,8,5,13,19,6,5,2,5,0,1
21/12/2025,13:00:00,Girona,Ath Madrid,0,3,A,0,2,A,9,14,2,6,7,14,3,4,2,0,0,0
21/12/2025,15:15:00,Villarreal,Barcelona,0,2,A,0,1,A,14,19,5,5,10,8,5,10,1,1,1,0
21/12/2025,17:30:00,Elche,Vallecano,4,0,H,1,0,H,18,18,6,8,15,11,4,5,2,3,0,0
21/12/2025,20:00:00,Betis,Getafe,4,0,H,1,0,H,19,15,8,3,13,12,7,5,0,1,0,0
22/12/2025,20:00:00,Ath Bilbao,Espanol,1,2,A,1,1,D,17,10,7,5,10,9,8,4,5,2,0,0
02/01/2026,20:00:00,Vallecano,Getafe,1,1,D,1,0,H,13,12,4,4,13,10,3,2,3,4,0,0
03/01/2026,13:00:00,Celta,Valencia,4,1,H,1,0,H,12,16,6,5,10,9,2,4,1,3,0,0
03/01/2026,15:15:00,Osasuna,Ath Bilbao,1,1,D,1,0,H,11,16,4,6,12,19,1,9,3,3,0,0
03/01/2026,17:30:00,Elche,Villarreal,1,3,A,1,2,A,15,12,2,4,8,11,6,2,3,3,0,0
03/01/2026,20:00:00,Espanol,Barcelona,0,2,A,0,0,D,14,15,7,6,10,14,5,7,1,0,0,0
04/01/2026,13:00:00,Sevilla,Levante,0,3,A,0,1,A,15,6,7,4,16,10,5,1,3,4,0,0
04/01/2026,15:15:00,Real Madrid,Betis,5,1,H,1,0,H,19,13,9,5,10,12,5,8,1,1,0,0
04/01/2026,17:30:00,Alaves,Oviedo,1,1,D,0,0,D,18,18,7,6,11,20,6,7,3,3,1,1
04/01/2026,17:30:00,Mallorca,Girona,1,2,A,0,1,A,9,9,2,4,10,14,3,6,2,1,0,0
04/01/2026,20:00:00,Sociedad,Ath Madrid,1,1,D,0,0,D,18,10,8,2,11,13,6,6,3,2,0,0
09/01/2026,20:00:00,Getafe,Sociedad,1,2,A,0,1,A,6,12,3,5,17,17,2,4,2,1,0,0
10/01/2026,13:00:00,Oviedo,Betis,1,1,D,0,0,D,13,15,3,6,15,8,5,2,3,1,0,0
10/01/2026,15:15:00,Villarreal,Alaves,3,1,H,0,0,D,11,16,4,5,10,14,1,6,0,2,0,0
10/01/2026,17:30:00,Girona,Osasuna,1,0,H,1,0,H,8,13,4,1,14,13,2,1,2,6,1,0
10/01/2026,20:00:00,Valencia,Elche,1,1,D,0,0,D,16,5,4,1,14,14,8,6,2,3,0,0
11/01/2026,13:00:00,Vallecano,Mallorca,2,1,H,2,1,H,14,9,5,2,14,14,6,5,1,5,1,0
11/01/2026,15:15:00,Levante,Espanol,1,1,D,0,0,D,8,19,2,3,10,9,4,3,0,1,0,0
12/01/2026,20:00:00,Sevilla,Celta,0,1,A,0,0,D,7,9,2,7,16,16,6,1,3,3,0,0
16/01/2026,20:00:00,Espanol,Girona,0,2,A,0,1,A,14,7,2,4,17,17,5,4,5,5,0,0
17/01/2026,13:00:00,Real Madrid,Levante,2,0,H,0,0,D,26,10,11,0,12,14,8,0,2,1,0,0
17/01/2026,15:15:00,Mallorca,Ath Bilbao,3,2,H,2,2,D,18,21,9,11,10,10,3,7,1,5,0,2
17/01/2026,17:30:00,Osasuna,Oviedo,3,2,H,1,1,D,16,13,5,5,14,15,3,6,1,4,1,0
17/01/2026,20:00:00,Betis,Villarreal,2,0,H,0,0,D,15,9,6,3,14,13,2,3,3,2,0,1
18/01/2026,13:00:00,Getafe,Valencia,0,1,A,0,0,D,14,7,3,1,8,18,9,3,2,3,0,1
18/01/2026,15:15:00,Ath Madrid,Alaves,1,0,H,0,0,D,23,8,6,0,13,5,6,6,1,1,0,0
18/01/2026,17:30:00,Celta,Vallecano,3,0,H,1,0,H,11,14,7,3,7,14,5,7,4,3,0,1
18/01/2026,20:00:00,Sociedad,Barcelona,2,1,H,1,0,H,8,25,6,9,13,8,6,8,3,3,1,0
19/01/2026,20:00:00,Elche,Sevilla,2,2,D,1,0,H,10,25,5,8,11,12,9,7,3,1,0,0
23/01/2026,20:00:00,Levante,Elche,3,2,H,0,1,A,26,6,6,3,13,13,9,1,2,3,0,0
24/01/2026,13:00:00,Vallecano,Osasuna,1,3,A,0,1,A,11,14,4,5,12,15,4,3,2,2,0,0
24/01/2026,15:15:00,Valencia,Espanol,3,2,H,1,0,H,10,16,5,6,13,10,2,7,1,5,0,0
24/01/2026,17:30:00,Sevilla,Ath Bilbao,2,1,H,1,1,D,10,15,7,3,16,12,5,5,2,1,0,0
24/01/2026,20:00:00,Villarreal,Real Madrid,0,2,A,0,0,D,8,14,1,4,19,10,6,6,3,1,0,0
25/01/2026,13:00:00,Ath Madrid,Mallorca,3,0,H,1,0,H,17,6,8,1,10,7,10,3,2,1,0,0
25/01/2026,15:15:00,Barcelona,Oviedo,3,0,H,0,0,D,15,12,7,3,8,21,10,1,1,2,0,0
25/01/2026,17:30:00,Sociedad,Celta,3,1,H,1,0,H,10,17,4,4,7,13,2,9,1,1,1,0
25/01/2026,20:00:00,Alaves,Betis,2,1,H,1,0,H,17,18,9,4,17,11,6,4,1,1,0,0
26/01/2026,20:00:00,Girona,Getafe,1,1,D,0,0,D,12,8,4,2,13,15,3,4,5,3,0,0
30/01/2026,20:00:00,Espanol,Alaves,1,2,A,1,1,D,10,11,3,7,15,15,4,2,0,1,0,0
31/01/2026,13:00:00,Oviedo,Girona,1,0,H,0,0,D,8,9,4,1,12,16,4,4,1,1,0,0
31/01/2026,15:15:00,Osasuna,Villarreal,2,2,D,2,1,H,15,5,5,4,15,7,6,2,2,2,0,0
31/01/2026,17:30:00,Levante,Ath Madrid,0,0,D,0,0,D,10,10,2,4,11,12,4,7,2,1,0,0
31/01/2026,20:00:00,Elche,Barcelona,1,3,A,1,2,A,9,30,3,8,15,9,2,8,2,1,0,0
01/02/2026,13:00:00,Real Madrid,Vallecano,2,1,H,1,0,H,16,11,6,4,6,18,9,4,2,8,0,2
01/02/2026,15:15:00,Betis,Valencia,2,1,H,1,1,D,14,15,2,4,15,13,3,5,0,4,0,0
01/02/2026,17:30:00,Getafe,Celta,0,0,D,0,0,D,9,5,2,1,16,14,5,3,1,2,0,0
01/02/2026,20:00:00,Ath Bilbao,Sociedad,1,1,D,0,1,A,19,9,4,6,14,14,6,3,4,2,0,1
02/02/2026,20:00:00,Mallorca,Sevilla,4,1,H,1,1,D,11,15,7,5,16,8,4,8,1,1,0,0
06/02/2026,20:00:00,Celta,Osasuna,1,2,A,0,1,A,18,8,4,2,9,14,7,3,2,2,0,0
07/02/2026,15:15:00,Barcelona,Mallorca,3,0,H,1,0,H,24,9,7,4,7,9,12,3,0,0,0,0
07/02/2026,20:00:00,Sociedad,Elche,3,1,H,2,1,H,11,11,3,5,14,8,2,4,0,4,0,0
08/02/2026,13:00:00,Alaves,Getafe,0,2,A,0,0,D,13,17,5,5,20,20,6,3,2,5,0,0
08/02/2026,15:15:00,Ath Bilbao,Levante,4,2,H,2,0,H,22,6,7,3,17,10,4,3,2,1,0,1
08/02/2026,15:15:00,Sevilla,Girona,1,1,D,0,1,A,11,15,3,6,16,13,5,7,3,3,0,0
08/02/2026,17:30:00,Ath Madrid,Betis,0,1,A,0,1,A,10,8,5,4,12,3,7,3,3,1,0,0
08/02/2026,20:00:00,Valencia,Real Madrid,0,2,A,0,0,D,7,11,0,6,10,13,5,8,1,1,0,0
09/02/2026,20:00:00,Villarreal,Espanol,4,1,H,2,0,H,10,9,3,2,18,11,5,8,3,3,0,0
13/02/2026,20:00:00,Elche,Osasuna,0,0,D,0,0,D,17,6,5,2,13,18,10,3,2,4,0,0
14/02/2026,13:00:00,Espanol,Celta,2,2,D,0,1,A,9,14,3,5,9,11,2,2,1,0,0,0
14/02/2026,15:15:00,Getafe,Villarreal,2,1,H,1,0,H,5,8,2,2,21,17,3,4,2,3,0,0
14/02/2026,17:30:00,Sevilla,Alaves,1,1,D,1,0,H,4,12,2,1,16,13,0,3,5,0,2,0
14/02/2026,20:00:00,Real Madrid,Sociedad,4,1,H,3,1,H,11,13,5,3,10,9,4,6,1,1,0,0
15/02/2026,13:00:00,Oviedo,Ath Bilbao,1,2,A,1,0,H,7,13,1,4,8,20,2,3,2,3,0,0
15/02/2026,15:15:00,Vallecano,Ath Madrid,3,0,H,2,0,H,13,9,9,3,10,13,4,8,1,3,0,0
15/02/2026,17:30:00,Levante,Valencia,0,2,A,0,0,D,9,5,1,2,11,10,3,2,3,2,1,0
15/02/2026,20:00:00,Mallorca,Betis,1,2,A,0,2,A,14,17,3,8,16,10,7,3,4,3,0,0
16/02/2026,20:00:00,Girona,Barcelona,2,1,H,0,0,D,13,27,9,4,10,6,3,7,1,2,1,0
18/02/2026,19:00:00,Levante,Villarreal,0,1,A,0,0,D,16,15,4,6,13,20,3,2,3,4,0,0
20/02/2026,20:00:00,Ath Bilbao,Elche,2,1,H,0,0,D,18,2,8,2,18,9,4,1,3,3,0,0
21/02/2026,13:00:00,Sociedad,Oviedo,3,3,D,0,0,D,15,14,8,6,13,16,7,6,2,1,0,0
21/02/2026,15:15:00,Betis,Vallecano,1,1,D,1,1,D,14,12,3,3,14,13,3,5,4,3,0,0
21/02/2026,17:30:00,Osasuna,Real Madrid,2,1,H,1,0,H,13,15,2,5,19,10,3,7,2,4,0,0
21/02/2026,20:00:00,Ath Madrid,Espanol,4,2,H,1,1,D,18,8,9,2,8,10,5,3,0,1,0,0
22/02/2026,13:00:00,Getafe,Sevilla,0,1,A,0,0,D,6,6,3,1,5,18,2,2,1,1,1,0
22/02/2026,15:15:00,Barcelona,Levante,3,0,H,2,0,H,22,5,9,2,12,10,13,6,2,1,0,0
22/02/2026,17:30:00,Celta,Mallorca,2,0,H,0,0,D,20,1,7,0,11,10,7,2,1,5,0,0
22/02/2026,20:00:00,Villarreal,Valencia,2,1,H,2,1,H,12,8,5,3,7,16,5,4,2,4,0,0
23/02/2026,20:00:00,Alaves,Girona,2,2,D,1,1,D,17,10,6,5,18,6,7,6,2,2,0,0
27/02/2026,20:00:00,Levante,Alaves,2,0,H,0,0,D,22,17,5,7,14,16,10,6,1,6,0,1
28/02/2026,13:00:00,Vallecano,Ath Bilbao,1,1,D,1,0,H,15,8,7,2,8,17,5,4,2,3,0,0
28/02/2026,15:15:00,Barcelona,Villarreal,4,1,H,2,0,H,19,6,8,1,11,9,3,2,2,1,0,0
28/02/2026,17:30:00,Mallorca,Sociedad,0,1,A,0,1,A,6,12,1,2,6,22,3,7,0,2,0,0
28/02/2026,20:00:00,Oviedo,Ath Madrid,0,1,A,0,0,D,16,12,6,1,12,6,8,3,2,2,0,0
01/03/2026,13:00:00,Elche,Espanol,2,2,D,1,1,D,17,9,9,4,14,23,3,1,1,6,0,1
01/03/2026,15:15:00,Valencia,Osasuna,1,0,H,0,0,D,14,8,1,0,14,13,5,4,3,3,0,0
01/03/2026,17:30:00,Betis,Sevilla,2,2,D,2,0,H,9,14,2,6,12,15,4,3,3,3,0,0
01/03/2026,20:00:00,Girona,Celta,1,2,A,1,0,H,15,7,7,5,9,8,10,6,2,2,0,0
02/03/2026,20:00:00,Real Madrid,Getafe,0,1,A,0,1,A,18,9,7,3,11,17,10,2,4,6,1,1
04/03/2026,18:00:00,Vallecano,Oviedo,3,0,H,1,0,H,19,8,7,2,10,10,12,2,0,2,0,0
06/03/2026,20:00:00,Celta,Real Madrid,1,2,A,1,1,D,8,14,4,3,4,12,1,6,1,2,0,0
07/03/2026,13:00:00,Osasuna,Mallorca,2,2,D,0,1,A,22,8,5,4,11,12,8,0,2,5,1,1
07/03/2026,15:15:00,Levante,Girona,1,1,D,0,0,D,14,22,4,5,15,9,2,3,2,2,1,0
07/03/2026,17:30:00,Ath Madrid,Sociedad,3,2,H,1,1,D,24,7,9,3,6,10,8,1,1,1,0,0
07/03/2026,20:00:00,Ath Bilbao,Barcelona,0,1,A,0,0,D,10,7,3,2,11,9,2,4,2,1,0,0
08/03/2026,13:00:00,Villarreal,Elche,2,1,H,2,0,H,16,13,7,6,11,16,4,6,1,2,0,0
08/03/2026,15:15:00,Getafe,Betis,2,0,H,2,0,H,9,14,5,5,19,8,3,8,3,2,0,0
08/03/2026,17:30:00,Sevilla,Vallecano,1,1,D,1,0,H,11,9,2,2,13,15,6,2,1,3,0,0
08/03/2026,20:00:00,Valencia,Alaves,3,2,H,0,1,A,19,10,8,4,9,17,10,2,1,6,0,2
09/03/2026,20:00:00,Espanol,Oviedo,1,1,D,1,1,D,28,6,9,3,19,13,8,0,3,2,0,0
13/03/2026,20:00:00,Alaves,Villarreal,1,1,D,1,0,H,8,10,0,4,19,11,5,2,4,1,0,0
14/03/2026,13:00:00,Girona,Ath Bilbao,3,0,H,1,0,H,14,20,6,9,8,16,2,9,0,2,0,0
14/03/2026,15:15:00,Ath Madrid,Getafe,1,0,H,1,0,H,16,7,5,3,11,11,10,3,3,3,0,1
14/03/2026,17:30:00,Oviedo,Valencia,1,0,H,1,0,H,11,13,6,2,12,11,4,7,3,2,0,0
14/03/2026,20:00:00,Real Madrid,Elche,4,1,H,2,0,H,14,11,6,1,11,21,5,4,1,3,0,0
15/03/2026,13:00:00,Mallorca,Espanol,2,1,H,0,1,A,26,10,12,2,11,14,5,6,3,3,0,1
15/03/2026,15:15:00,Barcelona,Sevilla,5,2,H,3,1,H,13,8,8,4,5,14,3,4,0,1,0,0
15/03/2026,17:30:00,Betis,Celta,1,1,D,0,1,A,19,7,6,3,11,16,3,4,2,3,0,0
15/03/2026,20:00:00,Sociedad,Osasuna,3,1,H,2,0,H,14,13,6,5,16,11,3,5,3,0,0,0
16/03/2026,20:00:00,Vallecano,Levante,1,1,D,0,1,A,18,19,4,5,10,13,5,6,3,5,1,0
20/03/2026,20:00:00,Villarreal,Sociedad,3,1,H,3,0,H,21,11,10,4,10,11,4,5,0,2,0,0
21/03/2026,13:00:00,Elche,Mallorca,2,1,H,0,0,D,13,11,4,4,12,11,2,2,2,2,0,0
21/03/2026,15:15:00,Espanol,Getafe,1,2,A,0,2,A,15,10,5,5,14,20,12,9,2,7,0,0
21/03/2026,17:30:00,Levante,Oviedo,4,2,H,2,2,D,20,10,8,2,17,18,3,1,2,3,0,0
21/03/2026,17:30:00,Osasuna,Girona,1,0,H,0,0,D,19,5,11,0,18,7,6,2,2,1,0,0
21/03/2026,20:00:00,Sevilla,Valencia,0,2,A,0,2,A,13,9,2,4,13,6,1,3,2,1,0,0
22/03/2026,13:00:00,Barcelona,Vallecano,1,0,H,1,0,H,15,8,4,4,12,11,6,9,3,4,0,0
22/03/2026,15:15:00,Celta,Alaves,3,4,A,3,1,H,12,14,5,6,13,16,4,1,2,2,0,0
22/03/2026,17:30:00,Ath Bilbao,Betis,2,1,H,2,0,H,11,11,6,3,10,6,6,5,1,1,0,0
22/03/2026,20:00:00,Real Madrid,Ath Madrid,3,2,H,0,1,A,17,13,10,7,2,15,4,1,1,4,1,0
03/04/2026,20:00:00,Vallecano,Elche,1,0,H,0,0,D,21,9,5,4,17,9,9,4,0,4,0,1
04/04/2026,13:00:00,Sociedad,Levante,2,0,H,1,0,H,18,8,5,4,11,15,11,5,2,3,0,0
04/04/2026,15:15:00,Mallorca,Real Madrid,2,1,H,1,0,H,6,15,2,6,16,13,6,4,3,2,0,0
04/04/2026,17:30:00,Betis,Espanol,0,0,D,0,0,D,19,8,6,1,12,18,4,3,1,3,0,0
04/04/2026,20:00:00,Ath Madrid,Barcelona,1,2,A,1,1,D,6,22,2,8,15,11,1,9,6,2,1,0
05/04/2026,13:00:00,Getafe,Ath Bilbao,2,0,H,1,0,H,10,5,6,0,11,11,4,3,3,1,0,0
05/04/2026,15:15:00,Valencia,Celta,2,3,A,1,0,H,13,9,4,5,14,21,6,0,1,3,0,0
05/04/2026,17:30:00,Oviedo,Sevilla,1,0,H,1,0,H,7,9,4,0,11,12,5,9,5,3,0,1
05/04/2026,20:00:00,Alaves,Osasuna,2,2,D,1,1,D,18,8,6,5,7,17,7,1,2,5,0,0
06/04/2026,20:00:00,Girona,Villarreal,1,0,H,1,0,H,10,9,2,0,8,9,7,4,2,2,0,0
10/04/2026,20:00:00,Real Madrid,Girona,1,1,D,0,0,D,22,10,9,2,9,13,10,1,2,1,0,0
11/04/2026,13:00:00,Sociedad,Alaves,3,3,D,2,2,D,12,12,4,2,11,18,9,5,2,4,1,0
11/04/2026,15:15:00,Elche,Valencia,1,0,H,0,0,D,8,22,2,8,15,18,5,9,1,1,0,0
11/04/2026,17:30:00,Barcelona,Espanol,4,1,H,2,0,H,20,10,10,2,10,18,7,5,3,6,0,0
11/04/2026,20:00:00,Sevilla,Ath Madrid,2,1,H,2,1,H,11,13,2,2,7,12,6,6,4,4,0,0
12/04/2026,13:00:00,Osasuna,Betis,1,1,D,1,1,D,12,8,4,3,14,12,6,3,3,4,0,0
12/04/2026,15:15:00,Mallorca,Vallecano,3,0,H,2,0,H,12,17,4,3,13,11,6,7,1,4,0,0
12/04/2026,17:30:00,Celta,Oviedo,0,3,A,0,2,A,9,8,6,5,9,13,4,1,1,2,0,0
12/04/2026,20:00:00,Ath Bilbao,Villarreal,1,2,A,0,2,A,18,12,6,6,15,8,15,3,2,3,0,0
13/04/2026,20:00:00,Levante,Getafe,1,0,H,0,0,D,22,5,4,1,12,24,8,2,2,7,0,1
21/04/2026,18:00:00,Ath Bilbao,Osasuna,1,0,H,1,0,H,7,8,2,3,12,11,5,4,3,2,1,0
21/04/2026,18:00:00,Mallorca,Valencia,1,1,D,0,0,D,20,10,8,3,9,12,7,4,0,2,0,0
21/04/2026,20:30:00,Girona,Betis,2,3,A,1,1,D,9,7,2,3,11,18,3,1,1,3,0,0
21/04/2026,20:30:00,Real Madrid,Alaves,2,1,H,1,0,H,24,19,8,5,14,12,9,6,1,1,0,0
22/04/2026,18:00:00,Elche,Ath Madrid,3,2,H,2,2,D,14,6,6,3,11,12,13,3,2,2,0,1
22/04/2026,19:00:00,Sociedad,Getafe,0,1,A,0,1,A,13,5,4,0,13,22,6,3,4,5,0,0
22/04/2026,20:30:00,Barcelona,Celta,1,0,H,1,0,H,10,6,3,3,13,10,5,3,1,1,0,0
23/04/2026,18:00:00,Levante,Sevilla,2,0,H,1,0,H,8,7,3,0,17,16,3,6,3,4,0,0
23/04/2026,19:00:00,Vallecano,Espanol,1,0,H,0,0,D,17,15,6,4,12,15,6,5,2,4,0,0
23/04/2026,20:30:00,Oviedo,Villarreal,1,1,D,0,1,A,16,7,4,3,9,11,7,0,1,1,0,0
24/04/2026,20:00:00,Betis,Real Madrid,1,1,D,0,1,A,19,12,4,8,10,8,7,6,1,2,0,0
25/04/2026,13:00:00,Alaves,Mallorca,2,1,H,0,1,A,15,4,4,2,15,14,9,4,2,1,0,0
25/04/2026,15:15:00,Getafe,Barcelona,0,2,A,0,1,A,4,13,0,4,15,8,6,3,2,2,0,0
25/04/2026,17:30:00,Valencia,Girona,2,1,H,0,0,D,12,7,3,4,22,8,4,4,2,2,0,0
25/04/2026,20:00:00,Ath Madrid,Ath Bilbao,3,2,H,0,1,A,6,12,4,4,8,12,3,4,0,0,0,0
26/04/2026,13:00:00,Vallecano,Sociedad,3,3,D,1,1,D,24,13,9,8,14,12,6,4,6,4,1,0
26/04/2026,15:15:00,Oviedo,Elche,1,2,A,0,2,A,12,4,3,4,21,14,6,1,2,0,0,1
26/04/2026,17:30:00,Osasuna,Sevilla,2,1,H,0,0,D,15,8,7,2,11,13,4,4,2,2,0,0
26/04/2026,20:00:00,Villarreal,Celta,2,1,H,2,0,H,13,9,4,3,13,16,7,5,3,6,0,0
27/04/2026,20:00:00,Espanol,Levante,0,0,D,0,0,D,9,8,3,4,12,15,4,4,3,3,1,0
01/05/2026,20:00:00,Girona,Mallorca,0,1,A,0,1,A,14,8,4,4,8,25,5,2,4,2,0,0
02/05/2026,13:00:00,Villarreal,Levante,5,1,H,1,0,H,20,12,8,3,14,7,7,3,3,1,0,0
02/05/2026,15:15:00,Valencia,Ath Madrid,0,2,A,0,0,D,12,20,0,5,9,12,1,7,1,3,0,0
02/05/2026,17:30:00,Alaves,Ath Bilbao,2,4,A,1,0,H,7,9,4,4,8,13,4,7,4,4,0,0
02/05/2026,20:00:00,Osasuna,Barcelona,1,2,A,0,0,D,9,13,4,4,9,10,3,7,2,2,0,0
03/05/2026,13:00:00,Celta,Elche,3,1,H,2,0,H,6,15,4,4,14,15,4,2,2,1,0,0
03/05/2026,15:15:00,Getafe,Vallecano,0,2,A,0,1,A,13,10,3,6,7,22,4,1,3,5,0,0
03/05/2026,17:30:00,Betis,Oviedo,3,0,H,2,0,H,10,17,5,5,9,4,5,4,0,0,0,0
03/05/2026,20:00:00,Espanol,Real Madrid,0,2,A,0,0,D,17,15,3,5,19,16,5,6,3,4,0,0
04/05/2026,20:00:00,Sevilla,Sociedad,1,0,H,0,0,D,19,6,5,0,19,11,3,3,3,1,0,0
08/05/2026,20:00:00,Levante,Osasuna,3,2,H,2,2,D,35,5,12,3,11,13,15,1,2,0,0,1
09/05/2026,13:00:00,Elche,Alaves,1,1,D,0,0,D,16,12,5,4,15,13,7,3,3,6,0,0
09/05/2026,15:15:00,Sevilla,Espanol,2,1,H,0,0,D,21,10,6,5,14,17,4,6,5,5,0,0
09/05/2026,17:30:00,Ath Madrid,Celta,0,1,A,0,0,D,20,3,4,1,11,13,10,0,1,2,0,0
09/05/2026,20:00:00,Sociedad,Betis,2,2,D,0,1,A,14,14,6,6,12,9,4,3,2,3,0,1
10/05/2026,13:00:00,Mallorca,Villarreal,1,1,D,1,1,D,18,7,8,2,17,13,5,4,2,0,0,0
10/05/2026,15:15:00,Ath Bilbao,Valencia,0,1,A,0,0,D,14,7,4,3,9,7,13,5,2,3,0,0
10/05/2026,17:30:00,Oviedo,Getafe,0,0,D,0,0,D,8,22,4,4,9,16,1,9,2,3,2,0
10/05/2026,20:00:00,Barcelona,Real Madrid,2,0,H,2,0,H,10,8,7,1,18,9,4,8,2,4,0,0
11/05/2026,20:00:00,Vallecano,Girona,1,1,D,0,0,D,18,9,5,5,10,9,9,5,1,1,0,0
12/05/2026,18:00:00,Celta,Levante,2,3,A,1,1,D,11,14,6,6,7,10,4,4,0,2,0,0
12/05/2026,19:00:00,Betis,Elche,2,1,H,1,1,D,16,8,7,2,16,13,8,1,3,3,0,1
12/05/2026,20:30:00,Osasuna,Ath Madrid,1,2,A,0,1,A,23,5,5,4,15,12,8,4,6,5,0,1
13/05/2026,18:00:00,Espanol,Ath Bilbao,2,0,H,0,0,D,12,11,5,4,9,14,8,9,0,0,0,0
13/05/2026,18:00:00,Villarreal,Sevilla,2,3,A,2,2,D,6,13,4,5,11,9,6,4,2,1,0,0
13/05/2026,20:30:00,Alaves,Barcelona,1,0,H,1,0,H,9,8,3,0,14,8,6,4,1,2,0,0
13/05/2026,20:30:00,Getafe,Mallorca,3,1,H,2,0,H,6,9,4,2,17,18,3,3,3,4,0,0
14/05/2026,18:00:00,Valencia,Vallecano,1,1,D,1,1,D,12,6,3,3,9,20,5,1,1,1,0,0
14/05/2026,19:00:00,Girona,Sociedad,1,1,D,0,1,A,29,6,4,2,13,19,6,3,2,7,0,0
14/05/2026,20:30:00,Real Madrid,Oviedo,2,0,H,1,0,H,19,9,7,1,7,14,4,5,0,0,0,0
17/05/2026,18:00:00,Ath Bilbao,Celta,1,1,D,0,1,A,27,3,9,2,14,11,5,0,2,2,0,0
17/05/2026,18:00:00,Ath Madrid,Girona,1,0,H,1,0,H,17,25,4,11,7,9,9,8,2,0,0,0
17/05/2026,18:00:00,Elche,Getafe,1,0,H,1,0,H,10,4,3,0,18,13,4,0,3,1,0,1
17/05/2026,18:00:00,Levante,Mallorca,2,0,H,1,0,H,15,8,3,3,11,15,4,6,2,0,1,1
17/05/2026,18:00:00,Osasuna,Espanol,1,2,A,0,1,A,24,7,8,3,10,13,9,2,1,2,0,0
17/05/2026,18:00:00,Oviedo,Alaves,0,1,A,0,1,A,8,7,0,1,13,18,5,2,3,1,0,0
17/05/2026,18:00:00,Sevilla,Real Madrid,0,1,A,0,1,A,14,12,6,1,18,12,4,4,4,0,0,0
17/05/2026,18:00:00,Sociedad,Valencia,3,4,A,1,2,A,8,13,3,6,13,11,3,2,4,0,0,1
17/05/2026,18:00:00,Vallecano,Villarreal,2,0,H,1,0,H,15,11,7,2,12,10,1,9,2,1,0,0
17/05/2026,20:15:00,Barcelona,Betis,3,1,H,1,0,H,15,7,9,2,7,8,6,4,1,0,0,0
23/05/2026,20:00:00,Alaves,Vallecano,1,2,A,1,0,H,19,15,11,7,13,14,10,5,3,3,0,0
23/05/2026,20:00:00,Betis,Levante,2,1,H,1,1,D,18,15,8,7,11,7,4,8,1,2,0,0
23/05/2026,20:00:00,Celta,Sevilla,1,0,H,0,0,D,12,9,3,2,11,20,4,3,1,1,0,0
23/05/2026,20:00:00,Espanol,Sociedad,1,1,D,0,1,A,17,9,8,4,11,17,3,5,1,3,0,0
23/05/2026,20:00:00,Getafe,Osasuna,1,0,H,0,0,D,6,11,3,5,17,20,2,4,1,2,0,0
23/05/2026,20:00:00,Girona,Elche,1,1,D,0,1,A,10,3,7,1,20,20,2,1,4,4,0,0
23/05/2026,20:00:00,Mallorca,Oviedo,3,0,H,1,0,H,23,7,7,0,10,8,5,5,2,1,0,0
23/05/2026,20:00:00,Real Madrid,Ath Bilbao,4,2,H,2,1,H,13,8,8,2,6,20,2,1,2,0,0,0
23/05/2026,20:00:00,Valencia,Barcelona,3,1,H,0,0,D,19,11,6,4,11,8,7,8,2,2,0,0
24/05/2026,20:00:00,Villarreal,Ath Madrid,5,1,H,4,1,H,14,9,8,4,3,12,5,9,0,1,0,0
